galaxy,outer_rule,q_est_kms2,q_best_kms2,v_est_asym_kms,v_extra_asym_kms,vobs_outer_kms,delta_q_kms2,ratio_q,delta_v_kms
CamB,lastfrac,42.98816338841357,111.33125094166726,6.556535929011109,10.551362515887096,14.7,-68.3430875532537,0.38612845023126074,-3.9948265868759867
D512-2,lastfrac,913.2354086038904,1999.6314101092967,30.219785052245,44.7172383998531,35.9,-1086.3960015054063,0.4567018721485148,-14.4974533476081
D564-8,lastfrac,386.79357131747315,723.1871106457618,19.667068193237984,26.892138454309688,21.9,-336.3935393282886,0.53484577590451,-7.2250702610717035
D631-7,rfrac,2874.305043402973,2630.732736634914,53.61254557846487,51.290669099115036,57.7,243.57230676805875,1.0925872489349195,2.3218764793498323
DDO064,rfrac,1565.3124615170698,3482.7902307492527,39.56402989480558,59.015169496912,46.4,-1917.477769232183,0.449442073110537,-19.451139602106423
DDO154,rfrac,1897.3138,2262.6552757705276,43.55816570977249,47.56737617075938,47.4,-365.3414757705277,0.838534186058849,-4.009210460986893
DDO161,rfrac,3217.9069103013444,2932.895499355024,56.726597908753035,54.1562138572761,66.6,285.0114109463202,1.0971774858698502,2.5703840514769354
DDO168,lastfrac,2178.1929067190695,3192.291108524103,46.671114264811266,56.50036379107751,52.9,-1014.0982018050336,0.6823290334966089,-9.829249526266246
DDO170,lastfrac,2632.509041743061,2753.419890339742,51.30798224197733,52.473039652184646,59.0,-120.91084859668081,0.9560870287089552,-1.165057410207318
ESO079-G014,rfrac,20213.97366,18486.41627905103,142.17585470114116,135.96476116645457,175.0,1727.5573809489688,1.0934500962691538,6.211093534686597
ESO116-G012,rfrac,9630.030581297078,9946.898754245947,98.13271921890822,99.7341403645008,110.0,-316.86817294886896,0.9681440235014346,-1.6014211455925818
ESO444-G084,lastfrac,2888.30604,5614.171628489408,53.742962702106404,74.92777608129984,58.0,-2725.8655884894083,0.5144670008560371,-21.184813379193436
ESO563-G021,rfrac,72282.96302499999,48446.31408132123,268.85491073253615,220.10523410705443,320.0,23836.64894367876,1.4920219297523218,48.749676625481726
F561-1,lastfrac,810.74873,984.644045421609,28.47364974849554,31.379038312567978,49.2,-173.89531542160898,0.8233927110713906,-2.905388564072439
F563-1,rfrac,11095.803453861088,10690.873174052653,105.33661971917026,103.39667873801679,111.5,404.93027980843544,1.037876258862674,1.9399409811534696
F563-V1,lastfrac,237.69647601601773,291.77198193865667,15.417408213315808,17.081334313766494,28.6,-54.07550592263894,0.8146651862754664,-1.663926100450686
F563-V2,lastfrac,11566.717710873529,15154.424519776228,107.54867600706913,123.10330832181656,117.0,-3587.7068089027,0.76325680963861,-15.554632314747423
F565-V2,lastfrac,4754.259722715538,8654.423965188587,68.95114011178886,93.02915653271606,73.5,-3900.164242473049,0.5493444441639321,-24.0780164209272
F567-2,lastfrac,1526.9550663196583,2057.52728503295,39.076272420993,45.35997448227843,47.6,-530.5722187132919,0.7421311383946992,-6.283702061285432
F568-1,lastfrac,14444.159070161977,14374.62947962484,120.1838552808237,119.89424289608255,130.0,69.52959053713676,1.004836965755235,0.2896123847411616
F568-3,lastfrac,8025.070132925791,11024.258653521169,89.5827557788093,104.99646971932518,107.0,-2999.1885205953777,0.7279464665283927,-15.413713940515876
F568-V1,lastfrac,11042.800545314753,12122.350551993222,105.08473031470724,110.10154654678209,112.0,-1079.5500066784698,0.9109454884967862,-5.016816232074845
F571-8,lastfrac,13894.4861,12491.708041346654,117.87487476133326,111.76630995674257,135.0,1402.7780586533463,1.112296737484598,6.108564804590685
F571-V1,lastfrac,5223.531169756055,5662.629029281939,72.27400064861537,75.25044205373108,82.5,-439.0978595258848,0.922456891091528,-2.9764414051157075
F574-1,rfrac,7789.550340937908,7687.68013046643,88.25842929113291,87.67941680044656,98.8,101.87021047147846,1.0132510989977022,0.5790124906863525
F574-2,lastfrac,94.10470288146826,130.32848962155754,9.700757850883004,11.416150385377618,30.0,-36.22378674008928,0.7220578029771203,-1.7153925344946135
F579-V1,lastfrac,9586.837122147926,11145.905990184536,97.91239514049244,105.57417293156757,114.0,-1559.0688680366093,0.860121835819396,-7.661777791075139
F583-1,lastfrac,5120.07891016573,4900.525297280667,71.55472667941461,70.0037520228785,84.7,219.55361288506356,1.0448020568339675,1.5509746565361127
F583-4,rfrac,3217.708388999229,3595.541437614467,56.72484807383118,59.96283380240186,64.4,-377.8330486152381,0.8949162302337645,-3.2379857285706777
IC2574,rfrac,2700.8669400000003,5138.163997073572,51.96986569157169,71.6809876959963,66.0,-2437.297057073572,0.5256482552013272,-19.711122004424602
IC4202,rfrac,33084.718827796525,35412.494375989816,181.89205267904512,188.1820777225871,243.0,-2327.775548193291,0.9342668290045234,-6.290025043541988
KK98-251,rfrac,712.07689,1147.7893386166124,26.68476887664572,33.87903981249487,33.3,-435.7124486166124,0.6203898799567521,-7.194270935849147
NGC0024,lastfrac,8663.767955801195,11141.019401593476,93.07936374836903,105.55102747767772,107.0,-2477.2514457922807,0.7776458906948888,-12.471663729308688
NGC0055,rfrac,5025.480980703516,3844.268113054655,70.89062688891612,62.00216216435242,86.2,1181.2128676488614,1.3072659952196388,8.888464724563697
NGC0100,rfrac,6203.306406128609,5706.957369011756,78.76107164157055,75.54440660308184,89.0,496.34903711685274,1.086972620439042,3.2166650384887134
NGC0247,rfrac,8120.308475803904,7020.2375698227515,90.11275423492451,83.78685797798335,106.0,1100.0709059811525,1.1566999542451277,6.325896256941164
NGC0289,rfrac,22564.571970569374,20873.981352262872,150.21508569570958,144.4783075491365,165.0,1690.5906183065017,1.0809903290501517,5.736778146573073
NGC0300,rfrac,7109.225394190399,7232.664468006304,84.31622260389989,85.04507315539392,93.5,-123.43907381590452,0.9829331120831144,-0.728850551494034
NGC0801,lastfrac,24974.846341666664,24665.133966609916,158.03432013859097,157.05137365400506,216.0,309.712375056748,1.0125566873253564,0.9829464845859093
NGC0891,rfrac,20015.84796875,22964.56119692136,141.4773761728355,151.54062556595628,216.0,-2948.7132281713602,0.8715972318005072,-10.06324939312077
NGC1003,rfrac,10640.499566666667,8544.936065429816,103.15279718294927,92.4388233667533,113.0,2095.563501236851,1.2452403956203788,10.713973816195974
NGC1090,rfrac,17271.13943995257,16506.260676481652,131.4197071977889,128.47669312556908,162.0,764.8787634709188,1.0463387061710911,2.9430140722198246
NGC1705,rfrac,4686.109569806081,7393.062461676485,68.45516466860686,85.98291959265215,71.5,-2706.9528918704045,0.6338522897780897,-17.527754924045297
NGC2366,rfrac,1809.5041902171959,3039.292982291463,42.5382673626606,55.12978307858161,49.4,-1229.7887920742671,0.5953701077060781,-12.591515715921012
NGC2403,rfrac,14758.252647058822,11666.238627323808,121.48354887415341,108.01036351815416,134.0,3092.014019735014,1.26503949717719,13.473185355999249
NGC2683,lastfrac,17892.270535196807,21393.528546774443,133.76199211733058,146.26526773904473,155.0,-3501.2580115776364,0.8363403211432585,-12.503275621714153
NGC2841,rfrac,65847.14310766662,64618.978002358075,256.6069817983654,254.20263177700988,288.0,1228.1651053085443,1.0190062601309438,2.404350021355498
NGC2903,rfrac,23396.266977272728,23786.408616480378,152.9583831546108,154.22842998773078,180.0,-390.14163920764986,0.9835981275905039,-1.2700468331199772
NGC2915,rfrac,6226.889989064411,6657.984613429919,78.91064560035237,81.59647427082814,85.3,-431.094624365508,0.9352514838355227,-2.6858286704757717
NGC2955,rfrac,29824.401953798104,33562.53320662114,172.69742891484546,183.20080023466366,254.0,-3738.1312528230374,0.8886218978224926,-10.5033713198182
NGC2976,rfrac,2802.0580953300155,5538.410139160995,52.93446982194131,74.42049542404965,83.9,-2736.3520438309793,0.5059318513660123,-21.486025602108334
NGC2998,lastfrac,28670.85162086496,28616.481882100477,169.32469288578366,169.16406794027057,213.0,54.36973876448246,1.0018999448984849,0.16062494551309214
NGC3109,rfrac,3430.63994090909,4423.8522505968285,58.5716650003147,66.51204590596224,66.3,-993.2123096877385,0.7754870069284654,-7.940380905647537
NGC3198,rfrac,17435.80527222222,13768.431845668107,132.04470936854008,117.33896132857197,149.0,3667.3734265541134,1.266361011018692,14.705748039968114
NGC3521,lastfrac,14920.530683660416,28091.644459824573,122.14962416503955,167.60562180256537,206.0,-13171.113776164157,0.531137673517088,-45.45599763752581
NGC3726,lastfrac,19640.68161569816,10717.133543250533,140.145216171292,103.52358930818876,167.0,8923.548072447626,1.8326431723963656,36.62162686310323
NGC3741,rfrac,2207.8972744736066,2322.8408691779287,46.988267412978814,48.195859460932205,50.1,-114.9435947043221,0.9505159409628429,-1.2075920479533906
NGC3769,lastfrac,11187.696072069028,9430.444985839407,105.77190587329429,97.1104782494629,118.0,1757.2510862296203,1.1863380878493304,8.661427623831386
NGC3877,rfrac,8511.870875011962,10490.030989803952,92.25980096993469,102.4208523192614,170.0,-1978.16011479199,0.8114247596871056,-10.161051349326712
NGC3893,lastfrac,20779.43722419302,22638.309523608827,144.15074479236318,150.46032541374097,179.0,-1858.8722994158052,0.9178882019667925,-6.3095806213777905
NGC3917,rfrac,12839.298689427736,14197.35121263642,113.31062919879908,119.15263829490483,137.0,-1358.0525232086839,0.9043446553607871,-5.842009096105755
NGC3949,lastfrac,8598.26501,16667.58841767126,92.72683004395222,129.10301475051332,161.0,-8069.3234076712615,0.5158673705239789,-36.376184706561105
NGC3953,lastfrac,20134.54998401351,24386.81311595287,141.89626486984605,156.16277762627325,223.0,-4252.263131939362,0.8256326846922978,-14.266512756427204
NGC3972,rfrac,10572.12107,10591.281623386887,102.82082021653007,102.91395252047649,130.0,-19.16055338688784,0.9981909126706083,-0.09313230394641892
NGC3992,lastfrac,42706.92574788313,43117.829992486586,206.6565405398124,207.6483325059139,242.0,-410.9042446034582,0.9904702011980877,-0.9917919661015162
NGC4010,rfrac,10101.16929,9349.377692342641,100.50457347802636,96.69218009923368,127.0,751.7915976573586,1.08041087036981,3.8123933787926774
NGC4013,rfrac,21938.851459561036,19747.93367567229,148.11769462005893,140.52734138121411,178.0,2190.9177838887445,1.1109441534426339,7.590353238844813
NGC4051,lastfrac,7300.648870000002,7884.06002698986,85.44383459325782,88.79222954172207,154.0,-583.4111569898578,0.9260011776936452,-3.3483949484642466
NGC4068,lastfrac,498.7843734903,1151.553059203065,22.333480998050888,33.93454079847059,30.4,-652.768685712765,0.4331405917461458,-11.601059800419705
NGC4085,lastfrac,4952.304729590413,7381.64130837625,70.37261349126102,85.91647867770332,130.0,-2429.3365787858365,0.6708947946266138,-15.543865186442304
NGC4088,rfrac,10694.12258,8780.67280167809,103.41239084365084,93.70524425920937,171.0,1913.4497783219085,1.2179160779064933,9.707146584441475
NGC4100,rfrac,19664.63963181818,21796.91890037901,140.23066580394666,147.63779631374553,158.0,-2132.279268560829,0.9021751983247617,-7.407130509798861
NGC4138,lastfrac,15415.48332854512,18659.28817220086,124.15910489587593,136.59900501907347,150.0,-3243.80484365574,0.8261560240819662,-12.439900123197546
NGC4157,rfrac,21713.590661260463,17452.54151332617,147.35532111620694,132.10806755579378,185.0,4261.049147934293,1.2441506381566663,15.247253560413156
NGC4183,rfrac,9123.968283333332,8535.275864399904,95.51946546821402,92.38655672986143,110.0,588.6924189334277,1.0689716921029848,3.1329087383525973
NGC4214,rfrac,5693.361574351553,7700.62667241955,75.45436749686232,87.75321459878009,80.4,-2007.2650980679973,0.7393374353210515,-12.298847101917772
NGC4217,rfrac,13419.512406494638,13695.658347472161,115.84261912825797,117.02845101714438,178.0,-276.1459409775234,0.9798369721285802,-1.1858318888864119
NGC4389,lastfrac,-3351.160634140778,4.299355507816561e-07,nan,0.0006556947085204029,83.5,-3351.1606345707132,-7794565087.832603,nan
NGC4559,rfrac,9865.799338746958,8389.15582148631,99.32673023283792,91.59233494941763,121.0,1476.643517260647,1.1760181296762502,7.734395283420284
NGC5005,rfrac,22891.55036206125,39357.28272756189,151.29953853882452,198.3866999764901,265.0,-16465.73236550064,0.5816344212714234,-47.08716143766557
NGC5033,rfrac,29281.974605916355,30570.85187169843,171.11976684742285,174.8452226161711,193.0,-1288.8772657820737,0.9578396679558911,-3.7254557687482475
NGC5055,rfrac,22339.777232601642,19920.446850623703,149.46496991804347,141.13981313089408,179.0,2419.3303819779394,1.1214496040234254,8.325156787149382
NGC5371,rfrac,19553.257149187244,16927.817470828173,139.83296159771217,130.1069462820036,208.0,2625.439678359071,1.1550961713099464,9.726015315708565
NGC5585,rfrac,6420.6461642936765,5753.043082219306,80.12893462597438,75.84881727633797,90.9,667.6030820743708,1.1160434699572657,4.280117349636413
NGC5907,rfrac,31668.703622222223,30410.755001713504,177.95702745950277,174.38679709689464,216.0,1257.9486205087196,1.0413652545107097,3.570230362608129
NGC5985,rfrac,62496.63531232685,62425.15737993142,249.99327053408228,249.85026992167013,291.0,71.47793239542807,1.0011450180567492,0.1430006124121519
NGC6015,rfrac,19827.035520238784,16857.18957563162,140.80850656206388,129.83524011466076,153.0,2969.8459446071647,1.1761768135360064,10.97326644740312
NGC6195,rfrac,25841.609599942487,23694.31279741945,160.7532568875122,153.92957089987436,254.0,2147.2968025230366,1.0906249875605971,6.823685987637845
NGC6503,rfrac,10996.095222307058,10445.66295611946,104.86226786746059,102.20402612480322,115.0,550.4322661875976,1.052694813962491,2.658241742657367
NGC6674,rfrac,47180.97593990751,44811.73807106131,217.21182274431453,211.68783165562755,242.0,2369.237868846205,1.0528709211209155,5.523991088686984
NGC6789,lastfrac,1459.9216660461168,3647.4653342850415,38.20892128870059,60.39424918222795,46.7,-2187.5436682389245,0.40025648834090527,-22.185327893527365
NGC6946,rfrac,14923.558872410307,14515.473237660584,122.16201894373843,120.48017777900473,157.0,408.0856347497229,1.0281138360471045,1.6818411647336973
NGC7331,rfrac,32851.16533857143,27191.62614994803,181.24890437895462,164.8988361085306,238.0,5659.539188623399,1.2081353706988287,16.350068270424032
NGC7793,rfrac,6731.484496849498,7626.300641697564,82.04562448326844,87.32869311799853,101.0,-894.816144848066,0.8826670771467402,-5.2830686347300855
NGC7814,rfrac,31511.63945,31882.560113101114,177.51518090011345,178.55688200991054,214.0,-370.92066310111477,0.9883660326590682,-1.0417011097970885
PGC51017,lastfrac,25.631383647139696,38.511488745732365,5.062744675286291,6.205762543453654,18.8,-12.880105098592669,0.6655516180215191,-1.1430178681673624
UGC00128,rfrac,14546.207100000001,13284.79124345088,120.60765771707865,115.25966876340952,132.0,1261.4158565491216,1.0949518764301978,5.34798895366913
UGC00191,lastfrac,4470.9706080368915,5123.061096065383,66.8653169291591,71.5755621428528,76.65,-652.0904880284916,0.8727146766745939,-4.710245213693696
UGC00634,lastfrac,8261.038672587918,9400.60772846931,90.89025620267509,96.95673121794746,107.5,-1139.5690558813913,0.8787770866738478,-6.066475015272374
UGC00731,rfrac,4116.458860000001,8093.54442331986,64.15963575333015,89.96412853643312,73.8,-3977.085563319859,0.5086101520786472,-25.804492783102972
UGC00891,lastfrac,2083.720466954676,3182.8682230960794,45.64778709811326,56.41691433511832,54.15,-1099.1477561414035,0.6546675265518135,-10.769127237005058
UGC01230,lastfrac,8787.462385026949,9399.00928495635,93.7414656650244,96.94848779097254,105.0,-611.5468999294008,0.9349349616125802,-3.2070221259481286
UGC01281,rfrac,2522.20608399855,2876.882186955294,50.22156990774532,53.63657508599234,55.7,-354.67610295674376,0.8767151103493362,-3.4150051782470214
UGC02023,lastfrac,838.9451337112615,2084.2471478215994,28.964549603114175,45.65355569746566,37.6,-1245.302014110338,0.40251710771829774,-16.689006094351488
UGC02259,lastfrac,6145.554003193403,7939.877107846856,78.39358394150253,89.10598805830536,86.0,-1794.323104653453,0.7740112245717063,-10.71240411680283
UGC02455,lastfrac,-998.4642934851988,3.461409155190849e-07,nan,0.0005883374163854318,43.8,-998.4642938313398,-2884560156.6283116,nan
UGC02487,rfrac,88679.73904957727,90732.07196842098,297.79143548728405,301.2176488329012,330.0,-2052.3329188437056,0.9773802926096737,-3.426213345617157
UGC02885,rfrac,64382.675080401954,56613.41899226826,253.73741363938026,237.93574551182564,298.0,7769.25608813369,1.1372334726718192,15.80166812755462
UGC02916,rfrac,18873.29421101302,29318.25534810473,137.38010849833034,171.22574382406614,185.0,-10444.961137091708,0.6437386531676101,-33.8456353257358
UGC02953,rfrac,55195.06690150065,53797.755468831034,234.93630392406502,231.94343161389813,266.0,1397.311432669616,1.0259734150708049,2.992872310166888
UGC03205,rfrac,32242.55949064766,30799.787646110075,179.56213267459168,175.4986827475069,212.0,1442.7718445375867,1.046843564673726,4.0634499270847755
UGC03546,rfrac,23924.010382555163,20914.75350960222,154.67388397061464,144.61934002616047,192.0,3009.256872952945,1.1438820147496052,10.054543944454167
UGC03580,rfrac,12898.222458543085,8861.118749114408,113.57034145648716,94.1335155463473,127.0,4037.1037094286767,1.4555975180709715,19.43682591013986
UGC04278,rfrac,5838.6276068108555,5264.850349481743,76.4109128777484,72.55928851278617,90.2,573.7772573291122,1.1089826337391704,3.851624364962234
UGC04305,rfrac,27.24257714209368,210.56628523796354,5.219442225189745,14.510902288898631,35.1,-183.32370809586985,0.12937767844128756,-9.291460063708886
UGC04325,lastfrac,6444.404791684948,10425.401273900678,80.27705021788573,102.1048543111476,91.5,-3980.99648221573,0.6181445320304458,-21.827804093261875
UGC04483,lastfrac,351.98490000000004,570.5032357403461,18.76126061862582,23.88520956031883,22.9,-218.51833574034606,0.6169726619398166,-5.123948941693012
UGC04499,lastfrac,3759.1586315903114,3999.399058719258,61.31197788026669,63.24080216694961,72.8,-240.24042712894652,0.9399308687125911,-1.928824286682918
UGC05005,lastfrac,7846.0770445778035,5747.24567910634,88.5780844485689,75.81059081095688,99.1,2098.831365471464,1.365189080588916,12.76749363761202
UGC05253,rfrac,34080.3404871213,35593.103752041105,184.60861433617148,188.66134673546964,212.0,-1512.7632649198058,0.9574984166748016,-4.052732399298151
UGC05414,lastfrac,1731.4871555568175,2970.1347288738016,41.611142204424254,54.49894245647159,51.8,-1238.647573316984,0.5829658630379211,-12.887800252047334
UGC05716,rfrac,4413.90234386631,4146.09072447755,66.43720602092107,64.39014462227546,73.15,267.81161938875994,1.0645937672824337,2.04706139864561
UGC05721,rfrac,5378.964193186276,7569.708478243185,73.34142208320122,87.00407161876497,78.6,-2190.7442850569087,0.7105906665555835,-13.662649535563745
UGC05750,lastfrac,3952.929143936005,9826.929442158536,62.87232414931076,99.13087027842808,73.4,-5874.0002982225315,0.40225475996373117,-36.25854612911732
UGC05764,lastfrac,2342.66087,6227.275618584192,48.40104203423724,78.9130890194028,54.05,-3884.6147485841916,0.37619354168438396,-30.51204698516556
UGC05829,rfrac,2639.75654,5079.625553013311,51.378561093125214,71.27149186745926,60.7,-2439.8690130133114,0.5196754194674952,-19.892930774334047
UGC05918,lastfrac,1393.5152599876767,2445.0814316982114,37.32981730450441,49.447764678478755,41.2,-1051.5661717105347,0.569925910001215,-12.117947373974346
UGC05986,rfrac,10503.795025893727,12682.53981513546,102.48802381690129,112.61678300828638,112.0,-2178.744789241733,0.8282091110298271,-10.128759191385086
UGC05999,lastfrac,6117.400690315992,7092.219893972859,78.21381393536561,84.21531864199564,91.2,-974.8192036568671,0.8625509053258075,-6.00150470663003
UGC06399,lastfrac,5618.159779193651,6424.913580713304,74.95438465622709,80.1555586388948,84.1,-806.7538015196533,0.8744335170606161,-5.2011739826677115
UGC06446,rfrac,5486.5813071428565,5996.251914689166,74.0714608141547,77.43546935797036,83.2,-509.67060754630984,0.9150018019927153,-3.3640085438156575
UGC06614,lastfrac,28415.06677955119,15720.315011900584,168.56769198025816,125.38068037740338,202.0,12694.751767650607,1.8075380014993614,43.18701160285478
UGC06628,lastfrac,218.63758999999965,343.12210837487567,14.786398817832543,18.523555500358878,42.3,-124.48451837487602,0.637200532007482,-3.7371566825263347
UGC06667,lastfrac,6122.73247640637,10223.543374724937,78.24789119462818,101.11153927581627,84.0,-4100.8108983185675,0.5988855577747378,-22.86364808118809
UGC06786,rfrac,40689.59512094007,41000.2876066585,201.7166208346255,202.4852775059424,218.0,-310.6924857184349,0.9924221876514843,-0.7686566713169043
UGC06787,rfrac,51191.06649975288,45551.73564911775,226.25442868539145,213.42852585612297,249.0,5639.330850635131,1.1238005702806706,12.825902829268472
UGC06818,lastfrac,3495.5943149282502,3169.9373407581616,59.12355127128487,56.30219658910442,68.1,325.6569741700887,1.1027329373306163,2.8213546821804485
UGC06917,rfrac,8397.34837,8552.721275148684,91.6370469297216,92.48092384458907,105.0,-155.37290514868437,0.9818335123815919,-0.8438769148674652
UGC06923,lastfrac,3732.368034977763,4913.171963957116,61.09310955400586,70.09402231258466,78.4,-1180.8039289793528,0.7596656625003775,-9.000912758578792
UGC06930,rfrac,8310.363206521846,8051.326007072872,91.16119353388176,89.72918146886704,108.0,259.0371994489742,1.0321732344736032,1.4320120650147175
UGC06973,rfrac,10499.587766571614,13653.209638652363,102.46749614668846,116.84694963349433,177.0,-3153.6218720807483,0.7690197429362825,-14.379453486805872
UGC06983,rfrac,9339.321172822592,9454.197876157452,96.64016335262784,97.23269962393029,108.0,-114.87670333485949,0.9878491327514345,-0.5925362713024498
UGC07089,rfrac,3691.9796416666663,3631.067667764866,60.7616625979463,60.258341063830045,73.7,60.91197390180014,1.0167752241145358,0.5033215341162531
UGC07125,rfrac,2436.674026613212,2389.4280012850313,49.3626784789198,48.88177575830313,65.4,47.24602532818062,1.019772943693123,0.48090272061666894
UGC07151,rfrac,3520.8933782753993,5218.871308827678,59.337116362993235,72.2417559921385,72.5,-1697.9779305522788,0.6746465221933786,-12.904639629145258
UGC07232,lastfrac,644.2696104993522,1489.361462150704,25.382466596045237,38.592246140263775,35.2,-845.0918516513518,0.4325810938930824,-13.209779544218538
UGC07261,lastfrac,3924.2167101239247,5261.659557597326,62.643568785023135,72.53729769985456,73.4,-1337.4428474734013,0.7458134961350239,-9.893728914831428
UGC07323,rfrac,3888.4034261652237,6441.77397993751,62.35706396363786,80.26066271803087,79.5,-2553.3705537722867,0.6036230762326349,-17.90359875439301
UGC07399,rfrac,8965.617336978072,12297.528644245102,94.68694385699683,110.89422277217646,100.0,-3331.9113072670298,0.7290584633989634,-16.20727891517963
UGC07524,rfrac,4587.789852866153,4265.15825846191,67.73322561982526,65.30817910845401,81.2,322.6315944042426,1.0756435224329963,2.4250465113712494
UGC07559,lastfrac,581.000741427295,873.4351170109968,24.103956966176632,29.55393572793642,29.7,-292.4343755837018,0.6651904991129182,-5.4499787617597875
UGC07577,lastfrac,65.91180044661377,116.0839825785057,8.118608282619242,10.774227702183842,14.1,-50.17218213189193,0.5677941002931968,-2.6556194195645997
UGC07603,rfrac,3302.4454400000004,4729.930908849941,57.466907346750446,68.77449315589277,61.5,-1427.4854688499408,0.6982016235841748,-11.307585809142324
UGC07608,lastfrac,3228.01739,6511.635944429696,56.81564388440916,80.69470828021932,61.4,-3283.618554429696,0.4957306301439303,-23.879064395810154
UGC07690,lastfrac,2185.394605954613,3141.3714915140527,46.7482043072738,56.04793922629138,57.9,-955.9768855594398,0.695681682939484,-9.299734919017581
UGC07866,lastfrac,541.2523302338772,958.4763952563285,23.264830328929484,30.959269940622445,28.2,-417.2240650224513,0.5647007405843607,-7.69443961169296
UGC08286,rfrac,5856.6901987128485,7416.537465456208,76.5290154040469,86.11932109263408,83.5,-1559.8472667433598,0.7896798507378119,-9.59030568858718
UGC08490,rfrac,5408.6791918758945,6014.010659749418,73.54372299439221,77.55005260958511,77.6,-605.3314678735233,0.899346459106751,-4.006329615192897
UGC08550,rfrac,2678.1243190452155,3554.864201187588,51.7505972820142,59.622681935548556,57.3,-876.7398821423726,0.753368952364066,-7.872084653534358
UGC08699,rfrac,25150.491378724833,22509.60649891304,158.58906449917924,150.03201824581657,181.0,2640.8848798117942,1.117322569807665,8.557046253362671
UGC08837,lastfrac,1025.400009028745,1669.0424358953196,32.021867669277896,40.853915796350776,43.0,-643.6424268665746,0.6143642528050478,-8.83204812707288
UGC09037,rfrac,13389.766265633152,7473.869574307438,115.71415758511641,86.45154466119988,152.0,5915.8966913257145,1.7915440097673778,29.262612923916535
UGC09133,rfrac,40356.43991593451,39652.71609055944,200.88912343861355,199.1298975306306,224.0,703.7238253750693,1.0177471783715368,1.759225907982966
UGC09992,lastfrac,586.8408099999999,857.447925855902,24.2247974191736,29.282211765095578,33.0,-270.60711585590207,0.6844040230364044,-5.057414345921977
UGC10310,lastfrac,3594.4961500000004,4735.604596016735,59.95411703961622,68.81572927766395,70.9,-1141.1084460167344,0.7590363758459572,-8.861612238047726
UGC11455,rfrac,42069.20541875,41062.02894633695,205.10778975638638,202.63767898971048,272.0,1007.1764724130553,1.0245281711171483,2.4701107666759015
UGC11557,lastfrac,1919.1390450952042,1310.8174379600632,43.807979240033475,36.2052128561629,81.6,608.321607135141,1.464078055050771,7.6027663838705735
UGC11820,lastfrac,4380.497160000001,4513.342465919723,66.18532435517712,67.18141458706955,76.95,-132.8453059197218,0.9705660922203805,-0.9960902318924383
UGC11914,rfrac,32172.071610549196,133177.15138345194,179.36574815317778,364.9344480635556,288.0,-101005.07977290274,0.2415735077402081,-185.5686999103778
UGC12506,rfrac,42714.81132535761,43051.379418371165,206.6756186040279,207.4882633267992,230.0,-336.5680930135568,0.9921821763306861,-0.8126447227712958
UGC12632,rfrac,3924.719021328688,4500.378351808616,62.647577936650414,67.08485933359789,73.0,-575.6593304799276,0.8720864590754728,-4.437281396947476
UGC12732,rfrac,6283.924568883492,5992.261979692748,79.27120895308391,77.40970210311333,90.8,291.66258919074335,1.0486732039051634,1.8615068499705814
UGCA281,lastfrac,513.5407138036901,1014.3334823530448,22.661436710934506,31.848602518054772,27.5,-500.7927685493547,0.5062839024226838,-9.187165807120266
UGCA442,lastfrac,2584.0627380755254,3035.9018906994925,50.833677203951375,55.09901896313121,56.4,-451.83915262396704,0.8511680650787236,-4.265341759179833
UGCA444,rfrac,917.4826545675203,1661.615991184231,30.289976140094932,40.762924222683424,37.2,-744.1333366167107,0.5521628700224724,-10.472948082588491
