row_type,map,label,peak_ra_deg,peak_dec_deg,centroid_ra_deg,centroid_dec_deg,peak_val,a_label,b_label,sep_arcsec,sep_kpc,sample_file,anchor_label,sample_peak_ra_deg,sample_peak_dec_deg,sample_peak_val
peak,A,A1,104.65133618524507,-55.954709016840965,104.65400574473601,-55.95456767068339,43.27358627319336,,,,,,,,,
peak,A,A2,104.6777462718281,-55.97654383295074,104.67587300067599,-55.976206033961944,41.92144012451172,,,,,,,,,
peak,B,B1,104.63027870259447,-55.94829288788609,104.62923992162348,-55.94830922247696,0.12234897166490555,,,,,,,,,
peak,B,B2,104.58536418170891,-55.943395477135795,104.58728526151933,-55.94268234267813,0.12231256067752838,,,,,,,,,
pair_peak,,,,,,,,A1,B1,48.321877476098344,nan,,,,,
pair_peak,,,,,,,,A2,B2,221.1301914644989,nan,,,,,
a_sample_peak,,,,,,,,,,22.31335984159701,,toy_models/data/bullet_cluster/external_lensing/canucs_rihtarsic_2026/sample_model/sample_maps/bulletclu-kappa-200mas_0.fits,A1,104.6467728610778,-55.949061952193304,28.337324142456055
a_sample_peak,,,,,,,,,,0.11407979871533264,,toy_models/data/bullet_cluster/external_lensing/canucs_rihtarsic_2026/sample_model/sample_maps/bulletclu-kappa-200mas_0.fits,A2,104.6777581464594,-55.97657481740258,12.865151405334473
a_sample_peak,,,,,,,,,,22.31335984159701,,toy_models/data/bullet_cluster/external_lensing/canucs_rihtarsic_2026/sample_model/sample_maps/bulletclu-kappa-200mas_1.fits,A1,104.6467728610778,-55.949061952193304,24.629230499267578
a_sample_peak,,,,,,,,,,0.11407979871533264,,toy_models/data/bullet_cluster/external_lensing/canucs_rihtarsic_2026/sample_model/sample_maps/bulletclu-kappa-200mas_1.fits,A2,104.6777581464594,-55.97657481740258,12.620131492614746
a_sample_peak,,,,,,,,,,22.31335984159701,,toy_models/data/bullet_cluster/external_lensing/canucs_rihtarsic_2026/sample_model/sample_maps/bulletclu-kappa-200mas_10.fits,A1,104.6467728610778,-55.949061952193304,23.712947845458984
a_sample_peak,,,,,,,,,,0.11407979871533264,,toy_models/data/bullet_cluster/external_lensing/canucs_rihtarsic_2026/sample_model/sample_maps/bulletclu-kappa-200mas_10.fits,A2,104.6777581464594,-55.97657481740258,11.775501251220703
a_sample_peak,,,,,,,,,,22.31335984159701,,toy_models/data/bullet_cluster/external_lensing/canucs_rihtarsic_2026/sample_model/sample_maps/bulletclu-kappa-200mas_11.fits,A1,104.6467728610778,-55.949061952193304,23.560285568237305
a_sample_peak,,,,,,,,,,0.11407979871533264,,toy_models/data/bullet_cluster/external_lensing/canucs_rihtarsic_2026/sample_model/sample_maps/bulletclu-kappa-200mas_11.fits,A2,104.6777581464594,-55.97657481740258,13.11896800994873
a_sample_peak,,,,,,,,,,22.31335984159701,,toy_models/data/bullet_cluster/external_lensing/canucs_rihtarsic_2026/sample_model/sample_maps/bulletclu-kappa-200mas_12.fits,A1,104.6467728610778,-55.949061952193304,23.664718627929688
a_sample_peak,,,,,,,,,,0.11407979871533264,,toy_models/data/bullet_cluster/external_lensing/canucs_rihtarsic_2026/sample_model/sample_maps/bulletclu-kappa-200mas_12.fits,A2,104.6777581464594,-55.97657481740258,12.96389102935791
a_sample_peak,,,,,,,,,,22.31335984159701,,toy_models/data/bullet_cluster/external_lensing/canucs_rihtarsic_2026/sample_model/sample_maps/bulletclu-kappa-200mas_13.fits,A1,104.6467728610778,-55.949061952193304,23.41982650756836
a_sample_peak,,,,,,,,,,0.11407979871533264,,toy_models/data/bullet_cluster/external_lensing/canucs_rihtarsic_2026/sample_model/sample_maps/bulletclu-kappa-200mas_13.fits,A2,104.6777581464594,-55.97657481740258,13.444221496582031
a_sample_peak,,,,,,,,,,22.31335984159701,,toy_models/data/bullet_cluster/external_lensing/canucs_rihtarsic_2026/sample_model/sample_maps/bulletclu-kappa-200mas_14.fits,A1,104.6467728610778,-55.949061952193304,29.289031982421875
a_sample_peak,,,,,,,,,,0.11407979871533264,,toy_models/data/bullet_cluster/external_lensing/canucs_rihtarsic_2026/sample_model/sample_maps/bulletclu-kappa-200mas_14.fits,A2,104.6777581464594,-55.97657481740258,14.321197509765625
a_sample_peak,,,,,,,,,,22.31335984159701,,toy_models/data/bullet_cluster/external_lensing/canucs_rihtarsic_2026/sample_model/sample_maps/bulletclu-kappa-200mas_15.fits,A1,104.6467728610778,-55.949061952193304,26.835805892944336
a_sample_peak,,,,,,,,,,0.11407979871533264,,toy_models/data/bullet_cluster/external_lensing/canucs_rihtarsic_2026/sample_model/sample_maps/bulletclu-kappa-200mas_15.fits,A2,104.6777581464594,-55.97657481740258,15.551164627075195
a_sample_peak,,,,,,,,,,22.31335984159701,,toy_models/data/bullet_cluster/external_lensing/canucs_rihtarsic_2026/sample_model/sample_maps/bulletclu-kappa-200mas_16.fits,A1,104.6467728610778,-55.949061952193304,25.560546875
a_sample_peak,,,,,,,,,,0.11407979871533264,,toy_models/data/bullet_cluster/external_lensing/canucs_rihtarsic_2026/sample_model/sample_maps/bulletclu-kappa-200mas_16.fits,A2,104.6777581464594,-55.97657481740258,13.029541969299316
a_sample_peak,,,,,,,,,,61.754000991782604,,toy_models/data/bullet_cluster/external_lensing/canucs_rihtarsic_2026/sample_model/sample_maps/bulletclu-kappa-200mas_17.fits,A1,104.64221108549972,-55.938333841379524,27.485355377197266
a_sample_peak,,,,,,,,,,0.11407979871533264,,toy_models/data/bullet_cluster/external_lensing/canucs_rihtarsic_2026/sample_model/sample_maps/bulletclu-kappa-200mas_17.fits,A2,104.6777581464594,-55.97657481740258,17.75012969970703
a_sample_peak,,,,,,,,,,61.754000991782604,,toy_models/data/bullet_cluster/external_lensing/canucs_rihtarsic_2026/sample_model/sample_maps/bulletclu-kappa-200mas_18.fits,A1,104.64221108549972,-55.938333841379524,27.523088455200195
a_sample_peak,,,,,,,,,,0.11407979871533264,,toy_models/data/bullet_cluster/external_lensing/canucs_rihtarsic_2026/sample_model/sample_maps/bulletclu-kappa-200mas_18.fits,A2,104.6777581464594,-55.97657481740258,17.751306533813477
a_sample_peak,,,,,,,,,,22.31335984159701,,toy_models/data/bullet_cluster/external_lensing/canucs_rihtarsic_2026/sample_model/sample_maps/bulletclu-kappa-200mas_19.fits,A1,104.6467728610778,-55.949061952193304,23.071163177490234
a_sample_peak,,,,,,,,,,0.11407979871533264,,toy_models/data/bullet_cluster/external_lensing/canucs_rihtarsic_2026/sample_model/sample_maps/bulletclu-kappa-200mas_19.fits,A2,104.6777581464594,-55.97657481740258,12.826067924499512
a_sample_peak,,,,,,,,,,22.31335984159701,,toy_models/data/bullet_cluster/external_lensing/canucs_rihtarsic_2026/sample_model/sample_maps/bulletclu-kappa-200mas_2.fits,A1,104.6467728610778,-55.949061952193304,26.051982879638672
a_sample_peak,,,,,,,,,,0.11407979871533264,,toy_models/data/bullet_cluster/external_lensing/canucs_rihtarsic_2026/sample_model/sample_maps/bulletclu-kappa-200mas_2.fits,A2,104.6777581464594,-55.97657481740258,12.36368179321289
a_sample_peak,,,,,,,,,,22.31335984159701,,toy_models/data/bullet_cluster/external_lensing/canucs_rihtarsic_2026/sample_model/sample_maps/bulletclu-kappa-200mas_20.fits,A1,104.6467728610778,-55.949061952193304,27.51688003540039
a_sample_peak,,,,,,,,,,0.11407979871533264,,toy_models/data/bullet_cluster/external_lensing/canucs_rihtarsic_2026/sample_model/sample_maps/bulletclu-kappa-200mas_20.fits,A2,104.6777581464594,-55.97657481740258,14.91246509552002
a_sample_peak,,,,,,,,,,22.31335984159701,,toy_models/data/bullet_cluster/external_lensing/canucs_rihtarsic_2026/sample_model/sample_maps/bulletclu-kappa-200mas_21.fits,A1,104.6467728610778,-55.949061952193304,23.6470890045166
a_sample_peak,,,,,,,,,,0.11407979871533264,,toy_models/data/bullet_cluster/external_lensing/canucs_rihtarsic_2026/sample_model/sample_maps/bulletclu-kappa-200mas_21.fits,A2,104.6777581464594,-55.97657481740258,15.05649471282959
a_sample_peak,,,,,,,,,,61.754000991782604,,toy_models/data/bullet_cluster/external_lensing/canucs_rihtarsic_2026/sample_model/sample_maps/bulletclu-kappa-200mas_22.fits,A1,104.64221108549972,-55.938333841379524,25.345712661743164
a_sample_peak,,,,,,,,,,0.11407979871533264,,toy_models/data/bullet_cluster/external_lensing/canucs_rihtarsic_2026/sample_model/sample_maps/bulletclu-kappa-200mas_22.fits,A2,104.6777581464594,-55.97657481740258,16.368196487426758
a_sample_peak,,,,,,,,,,22.31335984159701,,toy_models/data/bullet_cluster/external_lensing/canucs_rihtarsic_2026/sample_model/sample_maps/bulletclu-kappa-200mas_23.fits,A1,104.6467728610778,-55.949061952193304,29.11466407775879
a_sample_peak,,,,,,,,,,0.11407979871533264,,toy_models/data/bullet_cluster/external_lensing/canucs_rihtarsic_2026/sample_model/sample_maps/bulletclu-kappa-200mas_23.fits,A2,104.6777581464594,-55.97657481740258,17.639509201049805
a_sample_peak,,,,,,,,,,61.754000991782604,,toy_models/data/bullet_cluster/external_lensing/canucs_rihtarsic_2026/sample_model/sample_maps/bulletclu-kappa-200mas_24.fits,A1,104.64221108549972,-55.938333841379524,24.195301055908203
a_sample_peak,,,,,,,,,,0.11407979871533264,,toy_models/data/bullet_cluster/external_lensing/canucs_rihtarsic_2026/sample_model/sample_maps/bulletclu-kappa-200mas_24.fits,A2,104.6777581464594,-55.97657481740258,15.637441635131836
a_sample_peak,,,,,,,,,,22.31335984159701,,toy_models/data/bullet_cluster/external_lensing/canucs_rihtarsic_2026/sample_model/sample_maps/bulletclu-kappa-200mas_25.fits,A1,104.6467728610778,-55.949061952193304,31.03127098083496
a_sample_peak,,,,,,,,,,0.11407979871533264,,toy_models/data/bullet_cluster/external_lensing/canucs_rihtarsic_2026/sample_model/sample_maps/bulletclu-kappa-200mas_25.fits,A2,104.6777581464594,-55.97657481740258,11.430283546447754
a_sample_peak,,,,,,,,,,22.31335984159701,,toy_models/data/bullet_cluster/external_lensing/canucs_rihtarsic_2026/sample_model/sample_maps/bulletclu-kappa-200mas_26.fits,A1,104.6467728610778,-55.949061952193304,32.009342193603516
a_sample_peak,,,,,,,,,,0.11407979871533264,,toy_models/data/bullet_cluster/external_lensing/canucs_rihtarsic_2026/sample_model/sample_maps/bulletclu-kappa-200mas_26.fits,A2,104.6777581464594,-55.97657481740258,14.75361156463623
a_sample_peak,,,,,,,,,,22.31335984159701,,toy_models/data/bullet_cluster/external_lensing/canucs_rihtarsic_2026/sample_model/sample_maps/bulletclu-kappa-200mas_27.fits,A1,104.6467728610778,-55.949061952193304,29.767536163330078
a_sample_peak,,,,,,,,,,0.11407979871533264,,toy_models/data/bullet_cluster/external_lensing/canucs_rihtarsic_2026/sample_model/sample_maps/bulletclu-kappa-200mas_27.fits,A2,104.6777581464594,-55.97657481740258,12.796587944030762
a_sample_peak,,,,,,,,,,22.31335984159701,,toy_models/data/bullet_cluster/external_lensing/canucs_rihtarsic_2026/sample_model/sample_maps/bulletclu-kappa-200mas_28.fits,A1,104.6467728610778,-55.949061952193304,29.034507751464844
a_sample_peak,,,,,,,,,,0.11407979871533264,,toy_models/data/bullet_cluster/external_lensing/canucs_rihtarsic_2026/sample_model/sample_maps/bulletclu-kappa-200mas_28.fits,A2,104.6777581464594,-55.97657481740258,15.259587287902832
a_sample_peak,,,,,,,,,,22.31335984159701,,toy_models/data/bullet_cluster/external_lensing/canucs_rihtarsic_2026/sample_model/sample_maps/bulletclu-kappa-200mas_29.fits,A1,104.6467728610778,-55.949061952193304,24.91670036315918
a_sample_peak,,,,,,,,,,0.11407979871533264,,toy_models/data/bullet_cluster/external_lensing/canucs_rihtarsic_2026/sample_model/sample_maps/bulletclu-kappa-200mas_29.fits,A2,104.6777581464594,-55.97657481740258,13.476845741271973
a_sample_peak,,,,,,,,,,22.31335984159701,,toy_models/data/bullet_cluster/external_lensing/canucs_rihtarsic_2026/sample_model/sample_maps/bulletclu-kappa-200mas_3.fits,A1,104.6467728610778,-55.949061952193304,27.042587280273438
a_sample_peak,,,,,,,,,,0.11407979871533264,,toy_models/data/bullet_cluster/external_lensing/canucs_rihtarsic_2026/sample_model/sample_maps/bulletclu-kappa-200mas_3.fits,A2,104.6777581464594,-55.97657481740258,14.379264831542969
a_sample_peak,,,,,,,,,,22.31335984159701,,toy_models/data/bullet_cluster/external_lensing/canucs_rihtarsic_2026/sample_model/sample_maps/bulletclu-kappa-200mas_30.fits,A1,104.6467728610778,-55.949061952193304,28.64600944519043
a_sample_peak,,,,,,,,,,0.11407979871533264,,toy_models/data/bullet_cluster/external_lensing/canucs_rihtarsic_2026/sample_model/sample_maps/bulletclu-kappa-200mas_30.fits,A2,104.6777581464594,-55.97657481740258,14.8275146484375
a_sample_peak,,,,,,,,,,22.31335984159701,,toy_models/data/bullet_cluster/external_lensing/canucs_rihtarsic_2026/sample_model/sample_maps/bulletclu-kappa-200mas_31.fits,A1,104.6467728610778,-55.949061952193304,28.7808780670166
a_sample_peak,,,,,,,,,,0.11407979871533264,,toy_models/data/bullet_cluster/external_lensing/canucs_rihtarsic_2026/sample_model/sample_maps/bulletclu-kappa-200mas_31.fits,A2,104.6777581464594,-55.97657481740258,15.4075927734375
a_sample_peak,,,,,,,,,,22.31335984159701,,toy_models/data/bullet_cluster/external_lensing/canucs_rihtarsic_2026/sample_model/sample_maps/bulletclu-kappa-200mas_32.fits,A1,104.6467728610778,-55.949061952193304,32.97090530395508
a_sample_peak,,,,,,,,,,0.11407979871533264,,toy_models/data/bullet_cluster/external_lensing/canucs_rihtarsic_2026/sample_model/sample_maps/bulletclu-kappa-200mas_32.fits,A2,104.6777581464594,-55.97657481740258,14.740047454833984
a_sample_peak,,,,,,,,,,22.31335984159701,,toy_models/data/bullet_cluster/external_lensing/canucs_rihtarsic_2026/sample_model/sample_maps/bulletclu-kappa-200mas_33.fits,A1,104.6467728610778,-55.949061952193304,33.82632827758789
a_sample_peak,,,,,,,,,,0.11407979871533264,,toy_models/data/bullet_cluster/external_lensing/canucs_rihtarsic_2026/sample_model/sample_maps/bulletclu-kappa-200mas_33.fits,A2,104.6777581464594,-55.97657481740258,16.677701950073242
a_sample_peak,,,,,,,,,,22.31335984159701,,toy_models/data/bullet_cluster/external_lensing/canucs_rihtarsic_2026/sample_model/sample_maps/bulletclu-kappa-200mas_34.fits,A1,104.6467728610778,-55.949061952193304,22.312698364257812
a_sample_peak,,,,,,,,,,0.11407979871533264,,toy_models/data/bullet_cluster/external_lensing/canucs_rihtarsic_2026/sample_model/sample_maps/bulletclu-kappa-200mas_34.fits,A2,104.6777581464594,-55.97657481740258,12.399105072021484
a_sample_peak,,,,,,,,,,22.31335984159701,,toy_models/data/bullet_cluster/external_lensing/canucs_rihtarsic_2026/sample_model/sample_maps/bulletclu-kappa-200mas_35.fits,A1,104.6467728610778,-55.949061952193304,21.386474609375
a_sample_peak,,,,,,,,,,0.11407979871533264,,toy_models/data/bullet_cluster/external_lensing/canucs_rihtarsic_2026/sample_model/sample_maps/bulletclu-kappa-200mas_35.fits,A2,104.6777581464594,-55.97657481740258,12.18706226348877
a_sample_peak,,,,,,,,,,22.31335984159701,,toy_models/data/bullet_cluster/external_lensing/canucs_rihtarsic_2026/sample_model/sample_maps/bulletclu-kappa-200mas_36.fits,A1,104.6467728610778,-55.949061952193304,24.12145233154297
a_sample_peak,,,,,,,,,,0.11407979871533264,,toy_models/data/bullet_cluster/external_lensing/canucs_rihtarsic_2026/sample_model/sample_maps/bulletclu-kappa-200mas_36.fits,A2,104.6777581464594,-55.97657481740258,10.86231517791748
a_sample_peak,,,,,,,,,,22.31335984159701,,toy_models/data/bullet_cluster/external_lensing/canucs_rihtarsic_2026/sample_model/sample_maps/bulletclu-kappa-200mas_37.fits,A1,104.6467728610778,-55.949061952193304,28.110740661621094
a_sample_peak,,,,,,,,,,0.11407979871533264,,toy_models/data/bullet_cluster/external_lensing/canucs_rihtarsic_2026/sample_model/sample_maps/bulletclu-kappa-200mas_37.fits,A2,104.6777581464594,-55.97657481740258,11.548691749572754
a_sample_peak,,,,,,,,,,22.31335984159701,,toy_models/data/bullet_cluster/external_lensing/canucs_rihtarsic_2026/sample_model/sample_maps/bulletclu-kappa-200mas_38.fits,A1,104.6467728610778,-55.949061952193304,33.78522872924805
a_sample_peak,,,,,,,,,,0.11407979871533264,,toy_models/data/bullet_cluster/external_lensing/canucs_rihtarsic_2026/sample_model/sample_maps/bulletclu-kappa-200mas_38.fits,A2,104.6777581464594,-55.97657481740258,13.860783576965332
a_sample_peak,,,,,,,,,,22.31335984159701,,toy_models/data/bullet_cluster/external_lensing/canucs_rihtarsic_2026/sample_model/sample_maps/bulletclu-kappa-200mas_39.fits,A1,104.6467728610778,-55.949061952193304,32.52287673950195
a_sample_peak,,,,,,,,,,0.11407979871533264,,toy_models/data/bullet_cluster/external_lensing/canucs_rihtarsic_2026/sample_model/sample_maps/bulletclu-kappa-200mas_39.fits,A2,104.6777581464594,-55.97657481740258,13.933097839355469
a_sample_peak,,,,,,,,,,22.31335984159701,,toy_models/data/bullet_cluster/external_lensing/canucs_rihtarsic_2026/sample_model/sample_maps/bulletclu-kappa-200mas_4.fits,A1,104.6467728610778,-55.949061952193304,18.967121124267578
a_sample_peak,,,,,,,,,,0.11407979871533264,,toy_models/data/bullet_cluster/external_lensing/canucs_rihtarsic_2026/sample_model/sample_maps/bulletclu-kappa-200mas_4.fits,A2,104.6777581464594,-55.97657481740258,12.176933288574219
a_sample_peak,,,,,,,,,,61.754000991782604,,toy_models/data/bullet_cluster/external_lensing/canucs_rihtarsic_2026/sample_model/sample_maps/bulletclu-kappa-200mas_40.fits,A1,104.64221108549972,-55.938333841379524,26.262985229492188
a_sample_peak,,,,,,,,,,0.11407979871533264,,toy_models/data/bullet_cluster/external_lensing/canucs_rihtarsic_2026/sample_model/sample_maps/bulletclu-kappa-200mas_40.fits,A2,104.6777581464594,-55.97657481740258,17.016254425048828
a_sample_peak,,,,,,,,,,22.31335984159701,,toy_models/data/bullet_cluster/external_lensing/canucs_rihtarsic_2026/sample_model/sample_maps/bulletclu-kappa-200mas_41.fits,A1,104.6467728610778,-55.949061952193304,25.5233211517334
a_sample_peak,,,,,,,,,,0.11407979871533264,,toy_models/data/bullet_cluster/external_lensing/canucs_rihtarsic_2026/sample_model/sample_maps/bulletclu-kappa-200mas_41.fits,A2,104.6777581464594,-55.97657481740258,11.679952621459961
a_sample_peak,,,,,,,,,,22.31335984159701,,toy_models/data/bullet_cluster/external_lensing/canucs_rihtarsic_2026/sample_model/sample_maps/bulletclu-kappa-200mas_42.fits,A1,104.6467728610778,-55.949061952193304,25.940799713134766
a_sample_peak,,,,,,,,,,0.11407979871533264,,toy_models/data/bullet_cluster/external_lensing/canucs_rihtarsic_2026/sample_model/sample_maps/bulletclu-kappa-200mas_42.fits,A2,104.6777581464594,-55.97657481740258,14.515901565551758
a_sample_peak,,,,,,,,,,22.31335984159701,,toy_models/data/bullet_cluster/external_lensing/canucs_rihtarsic_2026/sample_model/sample_maps/bulletclu-kappa-200mas_43.fits,A1,104.6467728610778,-55.949061952193304,23.58676528930664
a_sample_peak,,,,,,,,,,0.11407979871533264,,toy_models/data/bullet_cluster/external_lensing/canucs_rihtarsic_2026/sample_model/sample_maps/bulletclu-kappa-200mas_43.fits,A2,104.6777581464594,-55.97657481740258,14.695075988769531
a_sample_peak,,,,,,,,,,22.31335984159701,,toy_models/data/bullet_cluster/external_lensing/canucs_rihtarsic_2026/sample_model/sample_maps/bulletclu-kappa-200mas_44.fits,A1,104.6467728610778,-55.949061952193304,34.33296585083008
a_sample_peak,,,,,,,,,,0.11407979871533264,,toy_models/data/bullet_cluster/external_lensing/canucs_rihtarsic_2026/sample_model/sample_maps/bulletclu-kappa-200mas_44.fits,A2,104.6777581464594,-55.97657481740258,15.182562828063965
a_sample_peak,,,,,,,,,,61.754000991782604,,toy_models/data/bullet_cluster/external_lensing/canucs_rihtarsic_2026/sample_model/sample_maps/bulletclu-kappa-200mas_45.fits,A1,104.64221108549972,-55.938333841379524,21.755430221557617
a_sample_peak,,,,,,,,,,0.11407979871533264,,toy_models/data/bullet_cluster/external_lensing/canucs_rihtarsic_2026/sample_model/sample_maps/bulletclu-kappa-200mas_45.fits,A2,104.6777581464594,-55.97657481740258,14.079851150512695
a_sample_peak,,,,,,,,,,22.31335984159701,,toy_models/data/bullet_cluster/external_lensing/canucs_rihtarsic_2026/sample_model/sample_maps/bulletclu-kappa-200mas_46.fits,A1,104.6467728610778,-55.949061952193304,27.931236267089844
a_sample_peak,,,,,,,,,,0.11407979871533264,,toy_models/data/bullet_cluster/external_lensing/canucs_rihtarsic_2026/sample_model/sample_maps/bulletclu-kappa-200mas_46.fits,A2,104.6777581464594,-55.97657481740258,11.622329711914062
a_sample_peak,,,,,,,,,,22.31335984159701,,toy_models/data/bullet_cluster/external_lensing/canucs_rihtarsic_2026/sample_model/sample_maps/bulletclu-kappa-200mas_47.fits,A1,104.6467728610778,-55.949061952193304,34.78671646118164
a_sample_peak,,,,,,,,,,0.11407979871533264,,toy_models/data/bullet_cluster/external_lensing/canucs_rihtarsic_2026/sample_model/sample_maps/bulletclu-kappa-200mas_47.fits,A2,104.6777581464594,-55.97657481740258,15.492291450500488
a_sample_peak,,,,,,,,,,22.31335984159701,,toy_models/data/bullet_cluster/external_lensing/canucs_rihtarsic_2026/sample_model/sample_maps/bulletclu-kappa-200mas_48.fits,A1,104.6467728610778,-55.949061952193304,31.018434524536133
a_sample_peak,,,,,,,,,,0.11407979871533264,,toy_models/data/bullet_cluster/external_lensing/canucs_rihtarsic_2026/sample_model/sample_maps/bulletclu-kappa-200mas_48.fits,A2,104.6777581464594,-55.97657481740258,15.800925254821777
a_sample_peak,,,,,,,,,,61.754000991782604,,toy_models/data/bullet_cluster/external_lensing/canucs_rihtarsic_2026/sample_model/sample_maps/bulletclu-kappa-200mas_49.fits,A1,104.64221108549972,-55.938333841379524,23.718233108520508
a_sample_peak,,,,,,,,,,0.11407979871533264,,toy_models/data/bullet_cluster/external_lensing/canucs_rihtarsic_2026/sample_model/sample_maps/bulletclu-kappa-200mas_49.fits,A2,104.6777581464594,-55.97657481740258,15.361493110656738
a_sample_peak,,,,,,,,,,22.31335984159701,,toy_models/data/bullet_cluster/external_lensing/canucs_rihtarsic_2026/sample_model/sample_maps/bulletclu-kappa-200mas_5.fits,A1,104.6467728610778,-55.949061952193304,30.070728302001953
a_sample_peak,,,,,,,,,,0.11407979871533264,,toy_models/data/bullet_cluster/external_lensing/canucs_rihtarsic_2026/sample_model/sample_maps/bulletclu-kappa-200mas_5.fits,A2,104.6777581464594,-55.97657481740258,13.209802627563477
a_sample_peak,,,,,,,,,,22.31335984159701,,toy_models/data/bullet_cluster/external_lensing/canucs_rihtarsic_2026/sample_model/sample_maps/bulletclu-kappa-200mas_50.fits,A1,104.6467728610778,-55.949061952193304,26.76482391357422
a_sample_peak,,,,,,,,,,0.11407979871533264,,toy_models/data/bullet_cluster/external_lensing/canucs_rihtarsic_2026/sample_model/sample_maps/bulletclu-kappa-200mas_50.fits,A2,104.6777581464594,-55.97657481740258,12.725196838378906
a_sample_peak,,,,,,,,,,22.31335984159701,,toy_models/data/bullet_cluster/external_lensing/canucs_rihtarsic_2026/sample_model/sample_maps/bulletclu-kappa-200mas_51.fits,A1,104.6467728610778,-55.949061952193304,25.970190048217773
a_sample_peak,,,,,,,,,,0.11407979871533264,,toy_models/data/bullet_cluster/external_lensing/canucs_rihtarsic_2026/sample_model/sample_maps/bulletclu-kappa-200mas_51.fits,A2,104.6777581464594,-55.97657481740258,11.506096839904785
a_sample_peak,,,,,,,,,,22.31335984159701,,toy_models/data/bullet_cluster/external_lensing/canucs_rihtarsic_2026/sample_model/sample_maps/bulletclu-kappa-200mas_52.fits,A1,104.6467728610778,-55.949061952193304,25.79305076599121
a_sample_peak,,,,,,,,,,0.11407979871533264,,toy_models/data/bullet_cluster/external_lensing/canucs_rihtarsic_2026/sample_model/sample_maps/bulletclu-kappa-200mas_52.fits,A2,104.6777581464594,-55.97657481740258,13.207661628723145
a_sample_peak,,,,,,,,,,22.31335984159701,,toy_models/data/bullet_cluster/external_lensing/canucs_rihtarsic_2026/sample_model/sample_maps/bulletclu-kappa-200mas_53.fits,A1,104.6467728610778,-55.949061952193304,25.31601333618164
a_sample_peak,,,,,,,,,,0.11407979871533264,,toy_models/data/bullet_cluster/external_lensing/canucs_rihtarsic_2026/sample_model/sample_maps/bulletclu-kappa-200mas_53.fits,A2,104.6777581464594,-55.97657481740258,11.669429779052734
a_sample_peak,,,,,,,,,,22.31335984159701,,toy_models/data/bullet_cluster/external_lensing/canucs_rihtarsic_2026/sample_model/sample_maps/bulletclu-kappa-200mas_54.fits,A1,104.6467728610778,-55.949061952193304,29.22996711730957
a_sample_peak,,,,,,,,,,0.11407979871533264,,toy_models/data/bullet_cluster/external_lensing/canucs_rihtarsic_2026/sample_model/sample_maps/bulletclu-kappa-200mas_54.fits,A2,104.6777581464594,-55.97657481740258,11.545145988464355
a_sample_peak,,,,,,,,,,22.31335984159701,,toy_models/data/bullet_cluster/external_lensing/canucs_rihtarsic_2026/sample_model/sample_maps/bulletclu-kappa-200mas_55.fits,A1,104.6467728610778,-55.949061952193304,29.416425704956055
a_sample_peak,,,,,,,,,,0.11407979871533264,,toy_models/data/bullet_cluster/external_lensing/canucs_rihtarsic_2026/sample_model/sample_maps/bulletclu-kappa-200mas_55.fits,A2,104.6777581464594,-55.97657481740258,14.190357208251953
a_sample_peak,,,,,,,,,,22.31335984159701,,toy_models/data/bullet_cluster/external_lensing/canucs_rihtarsic_2026/sample_model/sample_maps/bulletclu-kappa-200mas_56.fits,A1,104.6467728610778,-55.949061952193304,27.150196075439453
a_sample_peak,,,,,,,,,,0.11407979871533264,,toy_models/data/bullet_cluster/external_lensing/canucs_rihtarsic_2026/sample_model/sample_maps/bulletclu-kappa-200mas_56.fits,A2,104.6777581464594,-55.97657481740258,13.013989448547363
a_sample_peak,,,,,,,,,,61.754000991782604,,toy_models/data/bullet_cluster/external_lensing/canucs_rihtarsic_2026/sample_model/sample_maps/bulletclu-kappa-200mas_57.fits,A1,104.64221108549972,-55.938333841379524,25.914840698242188
a_sample_peak,,,,,,,,,,0.11407979871533264,,toy_models/data/bullet_cluster/external_lensing/canucs_rihtarsic_2026/sample_model/sample_maps/bulletclu-kappa-200mas_57.fits,A2,104.6777581464594,-55.97657481740258,16.66579818725586
a_sample_peak,,,,,,,,,,22.31335984159701,,toy_models/data/bullet_cluster/external_lensing/canucs_rihtarsic_2026/sample_model/sample_maps/bulletclu-kappa-200mas_58.fits,A1,104.6467728610778,-55.949061952193304,22.753263473510742
a_sample_peak,,,,,,,,,,0.11407979871533264,,toy_models/data/bullet_cluster/external_lensing/canucs_rihtarsic_2026/sample_model/sample_maps/bulletclu-kappa-200mas_58.fits,A2,104.6777581464594,-55.97657481740258,12.836557388305664
a_sample_peak,,,,,,,,,,61.754000991782604,,toy_models/data/bullet_cluster/external_lensing/canucs_rihtarsic_2026/sample_model/sample_maps/bulletclu-kappa-200mas_59.fits,A1,104.64221108549972,-55.938333841379524,23.37352752685547
a_sample_peak,,,,,,,,,,0.11407979871533264,,toy_models/data/bullet_cluster/external_lensing/canucs_rihtarsic_2026/sample_model/sample_maps/bulletclu-kappa-200mas_59.fits,A2,104.6777581464594,-55.97657481740258,15.053682327270508
a_sample_peak,,,,,,,,,,22.31335984159701,,toy_models/data/bullet_cluster/external_lensing/canucs_rihtarsic_2026/sample_model/sample_maps/bulletclu-kappa-200mas_6.fits,A1,104.6467728610778,-55.949061952193304,26.684412002563477
a_sample_peak,,,,,,,,,,0.11407979871533264,,toy_models/data/bullet_cluster/external_lensing/canucs_rihtarsic_2026/sample_model/sample_maps/bulletclu-kappa-200mas_6.fits,A2,104.6777581464594,-55.97657481740258,13.014705657958984
a_sample_peak,,,,,,,,,,22.31335984159701,,toy_models/data/bullet_cluster/external_lensing/canucs_rihtarsic_2026/sample_model/sample_maps/bulletclu-kappa-200mas_60.fits,A1,104.6467728610778,-55.949061952193304,28.022621154785156
a_sample_peak,,,,,,,,,,0.11407979871533264,,toy_models/data/bullet_cluster/external_lensing/canucs_rihtarsic_2026/sample_model/sample_maps/bulletclu-kappa-200mas_60.fits,A2,104.6777581464594,-55.97657481740258,12.307987213134766
a_sample_peak,,,,,,,,,,61.754000991782604,,toy_models/data/bullet_cluster/external_lensing/canucs_rihtarsic_2026/sample_model/sample_maps/bulletclu-kappa-200mas_61.fits,A1,104.64221108549972,-55.938333841379524,19.43275260925293
a_sample_peak,,,,,,,,,,0.11407979871533264,,toy_models/data/bullet_cluster/external_lensing/canucs_rihtarsic_2026/sample_model/sample_maps/bulletclu-kappa-200mas_61.fits,A2,104.6777581464594,-55.97657481740258,12.572075843811035
a_sample_peak,,,,,,,,,,22.31335984159701,,toy_models/data/bullet_cluster/external_lensing/canucs_rihtarsic_2026/sample_model/sample_maps/bulletclu-kappa-200mas_62.fits,A1,104.6467728610778,-55.949061952193304,29.958786010742188
a_sample_peak,,,,,,,,,,0.11407979871533264,,toy_models/data/bullet_cluster/external_lensing/canucs_rihtarsic_2026/sample_model/sample_maps/bulletclu-kappa-200mas_62.fits,A2,104.6777581464594,-55.97657481740258,11.925189018249512
a_sample_peak,,,,,,,,,,22.31335984159701,,toy_models/data/bullet_cluster/external_lensing/canucs_rihtarsic_2026/sample_model/sample_maps/bulletclu-kappa-200mas_63.fits,A1,104.6467728610778,-55.949061952193304,26.77250099182129
a_sample_peak,,,,,,,,,,0.11407979871533264,,toy_models/data/bullet_cluster/external_lensing/canucs_rihtarsic_2026/sample_model/sample_maps/bulletclu-kappa-200mas_63.fits,A2,104.6777581464594,-55.97657481740258,10.971162796020508
a_sample_peak,,,,,,,,,,22.31335984159701,,toy_models/data/bullet_cluster/external_lensing/canucs_rihtarsic_2026/sample_model/sample_maps/bulletclu-kappa-200mas_64.fits,A1,104.6467728610778,-55.949061952193304,28.16650390625
a_sample_peak,,,,,,,,,,0.11407979871533264,,toy_models/data/bullet_cluster/external_lensing/canucs_rihtarsic_2026/sample_model/sample_maps/bulletclu-kappa-200mas_64.fits,A2,104.6777581464594,-55.97657481740258,12.42816162109375
a_sample_peak,,,,,,,,,,22.31335984159701,,toy_models/data/bullet_cluster/external_lensing/canucs_rihtarsic_2026/sample_model/sample_maps/bulletclu-kappa-200mas_65.fits,A1,104.6467728610778,-55.949061952193304,27.209692001342773
a_sample_peak,,,,,,,,,,0.11407979871533264,,toy_models/data/bullet_cluster/external_lensing/canucs_rihtarsic_2026/sample_model/sample_maps/bulletclu-kappa-200mas_65.fits,A2,104.6777581464594,-55.97657481740258,12.397403717041016
a_sample_peak,,,,,,,,,,22.31335984159701,,toy_models/data/bullet_cluster/external_lensing/canucs_rihtarsic_2026/sample_model/sample_maps/bulletclu-kappa-200mas_66.fits,A1,104.6467728610778,-55.949061952193304,23.145000457763672
a_sample_peak,,,,,,,,,,0.11407979871533264,,toy_models/data/bullet_cluster/external_lensing/canucs_rihtarsic_2026/sample_model/sample_maps/bulletclu-kappa-200mas_66.fits,A2,104.6777581464594,-55.97657481740258,11.324915885925293
a_sample_peak,,,,,,,,,,61.754000991782604,,toy_models/data/bullet_cluster/external_lensing/canucs_rihtarsic_2026/sample_model/sample_maps/bulletclu-kappa-200mas_67.fits,A1,104.64221108549972,-55.938333841379524,23.16030502319336
a_sample_peak,,,,,,,,,,0.11407979871533264,,toy_models/data/bullet_cluster/external_lensing/canucs_rihtarsic_2026/sample_model/sample_maps/bulletclu-kappa-200mas_67.fits,A2,104.6777581464594,-55.97657481740258,14.892687797546387
a_sample_peak,,,,,,,,,,22.31335984159701,,toy_models/data/bullet_cluster/external_lensing/canucs_rihtarsic_2026/sample_model/sample_maps/bulletclu-kappa-200mas_68.fits,A1,104.6467728610778,-55.949061952193304,24.03426170349121
a_sample_peak,,,,,,,,,,0.11407979871533264,,toy_models/data/bullet_cluster/external_lensing/canucs_rihtarsic_2026/sample_model/sample_maps/bulletclu-kappa-200mas_68.fits,A2,104.6777581464594,-55.97657481740258,10.867764472961426
a_sample_peak,,,,,,,,,,22.31335984159701,,toy_models/data/bullet_cluster/external_lensing/canucs_rihtarsic_2026/sample_model/sample_maps/bulletclu-kappa-200mas_69.fits,A1,104.6467728610778,-55.949061952193304,22.310026168823242
a_sample_peak,,,,,,,,,,0.11407979871533264,,toy_models/data/bullet_cluster/external_lensing/canucs_rihtarsic_2026/sample_model/sample_maps/bulletclu-kappa-200mas_69.fits,A2,104.6777581464594,-55.97657481740258,11.403519630432129
a_sample_peak,,,,,,,,,,22.31335984159701,,toy_models/data/bullet_cluster/external_lensing/canucs_rihtarsic_2026/sample_model/sample_maps/bulletclu-kappa-200mas_7.fits,A1,104.6467728610778,-55.949061952193304,30.88454818725586
a_sample_peak,,,,,,,,,,0.11407979871533264,,toy_models/data/bullet_cluster/external_lensing/canucs_rihtarsic_2026/sample_model/sample_maps/bulletclu-kappa-200mas_7.fits,A2,104.6777581464594,-55.97657481740258,11.221684455871582
a_sample_peak,,,,,,,,,,22.31335984159701,,toy_models/data/bullet_cluster/external_lensing/canucs_rihtarsic_2026/sample_model/sample_maps/bulletclu-kappa-200mas_70.fits,A1,104.6467728610778,-55.949061952193304,25.934890747070312
a_sample_peak,,,,,,,,,,0.11407979871533264,,toy_models/data/bullet_cluster/external_lensing/canucs_rihtarsic_2026/sample_model/sample_maps/bulletclu-kappa-200mas_70.fits,A2,104.6777581464594,-55.97657481740258,11.51909351348877
a_sample_peak,,,,,,,,,,22.31335984159701,,toy_models/data/bullet_cluster/external_lensing/canucs_rihtarsic_2026/sample_model/sample_maps/bulletclu-kappa-200mas_71.fits,A1,104.6467728610778,-55.949061952193304,20.481712341308594
a_sample_peak,,,,,,,,,,0.11407979871533264,,toy_models/data/bullet_cluster/external_lensing/canucs_rihtarsic_2026/sample_model/sample_maps/bulletclu-kappa-200mas_71.fits,A2,104.6777581464594,-55.97657481740258,11.078028678894043
a_sample_peak,,,,,,,,,,22.31335984159701,,toy_models/data/bullet_cluster/external_lensing/canucs_rihtarsic_2026/sample_model/sample_maps/bulletclu-kappa-200mas_72.fits,A1,104.6467728610778,-55.949061952193304,26.516742706298828
a_sample_peak,,,,,,,,,,0.11407979871533264,,toy_models/data/bullet_cluster/external_lensing/canucs_rihtarsic_2026/sample_model/sample_maps/bulletclu-kappa-200mas_72.fits,A2,104.6777581464594,-55.97657481740258,14.213315963745117
a_sample_peak,,,,,,,,,,22.31335984159701,,toy_models/data/bullet_cluster/external_lensing/canucs_rihtarsic_2026/sample_model/sample_maps/bulletclu-kappa-200mas_73.fits,A1,104.6467728610778,-55.949061952193304,22.851821899414062
a_sample_peak,,,,,,,,,,0.11407979871533264,,toy_models/data/bullet_cluster/external_lensing/canucs_rihtarsic_2026/sample_model/sample_maps/bulletclu-kappa-200mas_73.fits,A2,104.6777581464594,-55.97657481740258,9.806242942810059
a_sample_peak,,,,,,,,,,22.31335984159701,,toy_models/data/bullet_cluster/external_lensing/canucs_rihtarsic_2026/sample_model/sample_maps/bulletclu-kappa-200mas_74.fits,A1,104.6467728610778,-55.949061952193304,20.978742599487305
a_sample_peak,,,,,,,,,,0.11407979871533264,,toy_models/data/bullet_cluster/external_lensing/canucs_rihtarsic_2026/sample_model/sample_maps/bulletclu-kappa-200mas_74.fits,A2,104.6777581464594,-55.97657481740258,13.267932891845703
a_sample_peak,,,,,,,,,,22.31335984159701,,toy_models/data/bullet_cluster/external_lensing/canucs_rihtarsic_2026/sample_model/sample_maps/bulletclu-kappa-200mas_75.fits,A1,104.6467728610778,-55.949061952193304,30.747209548950195
a_sample_peak,,,,,,,,,,0.11407979871533264,,toy_models/data/bullet_cluster/external_lensing/canucs_rihtarsic_2026/sample_model/sample_maps/bulletclu-kappa-200mas_75.fits,A2,104.6777581464594,-55.97657481740258,13.229928970336914
a_sample_peak,,,,,,,,,,61.754000991782604,,toy_models/data/bullet_cluster/external_lensing/canucs_rihtarsic_2026/sample_model/sample_maps/bulletclu-kappa-200mas_76.fits,A1,104.64221108549972,-55.938333841379524,19.320833206176758
a_sample_peak,,,,,,,,,,0.11407979871533264,,toy_models/data/bullet_cluster/external_lensing/canucs_rihtarsic_2026/sample_model/sample_maps/bulletclu-kappa-200mas_76.fits,A2,104.6777581464594,-55.97657481740258,12.491541862487793
a_sample_peak,,,,,,,,,,61.754000991782604,,toy_models/data/bullet_cluster/external_lensing/canucs_rihtarsic_2026/sample_model/sample_maps/bulletclu-kappa-200mas_77.fits,A1,104.64221108549972,-55.938333841379524,27.610857009887695
a_sample_peak,,,,,,,,,,0.11407979871533264,,toy_models/data/bullet_cluster/external_lensing/canucs_rihtarsic_2026/sample_model/sample_maps/bulletclu-kappa-200mas_77.fits,A2,104.6777581464594,-55.97657481740258,17.757110595703125
a_sample_peak,,,,,,,,,,22.31335984159701,,toy_models/data/bullet_cluster/external_lensing/canucs_rihtarsic_2026/sample_model/sample_maps/bulletclu-kappa-200mas_78.fits,A1,104.6467728610778,-55.949061952193304,31.891536712646484
a_sample_peak,,,,,,,,,,0.11407979871533264,,toy_models/data/bullet_cluster/external_lensing/canucs_rihtarsic_2026/sample_model/sample_maps/bulletclu-kappa-200mas_78.fits,A2,104.6777581464594,-55.97657481740258,11.73123836517334
a_sample_peak,,,,,,,,,,22.31335984159701,,toy_models/data/bullet_cluster/external_lensing/canucs_rihtarsic_2026/sample_model/sample_maps/bulletclu-kappa-200mas_79.fits,A1,104.6467728610778,-55.949061952193304,19.27952766418457
a_sample_peak,,,,,,,,,,0.11407979871533264,,toy_models/data/bullet_cluster/external_lensing/canucs_rihtarsic_2026/sample_model/sample_maps/bulletclu-kappa-200mas_79.fits,A2,104.6777581464594,-55.97657481740258,11.767818450927734
a_sample_peak,,,,,,,,,,22.31335984159701,,toy_models/data/bullet_cluster/external_lensing/canucs_rihtarsic_2026/sample_model/sample_maps/bulletclu-kappa-200mas_8.fits,A1,104.6467728610778,-55.949061952193304,27.529037475585938
a_sample_peak,,,,,,,,,,0.11407979871533264,,toy_models/data/bullet_cluster/external_lensing/canucs_rihtarsic_2026/sample_model/sample_maps/bulletclu-kappa-200mas_8.fits,A2,104.6777581464594,-55.97657481740258,13.334358215332031
a_sample_peak,,,,,,,,,,22.31335984159701,,toy_models/data/bullet_cluster/external_lensing/canucs_rihtarsic_2026/sample_model/sample_maps/bulletclu-kappa-200mas_80.fits,A1,104.6467728610778,-55.949061952193304,22.2722110748291
a_sample_peak,,,,,,,,,,0.11407979871533264,,toy_models/data/bullet_cluster/external_lensing/canucs_rihtarsic_2026/sample_model/sample_maps/bulletclu-kappa-200mas_80.fits,A2,104.6777581464594,-55.97657481740258,12.087689399719238
a_sample_peak,,,,,,,,,,61.754000991782604,,toy_models/data/bullet_cluster/external_lensing/canucs_rihtarsic_2026/sample_model/sample_maps/bulletclu-kappa-200mas_81.fits,A1,104.64221108549972,-55.938333841379524,20.169937133789062
a_sample_peak,,,,,,,,,,0.11407979871533264,,toy_models/data/bullet_cluster/external_lensing/canucs_rihtarsic_2026/sample_model/sample_maps/bulletclu-kappa-200mas_81.fits,A2,104.6777581464594,-55.97657481740258,12.98430347442627
a_sample_peak,,,,,,,,,,22.31335984159701,,toy_models/data/bullet_cluster/external_lensing/canucs_rihtarsic_2026/sample_model/sample_maps/bulletclu-kappa-200mas_82.fits,A1,104.6467728610778,-55.949061952193304,21.2180233001709
a_sample_peak,,,,,,,,,,0.11407979871533264,,toy_models/data/bullet_cluster/external_lensing/canucs_rihtarsic_2026/sample_model/sample_maps/bulletclu-kappa-200mas_82.fits,A2,104.6777581464594,-55.97657481740258,9.767006874084473
a_sample_peak,,,,,,,,,,22.31335984159701,,toy_models/data/bullet_cluster/external_lensing/canucs_rihtarsic_2026/sample_model/sample_maps/bulletclu-kappa-200mas_83.fits,A1,104.6467728610778,-55.949061952193304,30.229534149169922
a_sample_peak,,,,,,,,,,0.11407979871533264,,toy_models/data/bullet_cluster/external_lensing/canucs_rihtarsic_2026/sample_model/sample_maps/bulletclu-kappa-200mas_83.fits,A2,104.6777581464594,-55.97657481740258,11.39681625366211
a_sample_peak,,,,,,,,,,22.31335984159701,,toy_models/data/bullet_cluster/external_lensing/canucs_rihtarsic_2026/sample_model/sample_maps/bulletclu-kappa-200mas_84.fits,A1,104.6467728610778,-55.949061952193304,22.367273330688477
a_sample_peak,,,,,,,,,,0.11407979871533264,,toy_models/data/bullet_cluster/external_lensing/canucs_rihtarsic_2026/sample_model/sample_maps/bulletclu-kappa-200mas_84.fits,A2,104.6777581464594,-55.97657481740258,10.704140663146973
a_sample_peak,,,,,,,,,,22.31335984159701,,toy_models/data/bullet_cluster/external_lensing/canucs_rihtarsic_2026/sample_model/sample_maps/bulletclu-kappa-200mas_85.fits,A1,104.6467728610778,-55.949061952193304,19.896705627441406
a_sample_peak,,,,,,,,,,0.11407979871533264,,toy_models/data/bullet_cluster/external_lensing/canucs_rihtarsic_2026/sample_model/sample_maps/bulletclu-kappa-200mas_85.fits,A2,104.6777581464594,-55.97657481740258,12.241058349609375
a_sample_peak,,,,,,,,,,22.31335984159701,,toy_models/data/bullet_cluster/external_lensing/canucs_rihtarsic_2026/sample_model/sample_maps/bulletclu-kappa-200mas_86.fits,A1,104.6467728610778,-55.949061952193304,27.03233528137207
a_sample_peak,,,,,,,,,,0.11407979871533264,,toy_models/data/bullet_cluster/external_lensing/canucs_rihtarsic_2026/sample_model/sample_maps/bulletclu-kappa-200mas_86.fits,A2,104.6777581464594,-55.97657481740258,10.845850944519043
a_sample_peak,,,,,,,,,,22.31335984159701,,toy_models/data/bullet_cluster/external_lensing/canucs_rihtarsic_2026/sample_model/sample_maps/bulletclu-kappa-200mas_87.fits,A1,104.6467728610778,-55.949061952193304,32.511417388916016
a_sample_peak,,,,,,,,,,0.11407979871533264,,toy_models/data/bullet_cluster/external_lensing/canucs_rihtarsic_2026/sample_model/sample_maps/bulletclu-kappa-200mas_87.fits,A2,104.6777581464594,-55.97657481740258,12.31769847869873
a_sample_peak,,,,,,,,,,22.31335984159701,,toy_models/data/bullet_cluster/external_lensing/canucs_rihtarsic_2026/sample_model/sample_maps/bulletclu-kappa-200mas_88.fits,A1,104.6467728610778,-55.949061952193304,24.612695693969727
a_sample_peak,,,,,,,,,,0.11407979871533264,,toy_models/data/bullet_cluster/external_lensing/canucs_rihtarsic_2026/sample_model/sample_maps/bulletclu-kappa-200mas_88.fits,A2,104.6777581464594,-55.97657481740258,14.889860153198242
a_sample_peak,,,,,,,,,,61.754000991782604,,toy_models/data/bullet_cluster/external_lensing/canucs_rihtarsic_2026/sample_model/sample_maps/bulletclu-kappa-200mas_89.fits,A1,104.64221108549972,-55.938333841379524,22.793102264404297
a_sample_peak,,,,,,,,,,0.11407979871533264,,toy_models/data/bullet_cluster/external_lensing/canucs_rihtarsic_2026/sample_model/sample_maps/bulletclu-kappa-200mas_89.fits,A2,104.6777581464594,-55.97657481740258,14.759325981140137
a_sample_peak,,,,,,,,,,61.754000991782604,,toy_models/data/bullet_cluster/external_lensing/canucs_rihtarsic_2026/sample_model/sample_maps/bulletclu-kappa-200mas_9.fits,A1,104.64221108549972,-55.938333841379524,29.104501724243164
a_sample_peak,,,,,,,,,,0.11407979871533264,,toy_models/data/bullet_cluster/external_lensing/canucs_rihtarsic_2026/sample_model/sample_maps/bulletclu-kappa-200mas_9.fits,A2,104.6777581464594,-55.97657481740258,18.790592193603516
a_sample_peak,,,,,,,,,,61.754000991782604,,toy_models/data/bullet_cluster/external_lensing/canucs_rihtarsic_2026/sample_model/sample_maps/bulletclu-kappa-200mas_90.fits,A1,104.64221108549972,-55.938333841379524,26.65464210510254
a_sample_peak,,,,,,,,,,0.11407979871533264,,toy_models/data/bullet_cluster/external_lensing/canucs_rihtarsic_2026/sample_model/sample_maps/bulletclu-kappa-200mas_90.fits,A2,104.6777581464594,-55.97657481740258,17.20937156677246
a_sample_peak,,,,,,,,,,22.31335984159701,,toy_models/data/bullet_cluster/external_lensing/canucs_rihtarsic_2026/sample_model/sample_maps/bulletclu-kappa-200mas_91.fits,A1,104.6467728610778,-55.949061952193304,29.464799880981445
a_sample_peak,,,,,,,,,,0.11407979871533264,,toy_models/data/bullet_cluster/external_lensing/canucs_rihtarsic_2026/sample_model/sample_maps/bulletclu-kappa-200mas_91.fits,A2,104.6777581464594,-55.97657481740258,9.587530136108398
a_sample_peak,,,,,,,,,,61.754000991782604,,toy_models/data/bullet_cluster/external_lensing/canucs_rihtarsic_2026/sample_model/sample_maps/bulletclu-kappa-200mas_92.fits,A1,104.64221108549972,-55.938333841379524,20.942285537719727
a_sample_peak,,,,,,,,,,0.11407979871533264,,toy_models/data/bullet_cluster/external_lensing/canucs_rihtarsic_2026/sample_model/sample_maps/bulletclu-kappa-200mas_92.fits,A2,104.6777581464594,-55.97657481740258,13.469208717346191
a_sample_peak,,,,,,,,,,22.31335984159701,,toy_models/data/bullet_cluster/external_lensing/canucs_rihtarsic_2026/sample_model/sample_maps/bulletclu-kappa-200mas_93.fits,A1,104.6467728610778,-55.949061952193304,25.910953521728516
a_sample_peak,,,,,,,,,,0.11407979871533264,,toy_models/data/bullet_cluster/external_lensing/canucs_rihtarsic_2026/sample_model/sample_maps/bulletclu-kappa-200mas_93.fits,A2,104.6777581464594,-55.97657481740258,16.282760620117188
a_sample_peak,,,,,,,,,,61.754000991782604,,toy_models/data/bullet_cluster/external_lensing/canucs_rihtarsic_2026/sample_model/sample_maps/bulletclu-kappa-200mas_94.fits,A1,104.64221108549972,-55.938333841379524,21.976961135864258
a_sample_peak,,,,,,,,,,0.11407979871533264,,toy_models/data/bullet_cluster/external_lensing/canucs_rihtarsic_2026/sample_model/sample_maps/bulletclu-kappa-200mas_94.fits,A2,104.6777581464594,-55.97657481740258,14.13683032989502
a_sample_peak,,,,,,,,,,61.754000991782604,,toy_models/data/bullet_cluster/external_lensing/canucs_rihtarsic_2026/sample_model/sample_maps/bulletclu-kappa-200mas_95.fits,A1,104.64221108549972,-55.938333841379524,28.285306930541992
a_sample_peak,,,,,,,,,,0.11407979871533264,,toy_models/data/bullet_cluster/external_lensing/canucs_rihtarsic_2026/sample_model/sample_maps/bulletclu-kappa-200mas_95.fits,A2,104.6777581464594,-55.97657481740258,18.244136810302734
a_sample_peak,,,,,,,,,,61.754000991782604,,toy_models/data/bullet_cluster/external_lensing/canucs_rihtarsic_2026/sample_model/sample_maps/bulletclu-kappa-200mas_96.fits,A1,104.64221108549972,-55.938333841379524,29.805479049682617
a_sample_peak,,,,,,,,,,0.11407979871533264,,toy_models/data/bullet_cluster/external_lensing/canucs_rihtarsic_2026/sample_model/sample_maps/bulletclu-kappa-200mas_96.fits,A2,104.6777581464594,-55.97657481740258,19.209299087524414
a_sample_peak,,,,,,,,,,61.754000991782604,,toy_models/data/bullet_cluster/external_lensing/canucs_rihtarsic_2026/sample_model/sample_maps/bulletclu-kappa-200mas_97.fits,A1,104.64221108549972,-55.938333841379524,28.861427307128906
a_sample_peak,,,,,,,,,,0.11407979871533264,,toy_models/data/bullet_cluster/external_lensing/canucs_rihtarsic_2026/sample_model/sample_maps/bulletclu-kappa-200mas_97.fits,A2,104.6777581464594,-55.97657481740258,18.60108757019043
a_sample_peak,,,,,,,,,,22.31335984159701,,toy_models/data/bullet_cluster/external_lensing/canucs_rihtarsic_2026/sample_model/sample_maps/bulletclu-kappa-200mas_98.fits,A1,104.6467728610778,-55.949061952193304,28.795135498046875
a_sample_peak,,,,,,,,,,0.11407979871533264,,toy_models/data/bullet_cluster/external_lensing/canucs_rihtarsic_2026/sample_model/sample_maps/bulletclu-kappa-200mas_98.fits,A2,104.6777581464594,-55.97657481740258,17.417490005493164
a_sample_peak,,,,,,,,,,22.31335984159701,,toy_models/data/bullet_cluster/external_lensing/canucs_rihtarsic_2026/sample_model/sample_maps/bulletclu-kappa-200mas_99.fits,A1,104.6467728610778,-55.949061952193304,25.023147583007812
a_sample_peak,,,,,,,,,,0.11407979871533264,,toy_models/data/bullet_cluster/external_lensing/canucs_rihtarsic_2026/sample_model/sample_maps/bulletclu-kappa-200mas_99.fits,A2,104.6777581464594,-55.97657481740258,12.000016212463379
