galaxy,ra_deg,dec_deg,sparc_metric,coord_source,catalog_name
CamB,73.27958,67.09917,42.98816338841357,VizieR:J/AJ/152/157/table1,CamB
D512-2,218.33465,26.99804,913.2354086038904,VizieR:J/AJ/152/157/table1,D512-2
D564-8,135.72232,20.07561,386.7935713174732,VizieR:J/AJ/152/157/table1,D564-8
D631-7,119.25428,14.39657,2874.305043402973,VizieR:J/AJ/152/157/table1,D631-7
DDO064,147.59487,31.48828,1565.3124615170698,VizieR:J/AJ/152/157/table1,DDO064
DDO154,193.52187,27.14963,1897.3138,VizieR:J/AJ/152/157/table1,DDO154
DDO161,195.81973,-17.42303,3217.9069103013444,VizieR:J/AJ/152/157/table1,DDO161
DDO168,198.61666,45.91976,2178.192906719069,VizieR:J/AJ/152/157/table1,DDO168
DDO170,198.97408,25.43615,2632.509041743061,VizieR:J/AJ/152/157/table1,DDO170
ESO079-G014,15.71436,-65.60999,20213.97366,VizieR:J/AJ/152/157/table1,ESO079-G014
ESO116-G012,48.26977,-57.35725,9630.030581297078,VizieR:J/AJ/152/157/table1,ESO116-G012
ESO444-G084,204.335,-28.04417,2888.30604,VizieR:J/AJ/152/157/table1,ESO444-G084
ESO563-G021,131.82075,-20.03566,72282.96302499999,VizieR:J/AJ/152/157/table1,ESO563-G021
F561-1,122.38583,22.55944,810.74873,VizieR:J/AJ/152/157/table1,F561-1
F563-1,133.75583,19.75167,11095.803453861088,VizieR:J/AJ/152/157/table1,F563-1
F563-V1,131.6575,18.89028,237.69647601601773,VizieR:J/AJ/152/157/table1,F563-V1
F563-V2,133.25833,18.43833,11566.717710873529,VizieR:J/AJ/152/157/table1,F563-V2
F565-V2,144.4025,21.77083,4754.259722715538,VizieR:J/AJ/152/157/table1,F565-V2
F567-2,154.48458,21.06139,1526.9550663196585,VizieR:J/AJ/152/157/table1,F567-2
F568-1,156.42542,22.42444,14444.159070161975,VizieR:J/AJ/152/157/table1,F568-1
F568-3,156.74583,22.22667,8025.070132925791,VizieR:J/AJ/152/157/table1,F568-3
F568-V1,161.2586,22.05432,11042.800545314753,VizieR:J/AJ/152/157/table1,F568-V1
F571-8,173.47625,19.355,13894.4861,VizieR:J/AJ/152/157/table1,F571-8
F571-V1,171.575,18.83167,5223.531169756055,VizieR:J/AJ/152/157/table1,F571-V1
F574-1,189.55542,22.29972,7789.550340937908,VizieR:J/AJ/152/157/table1,F574-1
F574-2,191.69708,21.80333,94.10470288146826,VizieR:J/AJ/152/157/table1,F574-2
F579-V1,218.20042,22.76611,9586.837122147926,VizieR:J/AJ/152/157/table1,F579-V1
F583-1,239.36451,20.66642,5120.07891016573,VizieR:J/AJ/152/157/table1,F583-1
F583-4,238.05,18.785,3217.708388999229,VizieR:J/AJ/152/157/table1,F583-4
IC2574,157.09784,68.41214,2700.8669400000003,VizieR:J/AJ/152/157/table1,IC2574
IC4202,197.13159,24.70083,33084.718827796525,VizieR:J/AJ/152/157/table1,IC4202
KK98-251,307.63708,60.35472,712.07689,VizieR:J/AJ/152/157/table1,KK98-251
NGC0024,2.48559,-24.96313,8663.767955801195,VizieR:J/AJ/152/157/table1,NGC0024
NGC0055,3.72334,-39.19663,5025.480980703516,VizieR:J/AJ/152/157/table1,NGC0055
NGC0100,6.01182,16.48639,6203.306406128609,VizieR:J/AJ/152/157/table1,NGC0100
NGC0247,11.78564,-20.7604,8120.308475803904,VizieR:J/AJ/152/157/table1,NGC0247
NGC0289,13.17652,-31.20583,22564.571970569374,VizieR:J/AJ/152/157/table1,NGC0289
NGC0300,13.72283,-37.68438,7109.225394190399,VizieR:J/AJ/152/157/table1,NGC0300
NGC0801,30.93687,38.25867,24974.846341666664,VizieR:J/AJ/152/157/table1,NGC0801
NGC0891,35.63711,42.34832,20015.84796875,VizieR:J/AJ/152/157/table1,NGC0891
NGC1003,39.82039,40.87229,10640.499566666667,VizieR:J/AJ/152/157/table1,NGC1003
NGC1090,41.64132,-0.24704,17271.13943995257,VizieR:J/AJ/152/157/table1,NGC1090
NGC1705,73.55625,-53.36106,4686.109569806081,VizieR:J/AJ/152/157/table1,NGC1705
NGC2366,112.21604,69.20864,1809.504190217196,VizieR:J/AJ/152/157/table1,NGC2366
NGC2403,114.21415,65.60255,14758.252647058822,VizieR:J/AJ/152/157/table1,NGC2403
NGC2683,133.17227,33.4218,17892.270535196807,VizieR:J/AJ/152/157/table1,NGC2683
NGC2841,140.51106,50.97648,65847.14310766662,VizieR:J/AJ/152/157/table1,NGC2841
NGC2903,143.04213,21.50083,23396.266977272728,VizieR:J/AJ/152/157/table1,NGC2903
NGC2915,141.54805,-76.62632,6226.889989064411,VizieR:J/AJ/152/157/table1,NGC2915
NGC2955,145.31917,35.88212,29824.401953798104,VizieR:J/AJ/152/157/table1,NGC2955
NGC2976,146.81441,67.91638,2802.0580953300155,VizieR:J/AJ/152/157/table1,NGC2976
NGC2998,147.18179,44.08129,28670.85162086496,VizieR:J/AJ/152/157/table1,NGC2998
NGC3109,150.77865,-26.15957,3430.63994090909,VizieR:J/AJ/152/157/table1,NGC3109
NGC3198,154.97912,45.54969,17435.80527222222,VizieR:J/AJ/152/157/table1,NGC3198
NGC3521,166.45247,-0.0359,14920.530683660416,VizieR:J/AJ/152/157/table1,NGC3521
NGC3726,173.33822,47.02909,19640.68161569816,VizieR:J/AJ/152/157/table1,NGC3726
NGC3741,174.02397,45.28415,2207.8972744736066,VizieR:J/AJ/152/157/table1,NGC3741
NGC3769,174.43377,47.89309,11187.696072069028,VizieR:J/AJ/152/157/table1,NGC3769
NGC3877,176.53242,47.4945,8511.870875011962,VizieR:J/AJ/152/157/table1,NGC3877
NGC3893,177.1592,48.71079,20779.43722419302,VizieR:J/AJ/152/157/table1,NGC3893
NGC3917,177.68953,51.82421,12839.298689427736,VizieR:J/AJ/152/157/table1,NGC3917
NGC3949,178.42395,47.85878,8598.26501,VizieR:J/AJ/152/157/table1,NGC3949
NGC3953,178.45428,52.32654,20134.54998401351,VizieR:J/AJ/152/157/table1,NGC3953
NGC3972,178.93799,55.32067,10572.12107,VizieR:J/AJ/152/157/table1,NGC3972
NGC3992,179.39993,53.37452,42706.92574788313,VizieR:J/AJ/152/157/table1,NGC3992
NGC4010,179.6583,47.26131,10101.16929,VizieR:J/AJ/152/157/table1,NGC4010
NGC4013,179.6309,43.94702,21938.85145956104,VizieR:J/AJ/152/157/table1,NGC4013
NGC4051,180.79036,44.53126,7300.648870000002,VizieR:J/AJ/152/157/table1,NGC4051
NGC4068,181.0136,52.59057,498.7843734903,VizieR:J/AJ/152/157/table1,NGC4068
NGC4085,181.3446,50.35275,4952.304729590413,VizieR:J/AJ/152/157/table1,NGC4085
NGC4088,181.39245,50.53903,10694.12258,VizieR:J/AJ/152/157/table1,NGC4088
NGC4100,181.53584,49.58231,19664.63963181818,VizieR:J/AJ/152/157/table1,NGC4100
NGC4138,182.37412,43.68532,15415.48332854512,VizieR:J/AJ/152/157/table1,NGC4138
NGC4157,182.76819,50.48468,21713.590661260463,VizieR:J/AJ/152/157/table1,NGC4157
NGC4183,183.32025,43.69827,9123.968283333332,VizieR:J/AJ/152/157/table1,NGC4183
NGC4214,183.91322,36.32689,5693.361574351553,VizieR:J/AJ/152/157/table1,NGC4214
NGC4217,183.96208,47.09179,13419.512406494638,VizieR:J/AJ/152/157/table1,NGC4217
NGC4389,186.39624,45.68467,-3351.160634140778,VizieR:J/AJ/152/157/table1,NGC4389
NGC4559,188.99037,27.95976,9865.799338746958,VizieR:J/AJ/152/157/table1,NGC4559
NGC5005,197.73463,37.05894,22891.55036206125,VizieR:J/AJ/152/157/table1,NGC5005
NGC5033,198.36473,36.59365,29281.974605916355,VizieR:J/AJ/152/157/table1,NGC5033
NGC5055,198.95554,42.02929,22339.77723260164,VizieR:J/AJ/152/157/table1,NGC5055
NGC5371,208.91676,40.46177,19553.257149187244,VizieR:J/AJ/152/157/table1,NGC5371
NGC5585,214.95085,56.72905,6420.6461642936765,VizieR:J/AJ/152/157/table1,NGC5585
NGC5907,228.9737,56.32885,31668.703622222223,VizieR:J/AJ/152/157/table1,NGC5907
NGC5985,234.90454,59.33195,62496.63531232685,VizieR:J/AJ/152/157/table1,NGC5985
NGC6015,237.85513,62.31003,19827.035520238784,VizieR:J/AJ/152/157/table1,NGC6015
NGC6195,249.13555,39.028,25841.609599942487,VizieR:J/AJ/152/157/table1,NGC6195
NGC6503,267.36047,70.14434,10996.095222307058,VizieR:J/AJ/152/157/table1,NGC6503
NGC6674,279.6412,25.37511,47180.97593990751,VizieR:J/AJ/152/157/table1,NGC6674
NGC6789,289.17154,63.97331,1459.9216660461168,VizieR:J/AJ/152/157/table1,NGC6789
NGC6946,308.71805,60.15368,14923.558872410307,VizieR:J/AJ/152/157/table1,NGC6946
NGC7331,339.26709,34.41592,32851.16533857143,VizieR:J/AJ/152/157/table1,NGC7331
NGC7793,359.45761,-32.59103,6731.484496849498,VizieR:J/AJ/152/157/table1,NGC7793
NGC7814,0.81228,16.14523,31511.63945,VizieR:J/AJ/152/157/table1,NGC7814
PGC51017,214.25733,43.50372,25.631383647139696,VizieR:J/AJ/152/157/table1,PGC51017
UGC00128,3.46221,35.9935,14546.2071,VizieR:J/AJ/152/157/table1,UGC00128
UGC00191,5.0215,10.87931,4470.970608036892,VizieR:J/AJ/152/157/table1,UGC00191
UGC00634,15.35488,7.62599,8261.038672587918,VizieR:J/AJ/152/157/table1,UGC00634
UGC00731,17.68333,49.60219,4116.458860000001,VizieR:J/AJ/152/157/table1,UGC00731
UGC00891,20.32954,12.41172,2083.720466954676,VizieR:J/AJ/152/157/table1,UGC00891
UGC01230,26.38438,25.52147,8787.462385026949,VizieR:J/AJ/152/157/table1,UGC01230
UGC01281,27.38212,32.58783,2522.20608399855,VizieR:J/AJ/152/157/table1,UGC01281
UGC02023,38.3255,33.49042,838.9451337112615,VizieR:J/AJ/152/157/table1,UGC02023
UGC02259,41.98082,37.53844,6145.554003193403,VizieR:J/AJ/152/157/table1,UGC02259
UGC02455,44.92849,25.24119,-998.4642934851988,VizieR:J/AJ/152/157/table1,UGC02455
UGC02487,45.42649,35.20565,88679.73904957727,VizieR:J/AJ/152/157/table1,UGC02487
UGC02885,58.26017,35.58947,64382.675080401954,VizieR:J/AJ/152/157/table1,UGC02885
UGC02916,60.64098,71.70592,18873.29421101302,VizieR:J/AJ/152/157/table1,UGC02916
UGC02953,61.94545,69.81243,55195.06690150065,VizieR:J/AJ/152/157/table1,UGC02953
UGC03205,74.06173,30.05219,32242.55949064766,VizieR:J/AJ/152/157/table1,UGC03205
UGC03546,102.5361,60.84569,23924.010382555163,VizieR:J/AJ/152/157/table1,UGC03546
UGC03580,103.87864,69.563,12898.222458543083,VizieR:J/AJ/152/157/table1,UGC03580
UGC04278,123.49545,45.74215,5838.627606810856,VizieR:J/AJ/152/157/table1,UGC04278
UGC04305,124.77074,70.72003,27.24257714209368,VizieR:J/AJ/152/157/table1,UGC04305
UGC04325,124.83554,50.00961,6444.404791684948,VizieR:J/AJ/152/157/table1,UGC04325
UGC04483,129.26371,69.77478,351.98490000000004,VizieR:J/AJ/152/157/table1,UGC04483
UGC04499,129.42287,51.65238,3759.158631590312,VizieR:J/AJ/152/157/table1,UGC04499
UGC05005,141.12245,22.27482,7846.0770445778035,VizieR:J/AJ/152/157/table1,UGC05005
UGC05253,147.59264,72.27865,34080.3404871213,VizieR:J/AJ/152/157/table1,UGC05253
UGC05414,150.98827,40.76151,1731.4871555568177,VizieR:J/AJ/152/157/table1,UGC05414
UGC05716,157.93028,25.30761,4413.90234386631,VizieR:J/AJ/152/157/table1,UGC05716
UGC05721,158.072,27.66877,5378.964193186276,VizieR:J/AJ/152/157/table1,UGC05721
UGC05750,158.93796,20.99019,3952.929143936005,VizieR:J/AJ/152/157/table1,UGC05750
UGC05764,159.17976,31.54726,2342.66087,VizieR:J/AJ/152/157/table1,UGC05764
UGC05829,160.67828,34.44928,2639.75654,VizieR:J/AJ/152/157/table1,UGC05829
UGC05918,162.40172,65.53363,1393.5152599876767,VizieR:J/AJ/152/157/table1,UGC05918
UGC05986,163.12972,36.61878,10503.795025893727,VizieR:J/AJ/152/157/table1,UGC05986
UGC05999,163.24438,7.6198,6117.400690315992,VizieR:J/AJ/152/157/table1,UGC05999
UGC06399,170.84677,50.89268,5618.159779193651,VizieR:J/AJ/152/157/table1,UGC06399
UGC06446,171.66854,53.74667,5486.5813071428565,VizieR:J/AJ/152/157/table1,UGC06446
UGC06614,174.81185,17.14358,28415.06677955119,VizieR:J/AJ/152/157/table1,UGC06614
UGC06628,175.02392,45.94216,218.63758999999965,VizieR:J/AJ/152/157/table1,UGC06628
UGC06667,175.60962,51.59801,6122.73247640637,VizieR:J/AJ/152/157/table1,UGC06667
UGC06786,177.28931,27.02207,40689.59512094007,VizieR:J/AJ/152/157/table1,UGC06786
UGC06787,177.31404,56.08435,51191.06649975288,VizieR:J/AJ/152/157/table1,UGC06787
UGC06818,177.69564,45.8072,3495.5943149282502,VizieR:J/AJ/152/157/table1,UGC06818
UGC06917,179.11989,50.42839,8397.34837,VizieR:J/AJ/152/157/table1,UGC06917
UGC06923,179.20636,53.16034,3732.368034977763,VizieR:J/AJ/152/157/table1,UGC06923
UGC06930,179.32248,49.28325,8310.363206521846,VizieR:J/AJ/152/157/table1,UGC06930
UGC06973,179.7176,42.7224,10499.587766571614,VizieR:J/AJ/152/157/table1,UGC06973
UGC06983,179.78639,52.70779,9339.321172822592,VizieR:J/AJ/152/157/table1,UGC06983
UGC07089,181.49061,43.14336,3691.9796416666654,VizieR:J/AJ/152/157/table1,UGC07089
UGC07125,182.17297,36.8023,2436.674026613212,VizieR:J/AJ/152/157/table1,UGC07125
UGC07151,182.49417,46.45718,3520.8933782753998,VizieR:J/AJ/152/157/table1,UGC07151
UGC07232,183.43399,36.63127,644.2696104993522,VizieR:J/AJ/152/157/table1,UGC07232
UGC07261,183.80983,20.65908,3924.2167101239247,VizieR:J/AJ/152/157/table1,UGC07261
UGC07323,184.37572,45.61929,3888.403426165224,VizieR:J/AJ/152/157/table1,UGC07323
UGC07399,185.15883,46.29102,8965.617336978072,VizieR:J/AJ/152/157/table1,UGC07399
UGC07524,186.45384,33.54675,4587.789852866153,VizieR:J/AJ/152/157/table1,UGC07524
UGC07559,186.77319,37.14177,581.000741427295,VizieR:J/AJ/152/157/table1,UGC07559
UGC07577,186.92453,43.49947,65.91180044661377,VizieR:J/AJ/152/157/table1,UGC07577
UGC07603,187.1838,22.82044,3302.4454400000004,VizieR:J/AJ/152/157/table1,UGC07603
UGC07608,187.18366,43.22383,3228.01739,VizieR:J/AJ/152/157/table1,UGC07608
UGC07690,188.11206,42.70412,2185.394605954613,VizieR:J/AJ/152/157/table1,UGC07690
UGC07866,190.56315,38.50163,541.2523302338772,VizieR:J/AJ/152/157/table1,UGC07866
UGC08286,198.04916,44.03802,5856.6901987128485,VizieR:J/AJ/152/157/table1,UGC08286
UGC08490,202.40212,58.41873,5408.679191875895,VizieR:J/AJ/152/157/table1,UGC08490
UGC08550,203.5118,47.91547,2678.1243190452155,VizieR:J/AJ/152/157/table1,UGC08550
UGC08699,206.28612,41.5033,25150.491378724837,VizieR:J/AJ/152/157/table1,UGC08699
UGC08837,208.69001,53.90557,1025.400009028745,VizieR:J/AJ/152/157/table1,UGC08837
UGC09037,212.12127,7.058,13389.766265633152,VizieR:J/AJ/152/157/table1,UGC09037
UGC09133,214.03213,35.34372,40356.43991593451,VizieR:J/AJ/152/157/table1,UGC09133
UGC09992,235.45004,67.25389,586.8408099999999,VizieR:J/AJ/152/157/table1,UGC09992
UGC10310,244.07459,47.04532,3594.4961500000004,VizieR:J/AJ/152/157/table1,UGC10310
UGC11455,292.4844,72.11282,42069.20541875,VizieR:J/AJ/152/157/table1,UGC11455
UGC11557,306.00286,60.19484,1919.139045095204,VizieR:J/AJ/152/157/table1,UGC11557
UGC11820,327.36933,14.23094,4380.497160000001,VizieR:J/AJ/152/157/table1,UGC11820
UGC11914,331.9682,31.35926,32172.0716105492,VizieR:J/AJ/152/157/table1,UGC11914
UGC12506,349.87698,16.07479,42714.81132535761,VizieR:J/AJ/152/157/table1,UGC12506
UGC12632,352.49492,40.99033,3924.719021328688,VizieR:J/AJ/152/157/table1,UGC12632
UGC12732,355.1665,26.23606,6283.924568883492,VizieR:J/AJ/152/157/table1,UGC12732
UGCA281,186.56675,48.4935,513.5407138036901,VizieR:J/AJ/152/157/table1,UGCA281
UGCA442,355.93979,-31.95677,2584.062738075525,VizieR:J/AJ/152/157/table1,UGCA442
UGCA444,0.49125,-15.46389,917.4826545675204,VizieR:J/AJ/152/157/table1,UGCA444
