row_type,center,ra_deg,dec_deg,kappa,gradmag_1/kpc,r_mid_arcsec,kappa_median,kappa_p16,kappa_p84,gradmag_median_per_arcsec,gradmag_p16_per_arcsec,gradmag_p84_per_arcsec,n_pix,unit
center_sample,main,104.63088146599212,-55.934259101595984,0.0007741315115949457,9.82210237858469e-05,,,,,,,,,
annulus,main,,,,,6.0,0.0007345371159232871,0.0005855284613924863,0.0008686651414737059,9.201764004710044e-05,8.137521734000355e-05,0.00010547225719385124,30,1/kpc
annulus,main,,,,,18.0,0.0006328709543070205,0.0004067831574823102,0.0009630930307637029,7.457689121832418e-05,5.916034642944204e-05,9.447469965125757e-05,86,1/kpc
annulus,main,,,,,30.0,0.0005027972455246854,0.00028372470356418533,0.0009409009593422336,5.012671908799244e-05,3.584678516373688e-05,7.249815658883047e-05,149,1/kpc
annulus,main,,,,,42.0,0.00045953334464574264,0.0002152917105450626,0.0008577503266125634,3.5387629617577325e-05,2.3300838530657206e-05,5.7355757121541496e-05,209,1/kpc
annulus,main,,,,,54.0,0.0003994068047964334,0.0001782822214761707,0.0007334397711390769,2.8876801949115742e-05,1.347352954539032e-05,4.446527259220965e-05,259,1/kpc
annulus,main,,,,,66.0,0.00034641606479269513,0.0001516939138556106,0.0006768426495503559,2.905954407923848e-05,1.1551257537886408e-05,4.526056533066169e-05,319,1/kpc
annulus,main,,,,,78.0,0.0002672728719147632,0.00012154095929981495,0.0006222102825206368,2.7970101340474327e-05,1.0518574328752013e-05,5.18453577689458e-05,384,1/kpc
annulus,main,,,,,90.0,0.00020585163527670863,9.677508952522447e-05,0.0005238952869535171,2.1399668006301187e-05,8.71647105923024e-06,4.664444590256978e-05,440,1/kpc
annulus,main,,,,,102.0,0.00016098688524943694,7.617344370009681e-05,0.00041971223912535736,1.5681073010036786e-05,6.69966975177459e-06,4.3306241860651165e-05,494,1/kpc
annulus,main,,,,,114.0,0.00010690992287844763,6.180130523195485e-05,0.00031057906948202285,1.2074564218012253e-05,4.2332655116706906e-06,3.5441407101210146e-05,553,1/kpc
annulus,main,,,,,126.0,8.038586521488182e-05,5.005682517907682e-05,0.0002344998460503528,1.0091050577601673e-05,3.98984819874247e-06,2.90669910163555e-05,618,1/kpc
annulus,main,,,,,138.0,5.672982018669461e-05,4.0065008661210634e-05,0.00017270141204739654,8.467258273540418e-06,3.0620207405441716e-06,2.0902735178583854e-05,664,1/kpc
annulus,main,,,,,150.0,4.2009996833339354e-05,3.300818443780948e-05,0.00013215082914529134,3.907090575200744e-06,1.9100159535261384e-06,1.3869238468024023e-05,730,1/kpc
annulus,main,,,,,162.0,3.569559178969345e-05,2.8441757223792832e-05,0.00010701708392679039,2.971889824536105e-06,1.4326765387829567e-06,9.760547383043407e-06,793,1/kpc
annulus,main,,,,,174.0,3.016323987465859e-05,2.4782408926382825e-05,8.690490943201276e-05,2.1685373727914067e-06,1.0897850118040226e-06,7.3526043461032965e-06,842,1/kpc
annulus,main,,,,,186.0,2.6222655382594915e-05,2.1881869392449904e-05,7.230287836318516e-05,1.6822487166999443e-06,7.787245376387326e-07,5.043336632115949e-06,897,1/kpc
annulus,main,,,,,198.0,2.407934499724305e-05,1.9866453369927252e-05,6.097170314465358e-05,1.1887438371921243e-06,5.493900498090275e-07,3.7592953862462373e-06,969,1/kpc
annulus,main,,,,,210.0,2.2142983850703962e-05,1.8621127482889364e-05,4.990826813530758e-05,1.0354092188453394e-06,4.238042374918735e-07,2.8086722504208363e-06,1012,1/kpc
annulus,main,,,,,222.0,2.0512014997774005e-05,1.7906113092585594e-05,4.231254695056107e-05,8.208475719887324e-07,3.934187866449823e-07,2.2494803254423756e-06,1088,1/kpc
annulus,main,,,,,234.0,1.9062506227913407e-05,1.6590802377779865e-05,4.0512239687518295e-05,7.713543519525289e-07,3.7178925314768285e-07,2.0554228411020116e-06,1141,1/kpc
annulus,main,,,,,246.0,1.775168819162338e-05,1.5362119504447597e-05,3.620627171137579e-05,6.507143348808573e-07,3.116363621084515e-07,1.863055169430663e-06,1201,1/kpc
annulus,main,,,,,258.0,1.7077368245494142e-05,1.4671813008947773e-05,3.2330031306613054e-05,6.298520367464201e-07,3.0114125826537147e-07,1.6503511321131529e-06,1249,1/kpc
annulus,main,,,,,270.0,1.6551454747551824e-05,1.382728349486136e-05,2.865667019038084e-05,6.924791386259777e-07,2.4026955661007045e-07,1.779411101009808e-06,1324,1/kpc
annulus,main,,,,,282.0,1.589846891710592e-05,1.3118744603039287e-05,2.5739370708429708e-05,5.977131335997304e-07,2.5227299751880915e-07,1.6255515842959799e-06,1379,1/kpc
annulus,main,,,,,294.0,1.4777782356849285e-05,1.2512852205516126e-05,2.31143636305366e-05,5.646531876167394e-07,2.92688199502485e-07,1.293875333831823e-06,1427,1/kpc
annulus,main,,,,,306.0,1.4072197191770171e-05,1.1875208748329922e-05,2.156953925262243e-05,5.177636463474454e-07,2.4044552489821314e-07,1.24178930206604e-06,1488,1/kpc
annulus,main,,,,,318.0,1.3411212457839703e-05,1.1360307925567221e-05,2.0032630800983117e-05,4.521472774174908e-07,1.9738593108511046e-07,1.0978529677102122e-06,1556,1/kpc
annulus,main,,,,,330.0,1.3113375794441448e-05,1.0679077794137455e-05,1.8373071820709917e-05,4.6243559571904157e-07,2.232307885049676e-07,1.1854032577753583e-06,1601,1/kpc
annulus,main,,,,,342.0,1.2477280663460903e-05,1.017521358741891e-05,1.6775926787157737e-05,4.534691404284518e-07,1.9477424016378252e-07,1.13341641942084e-06,1659,1/kpc
annulus,main,,,,,354.0,1.2423614724420623e-05,9.664296307477572e-06,1.5380169969682346e-05,5.302245725094462e-07,2.1812253927819473e-07,1.241887675391848e-06,1733,1/kpc
annulus,main,,,,,366.0,1.2079574796710877e-05,9.178777295230272e-06,1.410845114020968e-05,5.330026013020531e-07,2.2859175068799294e-07,1.4740802780263074e-06,1775,1/kpc
annulus,main,,,,,378.0,1.1118576759552721e-05,8.741508005702166e-06,1.3227335542085618e-05,4.682492186276268e-07,2.1386935856215768e-07,1.124136965028125e-06,1842,1/kpc
annulus,main,,,,,390.0,1.0360801669892178e-05,8.157854255674059e-06,1.2530032643665547e-05,3.8685391084274796e-07,1.9003231321272315e-07,8.236457726410861e-07,1899,1/kpc
annulus,main,,,,,402.0,1.0015265327498302e-05,7.96580584520504e-06,1.2126040595791033e-05,3.423195500941877e-07,1.6618159562002585e-07,1.16686282380528e-06,1939,1/kpc
annulus,main,,,,,414.0,9.633311001954811e-06,7.602444893343244e-06,1.1725131452224044e-05,3.80071250564344e-07,1.793783624752685e-07,1.206314005816693e-06,2013,1/kpc
annulus,main,,,,,426.0,9.172319306472365e-06,7.175496377132423e-06,1.117485151493702e-05,4.2542754940085725e-07,1.9067808761812598e-07,9.907442528803375e-07,2084,1/kpc
annulus,main,,,,,438.0,8.823300316563332e-06,6.984942229132971e-06,1.1194789419109908e-05,3.2351950956255015e-07,1.553616093663702e-07,8.473670865487593e-07,2124,1/kpc
annulus,main,,,,,450.0,8.603706709056747e-06,6.427201763645724e-06,1.0827333194068857e-05,2.7000522387443235e-07,1.3021142798069855e-07,7.020782450355386e-07,2174,1/kpc
annulus,main,,,,,462.0,8.04290637204543e-06,6.137678770175975e-06,1.0088668581133396e-05,2.932118516990749e-07,1.3617204481152452e-07,6.758673636711191e-07,2251,1/kpc
annulus,main,,,,,474.0,7.683517371556523e-06,5.897615800382278e-06,9.992339626084309e-06,2.7714693022391025e-07,1.30216639871664e-07,6.559881648433173e-07,2321,1/kpc
annulus,main,,,,,486.0,7.343232196893458e-06,5.312343239399625e-06,9.842596346600177e-06,2.610435409300506e-07,1.111134512663495e-07,6.092194121187456e-07,2353,1/kpc
annulus,main,,,,,498.0,7.241341070557662e-06,4.730498105114721e-06,9.442752457006306e-06,2.470284308925595e-07,1.1183262804013276e-07,5.713412705674289e-07,2438,1/kpc
annulus,main,,,,,510.0,7.252802697209898e-06,4.360756687989133e-06,9.259922302156233e-06,2.5934385302057606e-07,1.1280009915876062e-07,6.113684151159674e-07,2488,1/kpc
annulus,main,,,,,522.0,7.228064324017381e-06,4.231249050917738e-06,9.825531033988182e-06,3.020160484027246e-07,1.3219798528291944e-07,8.170465825058975e-07,2543,1/kpc
annulus,main,,,,,534.0,6.9161616396091906e-06,4.229435385619543e-06,1.0013462659447638e-05,3.475605907934605e-07,1.2132394421373732e-07,8.826407004912371e-07,2597,1/kpc
annulus,main,,,,,546.0,6.65956243006131e-06,4.198959228188057e-06,9.692004156954501e-06,2.895172855892189e-07,1.1560600939462892e-07,7.366198026449062e-07,2671,1/kpc
annulus,main,,,,,558.0,6.308746151436767e-06,4.110049500274023e-06,9.11545929278316e-06,2.4676860764141407e-07,1.0477035185410706e-07,6.23719199799169e-07,2714,1/kpc
annulus,main,,,,,570.0,6.060430706659885e-06,3.88118304709021e-06,9.306728566192418e-06,2.386709227059949e-07,1.0979769302320647e-07,5.372705467648944e-07,2765,1/kpc
annulus,main,,,,,582.0,6.454425644380173e-06,3.7118148383959583e-06,9.476424801599955e-06,2.2489696765392618e-07,1.0036655667464367e-07,5.455016653771127e-07,2847,1/kpc
annulus,main,,,,,594.0,6.559557392568489e-06,3.696988082071083e-06,9.06485361932492e-06,2.474077910603867e-07,1.0340497362770881e-07,5.771438887612898e-07,2882,1/kpc
center_sample,sub,104.65133618524507,-55.954709016840965,0.0004082641499818774,3.8419239636727555e-05,,,,,,,,,
annulus,sub,,,,,6.0,0.0004004458591737915,0.000348109600142402,0.0004650692632636027,3.850131961041409e-05,3.3599389871322815e-05,4.0852534090312884e-05,32,1/kpc
annulus,sub,,,,,18.0,0.0003745931199032456,0.00028328737407607845,0.0005356710756571782,3.612801949852417e-05,2.55001463293132e-05,4.101444069960543e-05,86,1/kpc
annulus,sub,,,,,30.0,0.0003495577504668278,0.000232335665911652,0.0006007198347206991,3.332542465343356e-05,1.8399059722479462e-05,4.086280674950235e-05,142,1/kpc
annulus,sub,,,,,42.0,0.00031462363848676876,0.00019282804596923068,0.0006780973820077633,2.858282629416824e-05,1.325671104563414e-05,4.4626474654978824e-05,208,1/kpc
annulus,sub,,,,,54.0,0.00026864293599894993,0.00016718545426435764,0.0007188796638067017,2.6193465063496324e-05,1.1088854059873817e-05,5.072138156195235e-05,262,1/kpc
annulus,sub,,,,,66.0,0.00022676679567441767,0.0001500712329459347,0.0007030346950018424,2.32326097827123e-05,9.9771509782147e-06,5.495135553525456e-05,316,1/kpc
annulus,sub,,,,,78.0,0.0001815560053108533,0.00012312185634417408,0.0006283173739662821,2.16463060077586e-05,9.283490286106402e-06,5.800466433946022e-05,384,1/kpc
annulus,sub,,,,,90.0,0.0001438819231339,9.644079465363039e-05,0.0005381772607229509,1.4391817113400293e-05,8.024460824978377e-06,4.521107573848171e-05,434,1/kpc
annulus,sub,,,,,102.0,0.00011822564030819372,7.237430167425106e-05,0.0004911446375520718,1.1136432819159581e-05,7.410165755718771e-06,3.528004865931216e-05,487,1/kpc
annulus,sub,,,,,114.0,9.705105315435653e-05,5.2265807402622186e-05,0.00041606616146646204,8.92296284968228e-06,5.712632649689328e-06,3.3960150431132354e-05,565,1/kpc
annulus,sub,,,,,126.0,7.905527818890875e-05,3.861306967513104e-05,0.0003333484268837419,6.4851700288160784e-06,3.213270138475102e-06,3.068826462692158e-05,619,1/kpc
annulus,sub,,,,,138.0,6.811062660030136e-05,3.1216401021246606e-05,0.0002758414443805954,4.1908202763998775e-06,2.1441920934836937e-06,2.83363684313558e-05,670,1/kpc
annulus,sub,,,,,150.0,5.9987259657789804e-05,2.76276734498296e-05,0.00020720981588544555,3.1259908817842992e-06,1.7906461509252016e-06,2.4273868990968e-05,731,1/kpc
annulus,sub,,,,,162.0,5.265240471708043e-05,2.2818436244258044e-05,0.00016385205389545635,2.696537444516602e-06,1.5017220691080434e-06,1.882885198683342e-05,796,1/kpc
annulus,sub,,,,,174.0,4.525005665941317e-05,1.974005745615065e-05,0.0001248736324576111,2.4190367597074433e-06,9.973119043555757e-07,1.3042702293089832e-05,842,1/kpc
annulus,sub,,,,,186.0,3.894093958843529e-05,1.8364924919294246e-05,7.898684926678842e-05,1.8351459770842332e-06,6.113903386435747e-07,9.40731354313618e-06,907,1/kpc
annulus,sub,,,,,198.0,3.441012293378428e-05,1.7079269827069014e-05,5.280476407130925e-05,1.6226699130373094e-06,5.103514022990271e-07,5.778463055615882e-06,973,1/kpc
annulus,sub,,,,,210.0,3.0579450804535025e-05,1.5626612217380106e-05,4.307722450472311e-05,1.4740177576816302e-06,3.859095912204645e-07,3.5089301686766274e-06,1023,1/kpc
annulus,sub,,,,,222.0,2.7100587658270673e-05,1.5095929144695753e-05,3.708826960995737e-05,1.1920554783399934e-06,3.1786215511096523e-07,2.7780263557705983e-06,1063,1/kpc
annulus,sub,,,,,234.0,2.4550277841936877e-05,1.5146301282280733e-05,3.138009630665374e-05,1.1323250653206716e-06,3.469589834711284e-07,2.240593610089705e-06,1143,1/kpc
annulus,sub,,,,,246.0,2.242810322601794e-05,1.5045922005119353e-05,2.6605175387176106e-05,8.913196837194057e-07,3.612243771134695e-07,1.7770179268630166e-06,1203,1/kpc
annulus,sub,,,,,258.0,2.0909187159526852e-05,1.5189952366437077e-05,2.4141124446958904e-05,7.677750576171255e-07,3.6787796907013615e-07,1.6864145728468352e-06,1248,1/kpc
annulus,sub,,,,,270.0,1.922339006972918e-05,1.3882454688648275e-05,2.2654322021635882e-05,8.057107497541879e-07,3.422195977876327e-07,1.5644314508828253e-06,1323,1/kpc
annulus,sub,,,,,282.0,1.7377689197858793e-05,1.193934618613384e-05,2.119485992883737e-05,7.263075232191628e-07,3.66158069396034e-07,1.3460152449275753e-06,1366,1/kpc
annulus,sub,,,,,294.0,1.6119047801379187e-05,1.04991482801502e-05,1.9922218559318935e-05,5.79067635914743e-07,2.938596479671301e-07,1.0900239529247203e-06,1416,1/kpc
annulus,sub,,,,,306.0,1.469490676638052e-05,9.626166335935281e-06,1.8242829322148582e-05,5.031675685288034e-07,2.615752443550616e-07,1.0095169121131638e-06,1491,1/kpc
annulus,sub,,,,,318.0,1.3521220502931276e-05,9.311776208889208e-06,1.6754707184322524e-05,4.941914606626911e-07,2.3927024552442053e-07,9.85111793097944e-07,1559,1/kpc
annulus,sub,,,,,330.0,1.2529125660497625e-05,8.92828239153243e-06,1.5545465702943993e-05,4.939849436736603e-07,2.3563840223305067e-07,1.0119314657947453e-06,1597,1/kpc
annulus,sub,,,,,342.0,1.2062185399050618e-05,8.636051011900845e-06,1.548128819798549e-05,4.433925004314921e-07,2.13031204451606e-07,1.1945728021119521e-06,1653,1/kpc
annulus,sub,,,,,354.0,1.1668786261573374e-05,8.326300274939141e-06,1.550935663169838e-05,4.5847818660405625e-07,2.0373949195764704e-07,1.5282768581120192e-06,1732,1/kpc
annulus,sub,,,,,366.0,1.1456650422151566e-05,7.689245853352708e-06,1.4759025840075507e-05,4.185056957135083e-07,1.9631414496987267e-07,1.34348406166222e-06,1775,1/kpc
annulus,sub,,,,,378.0,1.0358555067222083e-05,7.203483220700081e-06,1.3909668838378008e-05,4.1284875365569553e-07,1.5990808200930387e-07,1.1170291754477021e-06,1847,1/kpc
annulus,sub,,,,,390.0,8.995224609181665e-06,6.740990523644674e-06,1.3285055684900143e-05,3.714247175485156e-07,1.626899817094459e-07,1.0522433679350665e-06,1918,1/kpc
annulus,sub,,,,,402.0,8.566257814586309e-06,6.430410477347802e-06,1.3336580788316184e-05,3.154580649106059e-07,1.3841657121139514e-07,9.613345842378232e-07,1955,1/kpc
annulus,sub,,,,,414.0,8.302377356539357e-06,6.203296436619483e-06,1.3195735401191105e-05,3.116142470870974e-07,1.4335622346052818e-07,8.116069341907721e-07,2009,1/kpc
annulus,sub,,,,,426.0,8.020978153476234e-06,5.7783536963085565e-06,1.2661659742270736e-05,2.978787891524626e-07,1.4330338953018696e-07,7.262844380065176e-07,2081,1/kpc
annulus,sub,,,,,438.0,7.877750686344849e-06,5.371851392692756e-06,1.1833009144164394e-05,3.071521918582791e-07,1.2990008350496772e-07,6.721468300506391e-07,2130,1/kpc
annulus,sub,,,,,450.0,7.5639473079010934e-06,4.5534823749011096e-06,1.1341080183528998e-05,2.646325959744693e-07,1.0847362324627865e-07,5.430370982754265e-07,2184,1/kpc
annulus,sub,,,,,462.0,7.31386177829787e-06,4.069234894693877e-06,1.1181888727642455e-05,2.6119440266809767e-07,1.0759934487115635e-07,5.65227699366105e-07,2265,1/kpc
annulus,sub,,,,,474.0,7.245594735547136e-06,3.912718277439452e-06,1.0984997439338992e-05,2.635108523344257e-07,1.1293735195056183e-07,5.863309111233867e-07,2303,1/kpc
annulus,sub,,,,,486.0,7.212087621521008e-06,3.754652440367168e-06,1.0979087296625321e-05,2.6671045926299553e-07,1.1695845619481183e-07,5.828565051264023e-07,2352,1/kpc
annulus,sub,,,,,498.0,6.821876189627141e-06,3.5888917123550716e-06,1.0732325329024206e-05,2.595886705629328e-07,1.2681231237172854e-07,5.511641890467031e-07,2417,1/kpc
annulus,sub,,,,,510.0,6.228842939012931e-06,3.5215166389124392e-06,1.0629857348700925e-05,2.6529916552130094e-07,1.2237855717703033e-07,5.63740339729417e-07,2493,1/kpc
annulus,sub,,,,,522.0,6.17492468431795e-06,3.5659721234950946e-06,1.0369832859861117e-05,2.828235375435932e-07,1.2906652361575178e-07,5.792142870006643e-07,2533,1/kpc
annulus,sub,,,,,534.0,6.599256214818341e-06,3.4451199919553854e-06,1.024530792679203e-05,2.60928107876864e-07,1.2250779551891652e-07,6.632267147336461e-07,2596,1/kpc
annulus,sub,,,,,546.0,6.654310114222413e-06,3.4402282649360054e-06,9.89325144947593e-06,2.435437209895623e-07,1.0582130461536038e-07,6.945842138656936e-07,2665,1/kpc
annulus,sub,,,,,558.0,6.55846639583076e-06,3.2236395375625096e-06,9.392345075531295e-06,2.486788699592898e-07,9.634363725163632e-08,6.241881593058865e-07,2697,1/kpc
annulus,sub,,,,,570.0,6.362309965805797e-06,2.9933436226180133e-06,8.96466275804516e-06,2.3284974576941572e-07,7.828444886541152e-08,5.186856383229679e-07,2759,1/kpc
annulus,sub,,,,,582.0,6.13672161213131e-06,2.513527025549494e-06,8.801348264867693e-06,2.1223389851726647e-07,7.514560930652345e-08,5.170311880032024e-07,2862,1/kpc
annulus,sub,,,,,594.0,6.483270455764213e-06,1.7654578363610912e-06,8.937279293293982e-06,2.3874099172377555e-07,7.08300083827594e-08,5.81683390449954e-07,2877,1/kpc
