obsid,status,name,ra,dec,time,detector,grating,exposure,type,pi,public_date,__row
25277,archived,Abell 2744,3.58854,-30.40122,60219.6662384259,ACIS-I,NONE,18930,GO,Bogdan,60443,5773
25278,archived,Abell 2744,3.58854,-30.40122,59915.0782175926,ACIS-I,NONE,9900,GO,Bogdan,60443,5774
25279,archived,Abell 2744,3.58854,-30.40122,59828.2342476852,ACIS-I,NONE,24780,GO,Bogdan,60443,5775
25907,archived,Abell 2744,3.58854,-30.40122,59891.6479976852,ACIS-I,NONE,37280,GO,Bogdan,60443,5776
25908,archived,Abell 2744,3.58854,-30.40122,59845.5642013889,ACIS-I,NONE,22910,GO,Bogdan,60443,5777
25909,archived,Abell 2744,3.58854,-30.40122,60088.9979976852,ACIS-I,NONE,19590,GO,Bogdan,60443,5778
25910,archived,Abell 2744,3.58854,-30.40122,59847.1303703704,ACIS-I,NONE,19560,GO,Bogdan,60443,5779
25911,archived,Abell 2744,3.58854,-30.40122,59688.1207060185,ACIS-I,NONE,17080,GO,Bogdan,60443,5780
25912,archived,Abell 2744,3.58854,-30.40122,59687.7039351852,ACIS-I,NONE,15580,GO,Bogdan,60443,5781
25913,archived,Abell 2744,3.58854,-30.40122,59825.3728703704,ACIS-I,NONE,19900,GO,Bogdan,60443,5782
25914,archived,Abell 2744,3.58854,-30.40122,59867.4571527778,ACIS-I,NONE,28580,GO,Bogdan,60443,5783
25915,archived,Abell 2744,3.58854,-30.40122,59825.9727314815,ACIS-I,NONE,21360,GO,Bogdan,60443,5784
25916,archived,Abell 2744,3.58854,-30.40122,60190.3598611111,ACIS-I,NONE,22500,GO,Bogdan,60443,5785
25917,archived,Abell 2744,3.58854,-30.40122,60117.4161111111,ACIS-I,NONE,36090,GO,Bogdan,60443,5786
25918,archived,Abell 2744,3.58854,-30.40122,59835.6363078704,ACIS-I,NONE,20900,GO,Bogdan,60443,5787
25919,archived,Abell 2744,3.58854,-30.40122,59743.1295949074,ACIS-I,NONE,25620,GO,Bogdan,60443,5788
25920,archived,Abell 2744,3.58854,-30.40122,59743.6683564815,ACIS-I,NONE,30910,GO,Bogdan,60443,5789
25921,archived,Abell 2744,3.58854,-30.40122,60160.7651851852,ACIS-I,NONE,17090,GO,Bogdan,60443,5790
25922,archived,Abell 2744,3.58854,-30.40122,59744.8421990741,ACIS-I,NONE,31780,GO,Bogdan,60443,5791
25923,archived,Abell 2744,3.58854,-30.40122,59826.7025115741,ACIS-I,NONE,11080,GO,Bogdan,60443,5792
25924,archived,Abell 2744,3.58854,-30.40122,59829.5206134259,ACIS-I,NONE,22080,GO,Bogdan,60443,5793
25925,archived,Abell 2744,3.58854,-30.40122,59824.6262268519,ACIS-I,NONE,23910,GO,Bogdan,60443,5794
25926,archived,Abell 2744,3.58854,-30.40122,60137.5079050926,ACIS-I,NONE,61980,GO,Bogdan,60443,5795
25927,archived,Abell 2744,3.58854,-30.40122,60203.7730324074,ACIS-I,NONE,20800,GO,Bogdan,60443,5796
25928,archived,Abell 2744,3.58854,-30.40122,59702.7118402778,ACIS-I,NONE,16080,GO,Bogdan,60443,5797
25929,archived,Abell 2744,3.58854,-30.40122,59817.2018634259,ACIS-I,NONE,28090,GO,Bogdan,60443,5798
25930,archived,Abell 2744,3.58854,-30.40122,59898.2118402778,ACIS-I,NONE,20190,GO,Bogdan,60443,5799
25931,archived,Abell 2744,3.58854,-30.40122,59692.7254398148,ACIS-I,NONE,14780,GO,Bogdan,60443,5800
25932,archived,Abell 2744,3.58854,-30.40122,59704.3605902778,ACIS-I,NONE,14270,GO,Bogdan,60443,5801
25933,archived,Abell 2744,3.58854,-30.40122,60171.0523263889,ACIS-I,NONE,24190,GO,Bogdan,60443,5802
25934,archived,Abell 2744,3.58854,-30.40122,59690.0844791667,ACIS-I,NONE,19550,GO,Bogdan,60443,5803
25935,archived,Abell 2744,3.58854,-30.40122,60176.6780787037,ACIS-I,NONE,24390,GO,Bogdan,60443,5804
25936,archived,Abell 2744,3.58854,-30.40122,59970.8423263889,ACIS-I,NONE,13090,GO,Bogdan,60443,5805
25937,archived,Abell 2744,3.58854,-30.40122,59910.3459259259,ACIS-I,NONE,31190,GO,Bogdan,60443,5806
25938,archived,Abell 2744,3.58854,-30.40122,59909.9125231481,ACIS-I,NONE,18900,GO,Bogdan,60443,5807
25939,archived,Abell 2744,3.58854,-30.40122,59972.4088078704,ACIS-I,NONE,14510,GO,Bogdan,60443,5808
25940,archived,Abell 2744,3.58854,-30.40122,60166.4159606481,ACIS-I,NONE,28090,GO,Bogdan,60443,5809
25941,archived,Abell 2744,3.58854,-30.40122,60104.1647685185,ACIS-I,NONE,33080,GO,Bogdan,60443,5810
25942,archived,Abell 2744,3.58854,-30.40122,59703.1459953704,ACIS-I,NONE,15380,GO,Bogdan,60443,5811
25943,archived,Abell 2744,3.58854,-30.40122,60187.9331365741,ACIS-I,NONE,16910,GO,Bogdan,60443,5812
25944,archived,Abell 2744,3.58854,-30.40122,59830.2881365741,ACIS-I,NONE,21900,GO,Bogdan,60443,5813
25945,archived,Abell 2744,3.58854,-30.40122,59849.3520486111,ACIS-I,NONE,17250,GO,Bogdan,60443,5814
25946,archived,Abell 2744,3.58854,-30.40122,60126.5394328704,ACIS-I,NONE,30090,GO,Bogdan,60443,5815
25947,archived,Abell 2744,3.58854,-30.40122,60211.2381712963,ACIS-I,NONE,15090,GO,Bogdan,60443,5816
25948,archived,Abell 2744,3.58854,-30.40122,59852.2309837963,ACIS-I,NONE,28230,GO,Bogdan,60443,5817
25949,archived,Abell 2744,3.58854,-30.40122,60244.4485416667,ACIS-I,NONE,21090,GO,Bogdan,60443,5818
25950,archived,Abell 2744,3.58854,-30.40122,60125.5921875,ACIS-I,NONE,30090,GO,Bogdan,60443,5819
25951,archived,Abell 2744,3.58854,-30.40122,59901.0640509259,ACIS-I,NONE,29090,GO,Bogdan,60443,5820
25952,archived,Abell 2744,3.58854,-30.40122,60214.7751967593,ACIS-I,NONE,10990,GO,Bogdan,60443,5821
25953,archived,Abell 2744,3.58854,-30.40122,59839.8988194444,ACIS-I,NONE,25080,GO,Bogdan,60443,5822
25954,archived,Abell 2744,3.58854,-30.40122,59693.5028703704,ACIS-I,NONE,13570,GO,Bogdan,60443,5823
25955,archived,Abell 2744,3.58854,-30.40122,60145.644849537,ACIS-I,NONE,44000,GO,Bogdan,60443,5824
25956,archived,Abell 2744,3.58854,-30.40122,59824.0260300926,ACIS-I,NONE,14090,GO,Bogdan,60443,5825
25957,archived,Abell 2744,3.58854,-30.40122,59830.758599537,ACIS-I,NONE,22090,GO,Bogdan,60443,5826
25958,archived,Abell 2744,3.58854,-30.40122,59703.9247106481,ACIS-I,NONE,12480,GO,Bogdan,60443,5827
25959,archived,Abell 2744,3.58854,-30.40122,60161.6456712963,ACIS-I,NONE,15590,GO,Bogdan,60443,5828
25960,archived,Abell 2744,3.58854,-30.40122,60133.4266666667,ACIS-I,NONE,25090,GO,Bogdan,60443,5829
25961,archived,Abell 2744,3.58854,-30.40122,60196.8314351852,ACIS-I,NONE,19090,GO,Bogdan,60443,5830
25962,archived,Abell 2744,3.58854,-30.40122,60198.4598148148,ACIS-I,NONE,22090,GO,Bogdan,60443,5831
25963,archived,Abell 2744,3.58854,-30.40122,59909.043912037,ACIS-I,NONE,38080,GO,Bogdan,60443,5832
25964,archived,Abell 2744,3.58854,-30.40122,60192.5801157407,ACIS-I,NONE,20590,GO,Bogdan,60443,5833
25965,archived,Abell 2744,3.58854,-30.40122,60132.5164930556,ACIS-I,NONE,36100,GO,Bogdan,60443,5834
25966,archived,Abell 2744,3.58854,-30.40122,60169.2674884259,ACIS-I,NONE,19090,GO,Bogdan,60443,5835
25967,archived,Abell 2744,3.58854,-30.40122,59792.3411342593,ACIS-I,NONE,34080,GO,Bogdan,60443,5836
25968,archived,Abell 2744,3.58854,-30.40122,59772.9453009259,ACIS-I,NONE,27820,GO,Bogdan,60443,5837
25969,archived,Abell 2744,3.58854,-30.40122,59861.1832407407,ACIS-I,NONE,28090,GO,Bogdan,60443,5838
25970,archived,Abell 2744,3.58854,-30.40122,59742.4770601852,ACIS-I,NONE,25080,GO,Bogdan,60443,5839
25971,archived,Abell 2744,3.58854,-30.40122,59703.5501851852,ACIS-I,NONE,12780,GO,Bogdan,60443,5840
25972,archived,Abell 2744,3.58854,-30.40122,59717.1262731481,ACIS-I,NONE,32170,GO,Bogdan,60443,5841
25973,archived,Abell 2744,3.58854,-30.40122,59894.4789236111,ACIS-I,NONE,18390,GO,Bogdan,60443,5842
26280,archived,Abell 2744,3.58854,-30.40122,59597.99,ACIS-I,NONE,11900,GO,Bogdan,60443,5843
27347,archived,Abell 2744,3.58854,-30.40122,59831.2295601852,ACIS-I,NONE,22250,GO,Bogdan,60443,5844
27449,archived,Abell 2744,3.58854,-30.40122,59846.0786226852,ACIS-I,NONE,9910,GO,Bogdan,60443,5845
27450,archived,Abell 2744,3.58854,-30.40122,59848.0080555556,ACIS-I,NONE,9910,GO,Bogdan,60443,5846
27556,archived,Abell 2744,3.58854,-30.40122,59898.8593518519,ACIS-I,NONE,25490,GO,Bogdan,60443,5847
27563,archived,Abell 2744,3.58854,-30.40122,60103.6928703704,ACIS-I,NONE,11850,GO,Bogdan,60443,5848
27575,archived,Abell 2744,3.58854,-30.40122,59915.421400463,ACIS-I,NONE,19910,GO,Bogdan,60443,5849
27678,archived,Abell 2744,3.58854,-30.40122,59971.2073958333,ACIS-I,NONE,12580,GO,Bogdan,60443,5850
27679,archived,Abell 2744,3.58854,-30.40122,59972.0366087963,ACIS-I,NONE,12090,GO,Bogdan,60443,5851
27680,archived,Abell 2744,3.58854,-30.40122,59972.7878125,ACIS-I,NONE,13390,GO,Bogdan,60443,5852
27681,archived,Abell 2744,3.58854,-30.40122,59973.1523148148,ACIS-I,NONE,9910,GO,Bogdan,60443,5853
27739,archived,Abell 2744,3.58854,-30.40122,60218.9860416667,ACIS-I,NONE,21590,GO,Bogdan,60443,5854
27780,archived,Abell 2744,3.58854,-30.40122,60177.3201967593,ACIS-I,NONE,15090,GO,Bogdan,60443,5855
27856,archived,Abell 2744,3.58854,-30.40122,60089.425625,ACIS-I,NONE,16090,GO,Bogdan,60443,5856
27857,archived,Abell 2744,3.58854,-30.40122,60090.9805902778,ACIS-I,NONE,13090,GO,Bogdan,60443,5857
27896,archived,Abell 2744,3.58854,-30.40122,60105.5058449074,ACIS-I,NONE,13910,GO,Bogdan,60443,5858
27974,archived,Abell 2744,3.58854,-30.40122,60161.1567013889,ACIS-I,NONE,29090,GO,Bogdan,60443,5859
28370,archived,Abell 2744,3.58854,-30.40122,60169.7190509259,ACIS-I,NONE,21000,GO,Bogdan,60443,5860
28483,archived,Abell 2744,3.58854,-30.40122,60175.9643055556,ACIS-I,NONE,20490,GO,Bogdan,60443,5861
28872,archived,Abell 2744,3.58854,-30.40122,60188.2990972222,ACIS-I,NONE,13260,GO,Bogdan,60443,5862
28886,archived,Abell 2744,3.58854,-30.40122,60197.8511574074,ACIS-I,NONE,10090,GO,Bogdan,60443,5863
28887,archived,Abell 2744,3.58854,-30.40122,60197.3809722222,ACIS-I,NONE,20110,GO,Bogdan,60443,5864
28910,archived,Abell 2744,3.58854,-30.40122,60242.5409606481,ACIS-I,NONE,26090,GO,Bogdan,60443,5865
28920,archived,Abell 2744,3.58854,-30.40122,60212.0578935185,ACIS-I,NONE,15480,GO,Bogdan,60443,5866
28934,archived,Abell 2744,3.58854,-30.40122,60216.8851157407,ACIS-I,NONE,20090,GO,Bogdan,60443,5867
28951,archived,Abell 2744,3.58854,-30.40122,60222.5826736111,ACIS-I,NONE,13070,GO,Bogdan,60443,5868
28952,archived,Abell 2744,3.58854,-30.40122,60225.1867824074,ACIS-I,NONE,13970,GO,Bogdan,60443,5869
29207,archived,Abell 2744,3.58854,-30.40122,60459.4266898148,ACIS-I,NONE,19910,GO,Bogdan,,5870
29427,archived,Abell 2744,3.58854,-30.40122,60459.8610185185,ACIS-I,NONE,18910,GO,Bogdan,,5871
7915,archived,Abell 2744,3.58083,-30.39153,54047.5566782407,ACIS-I,NONE,18860,GO,Kempner,54632,5876
8477,archived,Abell 2744,3.58083,-30.39153,54261.4890509259,ACIS-I,NONE,46500,GO,Kempner,54632,5877
8557,archived,Abell 2744,3.58083,-30.39153,54265.4016319444,ACIS-I,NONE,28170,GO,Kempner,54632,5878
7712,archived,A2744,3.58000,-30.38533,54353.9659143519,ACIS-I,NONE,8170,GTO,Garmire,54723,5879
2212,archived,A2744,3.55417,-30.37778,52155.1756134259,ACIS-S,NONE,25140,GO,David,52550,5883
