level_pct,sample_file,a_centroid_ra_deg,a_centroid_dec_deg,b_centroid_ra_deg,b_centroid_dec_deg,sep_arcsec
99.0,toy_models/data/bullet_cluster/external_lensing/canucs_rihtarsic_2026/sample_model/sample_maps\bulletclu-kappa-200mas_0.fits,104.65227496196754,-55.95387410404291,104.62155911990654,-55.945703679916306,68.54578167319158
99.0,toy_models/data/bullet_cluster/external_lensing/canucs_rihtarsic_2026/sample_model/sample_maps\bulletclu-kappa-200mas_1.fits,104.65205964501513,-55.95370100360093,104.62155911990654,-55.945703679916306,67.88752074529371
99.0,toy_models/data/bullet_cluster/external_lensing/canucs_rihtarsic_2026/sample_model/sample_maps\bulletclu-kappa-200mas_10.fits,104.65224872075564,-55.95394407180736,104.62155911990654,-55.945703679916306,68.60649563282708
99.0,toy_models/data/bullet_cluster/external_lensing/canucs_rihtarsic_2026/sample_model/sample_maps\bulletclu-kappa-200mas_11.fits,104.65221127009515,-55.953782104753174,104.62155911990654,-55.945703679916306,68.28820131932422
99.0,toy_models/data/bullet_cluster/external_lensing/canucs_rihtarsic_2026/sample_model/sample_maps\bulletclu-kappa-200mas_12.fits,104.65230464477905,-55.95387398075314,104.62155911990654,-55.945703679916306,68.59963963511125
99.0,toy_models/data/bullet_cluster/external_lensing/canucs_rihtarsic_2026/sample_model/sample_maps\bulletclu-kappa-200mas_13.fits,104.65211188673533,-55.953737810291095,104.62155911990654,-55.945703679916306,68.03909527867494
99.0,toy_models/data/bullet_cluster/external_lensing/canucs_rihtarsic_2026/sample_model/sample_maps\bulletclu-kappa-200mas_14.fits,104.65235579440134,-55.95394478387249,104.62155911990654,-55.945703679916306,68.80227301682339
99.0,toy_models/data/bullet_cluster/external_lensing/canucs_rihtarsic_2026/sample_model/sample_maps\bulletclu-kappa-200mas_15.fits,104.65199727756844,-55.95370884158591,104.62155911990654,-55.945703679916306,67.78567743182283
99.0,toy_models/data/bullet_cluster/external_lensing/canucs_rihtarsic_2026/sample_model/sample_maps\bulletclu-kappa-200mas_16.fits,104.65247003167315,-55.9540876746409,104.62155911990654,-55.945703679916306,69.23270713798742
99.0,toy_models/data/bullet_cluster/external_lensing/canucs_rihtarsic_2026/sample_model/sample_maps\bulletclu-kappa-200mas_17.fits,104.65175014787921,-55.95358133628557,104.62155911990654,-55.945703679916306,67.14004662910864
99.0,toy_models/data/bullet_cluster/external_lensing/canucs_rihtarsic_2026/sample_model/sample_maps\bulletclu-kappa-200mas_18.fits,104.65192594503723,-55.95368738431377,104.62155911990654,-55.945703679916306,67.62270826710342
99.0,toy_models/data/bullet_cluster/external_lensing/canucs_rihtarsic_2026/sample_model/sample_maps\bulletclu-kappa-200mas_19.fits,104.65250506430074,-55.954080930175266,104.62155911990654,-55.945703679916306,69.28569859828836
99.0,toy_models/data/bullet_cluster/external_lensing/canucs_rihtarsic_2026/sample_model/sample_maps\bulletclu-kappa-200mas_2.fits,104.65253760466116,-55.95408282453822,104.62155911990654,-55.945703679916306,69.34772144458269
99.0,toy_models/data/bullet_cluster/external_lensing/canucs_rihtarsic_2026/sample_model/sample_maps\bulletclu-kappa-200mas_20.fits,104.6522848238833,-55.95386423161904,104.62155911990654,-55.945703679916306,68.54850559887683
99.0,toy_models/data/bullet_cluster/external_lensing/canucs_rihtarsic_2026/sample_model/sample_maps\bulletclu-kappa-200mas_21.fits,104.65222191876815,-55.953824774214425,104.62155911990654,-55.945703679916306,68.37313352540424
99.0,toy_models/data/bullet_cluster/external_lensing/canucs_rihtarsic_2026/sample_model/sample_maps\bulletclu-kappa-200mas_22.fits,104.652121689701,-55.95370959035714,104.62155911990654,-55.945703679916306,68.013889550366
99.0,toy_models/data/bullet_cluster/external_lensing/canucs_rihtarsic_2026/sample_model/sample_maps\bulletclu-kappa-200mas_23.fits,104.65252333340018,-55.95404373366525,104.62155911990654,-55.945703679916306,69.26072778290504
99.0,toy_models/data/bullet_cluster/external_lensing/canucs_rihtarsic_2026/sample_model/sample_maps\bulletclu-kappa-200mas_24.fits,104.65190378933967,-55.953637288406284,104.62155911990654,-55.945703679916306,67.50582203809074
99.0,toy_models/data/bullet_cluster/external_lensing/canucs_rihtarsic_2026/sample_model/sample_maps\bulletclu-kappa-200mas_25.fits,104.65222175434465,-55.95380627279588,104.62155911990654,-55.945703679916306,68.34439373244517
99.0,toy_models/data/bullet_cluster/external_lensing/canucs_rihtarsic_2026/sample_model/sample_maps\bulletclu-kappa-200mas_26.fits,104.65232432752757,-55.95397129865586,104.62155911990654,-55.945703679916306,68.78627936722054
99.0,toy_models/data/bullet_cluster/external_lensing/canucs_rihtarsic_2026/sample_model/sample_maps\bulletclu-kappa-200mas_27.fits,104.6520214191316,-55.953703062370245,104.62155911990654,-55.945703679916306,67.8208936147185
99.0,toy_models/data/bullet_cluster/external_lensing/canucs_rihtarsic_2026/sample_model/sample_maps\bulletclu-kappa-200mas_28.fits,104.65260884264042,-55.954131727519886,104.62155911990654,-55.945703679916306,69.55362922423662
99.0,toy_models/data/bullet_cluster/external_lensing/canucs_rihtarsic_2026/sample_model/sample_maps\bulletclu-kappa-200mas_29.fits,104.65218919866635,-55.95387247260152,104.62155911990654,-55.945703679916306,68.38714840939336
99.0,toy_models/data/bullet_cluster/external_lensing/canucs_rihtarsic_2026/sample_model/sample_maps\bulletclu-kappa-200mas_3.fits,104.65238393766437,-55.95395600630405,104.62155911990654,-55.945703679916306,68.87087054743232
99.0,toy_models/data/bullet_cluster/external_lensing/canucs_rihtarsic_2026/sample_model/sample_maps\bulletclu-kappa-200mas_30.fits,104.65233512661088,-55.95396158484274,104.62155911990654,-55.945703679916306,68.79079191461476
99.0,toy_models/data/bullet_cluster/external_lensing/canucs_rihtarsic_2026/sample_model/sample_maps\bulletclu-kappa-200mas_31.fits,104.65229457067149,-55.95394399997899,104.62155911990654,-55.945703679916306,68.68972910851356
99.0,toy_models/data/bullet_cluster/external_lensing/canucs_rihtarsic_2026/sample_model/sample_maps\bulletclu-kappa-200mas_32.fits,104.65224310851676,-55.9538128249981,104.62155911990654,-55.945703679916306,68.39338291209542
99.0,toy_models/data/bullet_cluster/external_lensing/canucs_rihtarsic_2026/sample_model/sample_maps\bulletclu-kappa-200mas_33.fits,104.65234483078085,-55.953928713572004,104.62155911990654,-55.945703679916306,68.75741196373892
99.0,toy_models/data/bullet_cluster/external_lensing/canucs_rihtarsic_2026/sample_model/sample_maps\bulletclu-kappa-200mas_34.fits,104.65186728475898,-55.95366341135361,104.62155911990654,-55.945703679916306,67.47901956626998
99.0,toy_models/data/bullet_cluster/external_lensing/canucs_rihtarsic_2026/sample_model/sample_maps\bulletclu-kappa-200mas_35.fits,104.65198983841434,-55.95373584873721,104.62155911990654,-55.945703679916306,67.81348600861537
99.0,toy_models/data/bullet_cluster/external_lensing/canucs_rihtarsic_2026/sample_model/sample_maps\bulletclu-kappa-200mas_36.fits,104.65218458040074,-55.95383600942622,104.62155911990654,-55.945703679916306,68.32241894318454
99.0,toy_models/data/bullet_cluster/external_lensing/canucs_rihtarsic_2026/sample_model/sample_maps\bulletclu-kappa-200mas_37.fits,104.65216382036454,-55.953856159719024,104.62155911990654,-55.945703679916306,68.31572979396142
99.0,toy_models/data/bullet_cluster/external_lensing/canucs_rihtarsic_2026/sample_model/sample_maps\bulletclu-kappa-200mas_38.fits,104.65256433116942,-55.95410436661057,104.62155911990654,-55.945703679916306,69.42996382494862
99.0,toy_models/data/bullet_cluster/external_lensing/canucs_rihtarsic_2026/sample_model/sample_maps\bulletclu-kappa-200mas_39.fits,104.6525113860756,-55.9540957947763,104.62155911990654,-55.945703679916306,69.32046578383087
99.0,toy_models/data/bullet_cluster/external_lensing/canucs_rihtarsic_2026/sample_model/sample_maps\bulletclu-kappa-200mas_4.fits,104.65241861465454,-55.95401825953083,104.62155911990654,-55.945703679916306,69.03077445353468
99.0,toy_models/data/bullet_cluster/external_lensing/canucs_rihtarsic_2026/sample_model/sample_maps\bulletclu-kappa-200mas_40.fits,104.65197398897034,-55.95368450129945,104.62155911990654,-55.945703679916306,67.70597828849813
99.0,toy_models/data/bullet_cluster/external_lensing/canucs_rihtarsic_2026/sample_model/sample_maps\bulletclu-kappa-200mas_41.fits,104.65263991519925,-55.954151461384,104.62155911990654,-55.945703679916306,69.64097426029358
99.0,toy_models/data/bullet_cluster/external_lensing/canucs_rihtarsic_2026/sample_model/sample_maps\bulletclu-kappa-200mas_42.fits,104.65194906011664,-55.95359870108084,104.62155911990654,-55.945703679916306,67.52996009263597
99.0,toy_models/data/bullet_cluster/external_lensing/canucs_rihtarsic_2026/sample_model/sample_maps\bulletclu-kappa-200mas_43.fits,104.65241934005446,-55.954003095187026,104.62155911990654,-55.945703679916306,69.0084494840087
99.0,toy_models/data/bullet_cluster/external_lensing/canucs_rihtarsic_2026/sample_model/sample_maps\bulletclu-kappa-200mas_44.fits,104.65223240531401,-55.95377517551247,104.62155911990654,-55.945703679916306,68.31614081187108
99.0,toy_models/data/bullet_cluster/external_lensing/canucs_rihtarsic_2026/sample_model/sample_maps\bulletclu-kappa-200mas_45.fits,104.65245427335492,-55.954061952739984,104.62155911990654,-55.945703679916306,69.16380501700255
99.0,toy_models/data/bullet_cluster/external_lensing/canucs_rihtarsic_2026/sample_model/sample_maps\bulletclu-kappa-200mas_46.fits,104.65219762352993,-55.95382209095329,104.62155911990654,-55.945703679916306,68.32473669228611
99.0,toy_models/data/bullet_cluster/external_lensing/canucs_rihtarsic_2026/sample_model/sample_maps\bulletclu-kappa-200mas_47.fits,104.65237689266174,-55.95391063479125,104.62155911990654,-55.945703679916306,68.78777908025785
99.0,toy_models/data/bullet_cluster/external_lensing/canucs_rihtarsic_2026/sample_model/sample_maps\bulletclu-kappa-200mas_48.fits,104.65236228910484,-55.95394026675324,104.62155911990654,-55.945703679916306,68.80707894651754
99.0,toy_models/data/bullet_cluster/external_lensing/canucs_rihtarsic_2026/sample_model/sample_maps\bulletclu-kappa-200mas_49.fits,104.6525446357532,-55.95416010052207,104.62155911990654,-55.945703679916306,69.48186540071292
99.0,toy_models/data/bullet_cluster/external_lensing/canucs_rihtarsic_2026/sample_model/sample_maps\bulletclu-kappa-200mas_5.fits,104.65243018872224,-55.95403318063345,104.62155911990654,-55.945703679916306,69.0750886729164
99.0,toy_models/data/bullet_cluster/external_lensing/canucs_rihtarsic_2026/sample_model/sample_maps\bulletclu-kappa-200mas_50.fits,104.6525410704813,-55.95407945367472,104.62155911990654,-55.945703679916306,69.34873729313823
99.0,toy_models/data/bullet_cluster/external_lensing/canucs_rihtarsic_2026/sample_model/sample_maps\bulletclu-kappa-200mas_51.fits,104.65232562578883,-55.95392067562596,104.62155911990654,-55.945703679916306,68.7100189132287
99.0,toy_models/data/bullet_cluster/external_lensing/canucs_rihtarsic_2026/sample_model/sample_maps\bulletclu-kappa-200mas_52.fits,104.65228310590356,-55.95395643848378,104.62155911990654,-55.945703679916306,68.6882338518165
99.0,toy_models/data/bullet_cluster/external_lensing/canucs_rihtarsic_2026/sample_model/sample_maps\bulletclu-kappa-200mas_53.fits,104.65240685054444,-55.9539874924841,104.62155911990654,-55.945703679916306,68.96145974779137
99.0,toy_models/data/bullet_cluster/external_lensing/canucs_rihtarsic_2026/sample_model/sample_maps\bulletclu-kappa-200mas_54.fits,104.65242429460748,-55.95389657543243,104.62155911990654,-55.945703679916306,68.85239106788161
99.0,toy_models/data/bullet_cluster/external_lensing/canucs_rihtarsic_2026/sample_model/sample_maps\bulletclu-kappa-200mas_55.fits,104.65225601077637,-55.95388977391004,104.62155911990654,-55.945703679916306,68.53550572161376
99.0,toy_models/data/bullet_cluster/external_lensing/canucs_rihtarsic_2026/sample_model/sample_maps\bulletclu-kappa-200mas_56.fits,104.65254692131678,-55.95408647777913,104.62155911990654,-55.945703679916306,69.37034952384003
99.0,toy_models/data/bullet_cluster/external_lensing/canucs_rihtarsic_2026/sample_model/sample_maps\bulletclu-kappa-200mas_57.fits,104.65215120427874,-55.95392546312629,104.62155911990654,-55.945703679916306,68.40030757369459
99.0,toy_models/data/bullet_cluster/external_lensing/canucs_rihtarsic_2026/sample_model/sample_maps\bulletclu-kappa-200mas_58.fits,104.65203964119671,-55.95373484096177,104.62155911990654,-55.945703679916306,67.90275981588965
99.0,toy_models/data/bullet_cluster/external_lensing/canucs_rihtarsic_2026/sample_model/sample_maps\bulletclu-kappa-200mas_59.fits,104.65226045844875,-55.953921044227876,104.62155911990654,-55.945703679916306,68.59205285073882
99.0,toy_models/data/bullet_cluster/external_lensing/canucs_rihtarsic_2026/sample_model/sample_maps\bulletclu-kappa-200mas_6.fits,104.6521383842235,-55.95383681316914,104.62155911990654,-55.945703679916306,68.23953552675846
99.0,toy_models/data/bullet_cluster/external_lensing/canucs_rihtarsic_2026/sample_model/sample_maps\bulletclu-kappa-200mas_60.fits,104.65223088519203,-55.95389866242703,104.62155911990654,-55.945703679916306,68.50355266375068
99.0,toy_models/data/bullet_cluster/external_lensing/canucs_rihtarsic_2026/sample_model/sample_maps\bulletclu-kappa-200mas_61.fits,104.65205015388018,-55.95373059645503,104.62155911990654,-55.945703679916306,67.91543426839165
99.0,toy_models/data/bullet_cluster/external_lensing/canucs_rihtarsic_2026/sample_model/sample_maps\bulletclu-kappa-200mas_62.fits,104.65248934296538,-55.954004747972654,104.62155911990654,-55.945703679916306,69.13824101567108
99.0,toy_models/data/bullet_cluster/external_lensing/canucs_rihtarsic_2026/sample_model/sample_maps\bulletclu-kappa-200mas_63.fits,104.65239191375491,-55.95390960792755,104.62155911990654,-55.945703679916306,68.81353703299632
99.0,toy_models/data/bullet_cluster/external_lensing/canucs_rihtarsic_2026/sample_model/sample_maps\bulletclu-kappa-200mas_64.fits,104.65252402918354,-55.95410520059775,104.62155911990654,-55.945703679916306,69.35815620381264
99.0,toy_models/data/bullet_cluster/external_lensing/canucs_rihtarsic_2026/sample_model/sample_maps\bulletclu-kappa-200mas_65.fits,104.65248417563383,-55.95413416252829,104.62155911990654,-55.945703679916306,69.33142926672237
99.0,toy_models/data/bullet_cluster/external_lensing/canucs_rihtarsic_2026/sample_model/sample_maps\bulletclu-kappa-200mas_66.fits,104.65242606663314,-55.954026375163124,104.62155911990654,-55.945703679916306,69.0569753332659
99.0,toy_models/data/bullet_cluster/external_lensing/canucs_rihtarsic_2026/sample_model/sample_maps\bulletclu-kappa-200mas_67.fits,104.65196445719617,-55.9537039760114,104.62155911990654,-55.945703679916306,67.71835524151413
99.0,toy_models/data/bullet_cluster/external_lensing/canucs_rihtarsic_2026/sample_model/sample_maps\bulletclu-kappa-200mas_68.fits,104.65234958597948,-55.95394637879936,104.62155911990654,-55.945703679916306,68.7934574253286
99.0,toy_models/data/bullet_cluster/external_lensing/canucs_rihtarsic_2026/sample_model/sample_maps\bulletclu-kappa-200mas_69.fits,104.65217351563258,-55.95381532842422,104.62155911990654,-55.945703679916306,68.27040348504643
99.0,toy_models/data/bullet_cluster/external_lensing/canucs_rihtarsic_2026/sample_model/sample_maps\bulletclu-kappa-200mas_7.fits,104.65220949930234,-55.9539658369831,104.62155911990654,-55.945703679916306,68.56915456508773
99.0,toy_models/data/bullet_cluster/external_lensing/canucs_rihtarsic_2026/sample_model/sample_maps\bulletclu-kappa-200mas_70.fits,104.65225339026584,-55.953834629249094,104.62155911990654,-55.945703679916306,68.44564240458645
99.0,toy_models/data/bullet_cluster/external_lensing/canucs_rihtarsic_2026/sample_model/sample_maps\bulletclu-kappa-200mas_71.fits,104.6520078630435,-55.95371070013144,104.62155911990654,-55.945703679916306,67.80783363278584
99.0,toy_models/data/bullet_cluster/external_lensing/canucs_rihtarsic_2026/sample_model/sample_maps\bulletclu-kappa-200mas_72.fits,104.65238366094799,-55.95392343977387,104.62155911990654,-55.945703679916306,68.81989900004008
99.0,toy_models/data/bullet_cluster/external_lensing/canucs_rihtarsic_2026/sample_model/sample_maps\bulletclu-kappa-200mas_73.fits,104.6520390868792,-55.953756810841995,104.62155911990654,-55.945703679916306,67.93544748725853
99.0,toy_models/data/bullet_cluster/external_lensing/canucs_rihtarsic_2026/sample_model/sample_maps\bulletclu-kappa-200mas_74.fits,104.6520332977635,-55.9536429779881,104.62155911990654,-55.945703679916306,67.75108236455712
99.0,toy_models/data/bullet_cluster/external_lensing/canucs_rihtarsic_2026/sample_model/sample_maps\bulletclu-kappa-200mas_75.fits,104.65223017012596,-55.95381361475017,104.62155911990654,-55.945703679916306,68.37101234270659
99.0,toy_models/data/bullet_cluster/external_lensing/canucs_rihtarsic_2026/sample_model/sample_maps\bulletclu-kappa-200mas_76.fits,104.65187122932156,-55.953545201847774,104.62155911990654,-55.945703679916306,67.30671294826134
99.0,toy_models/data/bullet_cluster/external_lensing/canucs_rihtarsic_2026/sample_model/sample_maps\bulletclu-kappa-200mas_77.fits,104.6520696262134,-55.95376849482306,104.62155911990654,-55.945703679916306,68.00906182408576
99.0,toy_models/data/bullet_cluster/external_lensing/canucs_rihtarsic_2026/sample_model/sample_maps\bulletclu-kappa-200mas_78.fits,104.65231487600879,-55.95389908520252,104.62155911990654,-55.945703679916306,68.6570414262677
99.0,toy_models/data/bullet_cluster/external_lensing/canucs_rihtarsic_2026/sample_model/sample_maps\bulletclu-kappa-200mas_79.fits,104.65211516106538,-55.95375509566057,104.62155911990654,-55.945703679916306,68.07153030125818
99.0,toy_models/data/bullet_cluster/external_lensing/canucs_rihtarsic_2026/sample_model/sample_maps\bulletclu-kappa-200mas_8.fits,104.65268560839442,-55.95417847727814,104.62155911990654,-55.945703679916306,69.76629996001864
99.0,toy_models/data/bullet_cluster/external_lensing/canucs_rihtarsic_2026/sample_model/sample_maps\bulletclu-kappa-200mas_80.fits,104.6523669917347,-55.95398899213273,104.62155911990654,-55.945703679916306,68.89136182901687
99.0,toy_models/data/bullet_cluster/external_lensing/canucs_rihtarsic_2026/sample_model/sample_maps\bulletclu-kappa-200mas_81.fits,104.6521369286661,-55.95383626982236,104.62155911990654,-55.945703679916306,68.23604645843982
99.0,toy_models/data/bullet_cluster/external_lensing/canucs_rihtarsic_2026/sample_model/sample_maps\bulletclu-kappa-200mas_82.fits,104.65230207679156,-55.95390997767713,104.62155911990654,-55.945703679916306,68.65060402460254
99.0,toy_models/data/bullet_cluster/external_lensing/canucs_rihtarsic_2026/sample_model/sample_maps\bulletclu-kappa-200mas_83.fits,104.65216733405758,-55.953849051395146,104.62155911990654,-55.945703679916306,68.31114196878002
99.0,toy_models/data/bullet_cluster/external_lensing/canucs_rihtarsic_2026/sample_model/sample_maps\bulletclu-kappa-200mas_84.fits,104.65246318937885,-55.95407449872773,104.62155911990654,-55.945703679916306,69.19963520102473
99.0,toy_models/data/bullet_cluster/external_lensing/canucs_rihtarsic_2026/sample_model/sample_maps\bulletclu-kappa-200mas_85.fits,104.65199595976601,-55.953687536063185,104.62155911990654,-55.945703679916306,67.75071445105748
99.0,toy_models/data/bullet_cluster/external_lensing/canucs_rihtarsic_2026/sample_model/sample_maps\bulletclu-kappa-200mas_86.fits,104.65241735158523,-55.95393980795056,104.62155911990654,-55.945703679916306,68.90654024299394
99.0,toy_models/data/bullet_cluster/external_lensing/canucs_rihtarsic_2026/sample_model/sample_maps\bulletclu-kappa-200mas_87.fits,104.65224246028613,-55.95382250911077,104.62155911990654,-55.945703679916306,68.40708259113872
99.0,toy_models/data/bullet_cluster/external_lensing/canucs_rihtarsic_2026/sample_model/sample_maps\bulletclu-kappa-200mas_88.fits,104.65239404709665,-55.953991725625286,104.62155911990654,-55.945703679916306,68.94478117942273
99.0,toy_models/data/bullet_cluster/external_lensing/canucs_rihtarsic_2026/sample_model/sample_maps\bulletclu-kappa-200mas_89.fits,104.65240038493181,-55.95400599303346,104.62155911990654,-55.945703679916306,68.97852786358071
99.0,toy_models/data/bullet_cluster/external_lensing/canucs_rihtarsic_2026/sample_model/sample_maps\bulletclu-kappa-200mas_9.fits,104.65187495633214,-55.95360113069338,104.62155911990654,-55.945703679916306,67.39817892572893
99.0,toy_models/data/bullet_cluster/external_lensing/canucs_rihtarsic_2026/sample_model/sample_maps\bulletclu-kappa-200mas_90.fits,104.65247037195137,-55.954022560752385,104.62155911990654,-55.945703679916306,69.1315021176051
99.0,toy_models/data/bullet_cluster/external_lensing/canucs_rihtarsic_2026/sample_model/sample_maps\bulletclu-kappa-200mas_91.fits,104.65247018912669,-55.95404791666725,104.62155911990654,-55.945703679916306,69.17074403469913
99.0,toy_models/data/bullet_cluster/external_lensing/canucs_rihtarsic_2026/sample_model/sample_maps\bulletclu-kappa-200mas_92.fits,104.65184116587307,-55.953594321269364,104.62155911990654,-55.945703679916306,67.3260880015071
99.0,toy_models/data/bullet_cluster/external_lensing/canucs_rihtarsic_2026/sample_model/sample_maps\bulletclu-kappa-200mas_93.fits,104.65235813401816,-55.95396571689402,104.62155911990654,-55.945703679916306,68.83903971513655
99.0,toy_models/data/bullet_cluster/external_lensing/canucs_rihtarsic_2026/sample_model/sample_maps\bulletclu-kappa-200mas_94.fits,104.65219601461357,-55.953886140454735,104.62155911990654,-55.945703679916306,68.42071191978899
99.0,toy_models/data/bullet_cluster/external_lensing/canucs_rihtarsic_2026/sample_model/sample_maps\bulletclu-kappa-200mas_95.fits,104.65200520401831,-55.953673837172985,104.62155911990654,-55.945703679916306,67.7466972449687
99.0,toy_models/data/bullet_cluster/external_lensing/canucs_rihtarsic_2026/sample_model/sample_maps\bulletclu-kappa-200mas_96.fits,104.65211225828656,-55.95373983384985,104.62155911990654,-55.945703679916306,68.04286872942997
99.0,toy_models/data/bullet_cluster/external_lensing/canucs_rihtarsic_2026/sample_model/sample_maps\bulletclu-kappa-200mas_97.fits,104.65219246387552,-55.95383932256589,104.62155911990654,-55.945703679916306,68.34188553668851
99.0,toy_models/data/bullet_cluster/external_lensing/canucs_rihtarsic_2026/sample_model/sample_maps\bulletclu-kappa-200mas_98.fits,104.65228244566624,-55.953901565000905,104.62155911990654,-55.945703679916306,68.60185873713395
99.0,toy_models/data/bullet_cluster/external_lensing/canucs_rihtarsic_2026/sample_model/sample_maps\bulletclu-kappa-200mas_99.fits,104.65232386738083,-55.95390947552279,104.62155911990654,-55.945703679916306,68.68947790979239
97.0,toy_models/data/bullet_cluster/external_lensing/canucs_rihtarsic_2026/sample_model/sample_maps\bulletclu-kappa-200mas_0.fits,104.64933725601911,-55.952460569705494,104.63198259799144,-55.94891307074918,37.23946752861251
97.0,toy_models/data/bullet_cluster/external_lensing/canucs_rihtarsic_2026/sample_model/sample_maps\bulletclu-kappa-200mas_1.fits,104.64899202765227,-55.95208501210161,104.63198259799144,-55.94891307074918,36.13702149671157
97.0,toy_models/data/bullet_cluster/external_lensing/canucs_rihtarsic_2026/sample_model/sample_maps\bulletclu-kappa-200mas_10.fits,104.64971289375602,-55.95269693394198,104.63198259799144,-55.94891307074918,38.24622858631199
97.0,toy_models/data/bullet_cluster/external_lensing/canucs_rihtarsic_2026/sample_model/sample_maps\bulletclu-kappa-200mas_11.fits,104.64960012389889,-55.95258618286167,104.63198259799144,-55.94891307074918,37.892995023724836
97.0,toy_models/data/bullet_cluster/external_lensing/canucs_rihtarsic_2026/sample_model/sample_maps\bulletclu-kappa-200mas_12.fits,104.64932797712667,-55.95216373586289,104.63198259799144,-55.94891307074918,36.869049907096944
97.0,toy_models/data/bullet_cluster/external_lensing/canucs_rihtarsic_2026/sample_model/sample_maps\bulletclu-kappa-200mas_13.fits,104.64943028552014,-55.95244430223425,104.63198259799144,-55.94891307074918,37.395725544502845
97.0,toy_models/data/bullet_cluster/external_lensing/canucs_rihtarsic_2026/sample_model/sample_maps\bulletclu-kappa-200mas_14.fits,104.6496904071982,-55.95271629661758,104.63198259799144,-55.94891307074918,38.228780337919204
97.0,toy_models/data/bullet_cluster/external_lensing/canucs_rihtarsic_2026/sample_model/sample_maps\bulletclu-kappa-200mas_15.fits,104.64944039881946,-55.95253445272461,104.63198259799144,-55.94891307074918,37.526369474266865
97.0,toy_models/data/bullet_cluster/external_lensing/canucs_rihtarsic_2026/sample_model/sample_maps\bulletclu-kappa-200mas_16.fits,104.6496478602892,-55.95269620817391,104.63198259799144,-55.94891307074918,38.12283496808148
97.0,toy_models/data/bullet_cluster/external_lensing/canucs_rihtarsic_2026/sample_model/sample_maps\bulletclu-kappa-200mas_17.fits,104.6491890433828,-55.95217108733265,104.63198259799144,-55.94891307074918,36.61206083781681
97.0,toy_models/data/bullet_cluster/external_lensing/canucs_rihtarsic_2026/sample_model/sample_maps\bulletclu-kappa-200mas_18.fits,104.64902925692083,-55.952050054562136,104.63198259799144,-55.94891307074918,36.16874974977814
97.0,toy_models/data/bullet_cluster/external_lensing/canucs_rihtarsic_2026/sample_model/sample_maps\bulletclu-kappa-200mas_19.fits,104.64990896328362,-55.95279074263107,104.63198259799144,-55.94891307074918,38.736155021080435
97.0,toy_models/data/bullet_cluster/external_lensing/canucs_rihtarsic_2026/sample_model/sample_maps\bulletclu-kappa-200mas_2.fits,104.64959346573835,-55.95257931868406,104.63198259799144,-55.94891307074918,37.87180234918071
97.0,toy_models/data/bullet_cluster/external_lensing/canucs_rihtarsic_2026/sample_model/sample_maps\bulletclu-kappa-200mas_20.fits,104.65019974108893,-55.95310623249153,104.63198259799144,-55.94891307074918,39.70110695357542
97.0,toy_models/data/bullet_cluster/external_lensing/canucs_rihtarsic_2026/sample_model/sample_maps\bulletclu-kappa-200mas_21.fits,104.64914664147382,-55.952016842143045,104.63198259799144,-55.94891307074918,36.35669453826285
97.0,toy_models/data/bullet_cluster/external_lensing/canucs_rihtarsic_2026/sample_model/sample_maps\bulletclu-kappa-200mas_22.fits,104.64909036093424,-55.95193512125816,104.63198259799144,-55.94891307074918,36.15919145149907
97.0,toy_models/data/bullet_cluster/external_lensing/canucs_rihtarsic_2026/sample_model/sample_maps\bulletclu-kappa-200mas_23.fits,104.64941824997418,-55.95250041270583,104.63198259799144,-55.94891307074918,37.44207926753686
97.0,toy_models/data/bullet_cluster/external_lensing/canucs_rihtarsic_2026/sample_model/sample_maps\bulletclu-kappa-200mas_24.fits,104.6492919001748,-55.9522602562101,104.63198259799144,-55.94891307074918,36.912023359355146
97.0,toy_models/data/bullet_cluster/external_lensing/canucs_rihtarsic_2026/sample_model/sample_maps\bulletclu-kappa-200mas_25.fits,104.64952431263771,-55.95254054533662,104.63198259799144,-55.94891307074918,37.69261265573492
97.0,toy_models/data/bullet_cluster/external_lensing/canucs_rihtarsic_2026/sample_model/sample_maps\bulletclu-kappa-200mas_26.fits,104.64971911570333,-55.95285698720393,104.63198259799144,-55.94891307074918,38.46680308747909
97.0,toy_models/data/bullet_cluster/external_lensing/canucs_rihtarsic_2026/sample_model/sample_maps\bulletclu-kappa-200mas_27.fits,104.64895442049014,-55.95219698675742,104.63198259799144,-55.94891307074918,36.194715683939606
97.0,toy_models/data/bullet_cluster/external_lensing/canucs_rihtarsic_2026/sample_model/sample_maps\bulletclu-kappa-200mas_28.fits,104.64988984882295,-55.9528492854882,104.63198259799144,-55.94891307074918,38.776712541959334
97.0,toy_models/data/bullet_cluster/external_lensing/canucs_rihtarsic_2026/sample_model/sample_maps\bulletclu-kappa-200mas_29.fits,104.64906448390846,-55.952218907363616,104.63198259799144,-55.94891307074918,36.43016566678877
97.0,toy_models/data/bullet_cluster/external_lensing/canucs_rihtarsic_2026/sample_model/sample_maps\bulletclu-kappa-200mas_3.fits,104.64881900242445,-55.95179694193147,104.63198259799144,-55.94891307074918,35.48930680547124
97.0,toy_models/data/bullet_cluster/external_lensing/canucs_rihtarsic_2026/sample_model/sample_maps\bulletclu-kappa-200mas_30.fits,104.64965703817647,-55.95272251522646,104.63198259799144,-55.94891307074918,38.174023376230956
97.0,toy_models/data/bullet_cluster/external_lensing/canucs_rihtarsic_2026/sample_model/sample_maps\bulletclu-kappa-200mas_31.fits,104.64909872654368,-55.9523151195473,104.63198259799144,-55.94891307074918,36.60977934231658
97.0,toy_models/data/bullet_cluster/external_lensing/canucs_rihtarsic_2026/sample_model/sample_maps\bulletclu-kappa-200mas_32.fits,104.64957705333669,-55.952703006557265,104.63198259799144,-55.94891307074918,37.998342986689735
97.0,toy_models/data/bullet_cluster/external_lensing/canucs_rihtarsic_2026/sample_model/sample_maps\bulletclu-kappa-200mas_33.fits,104.64979535288546,-55.95295882401603,104.63198259799144,-55.94891307074918,38.74593404252253
97.0,toy_models/data/bullet_cluster/external_lensing/canucs_rihtarsic_2026/sample_model/sample_maps\bulletclu-kappa-200mas_34.fits,104.6490652366345,-55.95210065517369,104.63198259799144,-55.94891307074918,36.29481497506173
97.0,toy_models/data/bullet_cluster/external_lensing/canucs_rihtarsic_2026/sample_model/sample_maps\bulletclu-kappa-200mas_35.fits,104.64940891748498,-55.95235842766199,104.63198259799144,-55.94891307074918,37.25118674724577
97.0,toy_models/data/bullet_cluster/external_lensing/canucs_rihtarsic_2026/sample_model/sample_maps\bulletclu-kappa-200mas_36.fits,104.64921948316803,-55.952184450969206,104.63198259799144,-55.94891307074918,36.685599224479695
97.0,toy_models/data/bullet_cluster/external_lensing/canucs_rihtarsic_2026/sample_model/sample_maps\bulletclu-kappa-200mas_37.fits,104.6494629438416,-55.95247129708413,104.63198259799144,-55.94891307074918,37.49072155505264
97.0,toy_models/data/bullet_cluster/external_lensing/canucs_rihtarsic_2026/sample_model/sample_maps\bulletclu-kappa-200mas_38.fits,104.64985288196822,-55.9528234020732,104.63198259799144,-55.94891307074918,38.67335936919391
97.0,toy_models/data/bullet_cluster/external_lensing/canucs_rihtarsic_2026/sample_model/sample_maps\bulletclu-kappa-200mas_39.fits,104.64966455568909,-55.952719274448164,104.63198259799144,-55.94891307074918,38.183978112310996
97.0,toy_models/data/bullet_cluster/external_lensing/canucs_rihtarsic_2026/sample_model/sample_maps\bulletclu-kappa-200mas_4.fits,104.64927321297996,-55.95215461170139,104.63198259799144,-55.94891307074918,36.753949828191814
97.0,toy_models/data/bullet_cluster/external_lensing/canucs_rihtarsic_2026/sample_model/sample_maps\bulletclu-kappa-200mas_40.fits,104.64992480666481,-55.952840085499716,104.63198259799144,-55.94891307074918,38.8302439858403
97.0,toy_models/data/bullet_cluster/external_lensing/canucs_rihtarsic_2026/sample_model/sample_maps\bulletclu-kappa-200mas_41.fits,104.6494750856683,-55.95229259820595,104.63198259799144,-55.94891307074918,37.29903189240261
97.0,toy_models/data/bullet_cluster/external_lensing/canucs_rihtarsic_2026/sample_model/sample_maps\bulletclu-kappa-200mas_42.fits,104.64794587172577,-55.951408686792675,104.63198259799144,-55.94891307074918,33.40772393179791
97.0,toy_models/data/bullet_cluster/external_lensing/canucs_rihtarsic_2026/sample_model/sample_maps\bulletclu-kappa-200mas_43.fits,104.64912399681157,-55.95202830290306,104.63198259799144,-55.94891307074918,36.325973712482146
97.0,toy_models/data/bullet_cluster/external_lensing/canucs_rihtarsic_2026/sample_model/sample_maps\bulletclu-kappa-200mas_44.fits,104.64917420413207,-55.95230228647099,104.63198259799144,-55.94891307074918,36.7378225428972
97.0,toy_models/data/bullet_cluster/external_lensing/canucs_rihtarsic_2026/sample_model/sample_maps\bulletclu-kappa-200mas_45.fits,104.64968560130458,-55.952716883051394,104.63198259799144,-55.94891307074918,38.22049215260674
97.0,toy_models/data/bullet_cluster/external_lensing/canucs_rihtarsic_2026/sample_model/sample_maps\bulletclu-kappa-200mas_46.fits,104.64945849564356,-55.95238994098963,104.63198259799144,-55.94891307074918,37.38325068280204
97.0,toy_models/data/bullet_cluster/external_lensing/canucs_rihtarsic_2026/sample_model/sample_maps\bulletclu-kappa-200mas_47.fits,104.64980087142978,-55.952767025132246,104.63198259799144,-55.94891307074918,38.50215925616927
97.0,toy_models/data/bullet_cluster/external_lensing/canucs_rihtarsic_2026/sample_model/sample_maps\bulletclu-kappa-200mas_48.fits,104.64924394407768,-55.95230510032185,104.63198259799144,-55.94891307074918,36.873797756697336
97.0,toy_models/data/bullet_cluster/external_lensing/canucs_rihtarsic_2026/sample_model/sample_maps\bulletclu-kappa-200mas_49.fits,104.65011295762287,-55.953112070183856,104.63198259799144,-55.94891307074918,39.54740174248576
97.0,toy_models/data/bullet_cluster/external_lensing/canucs_rihtarsic_2026/sample_model/sample_maps\bulletclu-kappa-200mas_5.fits,104.6498827070491,-55.95287387393753,104.63198259799144,-55.94891307074918,38.795748948239286
97.0,toy_models/data/bullet_cluster/external_lensing/canucs_rihtarsic_2026/sample_model/sample_maps\bulletclu-kappa-200mas_50.fits,104.65044006093933,-55.953307832825615,104.63198259799144,-55.94891307074918,40.427923275172866
97.0,toy_models/data/bullet_cluster/external_lensing/canucs_rihtarsic_2026/sample_model/sample_maps\bulletclu-kappa-200mas_51.fits,104.64947769833601,-55.95234613374317,104.63198259799144,-55.94891307074918,37.36728743908712
97.0,toy_models/data/bullet_cluster/external_lensing/canucs_rihtarsic_2026/sample_model/sample_maps\bulletclu-kappa-200mas_52.fits,104.64904225101435,-55.95216962018238,104.63198259799144,-55.94891307074918,36.33018926858433
97.0,toy_models/data/bullet_cluster/external_lensing/canucs_rihtarsic_2026/sample_model/sample_maps\bulletclu-kappa-200mas_53.fits,104.64941282484499,-55.95235808794145,104.63198259799144,-55.94891307074918,37.25820639795442
97.0,toy_models/data/bullet_cluster/external_lensing/canucs_rihtarsic_2026/sample_model/sample_maps\bulletclu-kappa-200mas_54.fits,104.64972885866456,-55.95270025802048,104.63198259799144,-55.94891307074918,38.28055878414594
97.0,toy_models/data/bullet_cluster/external_lensing/canucs_rihtarsic_2026/sample_model/sample_maps\bulletclu-kappa-200mas_55.fits,104.64926480808299,-55.952349768087494,104.63198259799144,-55.94891307074918,36.966970130960675
97.0,toy_models/data/bullet_cluster/external_lensing/canucs_rihtarsic_2026/sample_model/sample_maps\bulletclu-kappa-200mas_56.fits,104.64986770441396,-55.952729106071324,104.63198259799144,-55.94891307074918,38.57904773250872
97.0,toy_models/data/bullet_cluster/external_lensing/canucs_rihtarsic_2026/sample_model/sample_maps\bulletclu-kappa-200mas_57.fits,104.64876101531274,-55.95187048154429,104.63198259799144,-55.94891307074918,35.45611734797562
97.0,toy_models/data/bullet_cluster/external_lensing/canucs_rihtarsic_2026/sample_model/sample_maps\bulletclu-kappa-200mas_58.fits,104.64901800424272,-55.95204886235008,104.63198259799144,-55.94891307074918,36.14586252943594
97.0,toy_models/data/bullet_cluster/external_lensing/canucs_rihtarsic_2026/sample_model/sample_maps\bulletclu-kappa-200mas_59.fits,104.64890968113922,-55.95195104271172,104.63198259799144,-55.94891307074918,35.829489851513785
97.0,toy_models/data/bullet_cluster/external_lensing/canucs_rihtarsic_2026/sample_model/sample_maps\bulletclu-kappa-200mas_6.fits,104.64914354480389,-55.95232948168384,104.63198259799144,-55.94891307074918,36.71220835988266
97.0,toy_models/data/bullet_cluster/external_lensing/canucs_rihtarsic_2026/sample_model/sample_maps\bulletclu-kappa-200mas_60.fits,104.64905921186396,-55.95207736812287,104.63198259799144,-55.94891307074918,36.256877269540205
97.0,toy_models/data/bullet_cluster/external_lensing/canucs_rihtarsic_2026/sample_model/sample_maps\bulletclu-kappa-200mas_61.fits,104.6494812289598,-55.95243526844427,104.63198259799144,-55.94891307074918,37.48130060718276
97.0,toy_models/data/bullet_cluster/external_lensing/canucs_rihtarsic_2026/sample_model/sample_maps\bulletclu-kappa-200mas_62.fits,104.65011502495899,-55.953027335631475,104.63198259799144,-55.94891307074918,39.43570964143479
97.0,toy_models/data/bullet_cluster/external_lensing/canucs_rihtarsic_2026/sample_model/sample_maps\bulletclu-kappa-200mas_63.fits,104.65013629553621,-55.95294420839296,104.63198259799144,-55.94891307074918,39.3641791063112
97.0,toy_models/data/bullet_cluster/external_lensing/canucs_rihtarsic_2026/sample_model/sample_maps\bulletclu-kappa-200mas_64.fits,104.64984725287877,-55.95282558122387,104.63198259799144,-55.94891307074918,38.665647781128285
97.0,toy_models/data/bullet_cluster/external_lensing/canucs_rihtarsic_2026/sample_model/sample_maps\bulletclu-kappa-200mas_65.fits,104.65001766471302,-55.9530447267459,104.63198259799144,-55.94891307074918,39.2775606985316
97.0,toy_models/data/bullet_cluster/external_lensing/canucs_rihtarsic_2026/sample_model/sample_maps\bulletclu-kappa-200mas_66.fits,104.64976741651552,-55.95273475034657,104.63198259799144,-55.94891307074918,38.39749335257986
97.0,toy_models/data/bullet_cluster/external_lensing/canucs_rihtarsic_2026/sample_model/sample_maps\bulletclu-kappa-200mas_67.fits,104.64854501493105,-55.951719266851065,104.63198259799144,-55.94891307074918,34.87958573691135
97.0,toy_models/data/bullet_cluster/external_lensing/canucs_rihtarsic_2026/sample_model/sample_maps\bulletclu-kappa-200mas_68.fits,104.6491011022846,-55.95213501891451,104.63198259799144,-55.94891307074918,36.40262119591915
97.0,toy_models/data/bullet_cluster/external_lensing/canucs_rihtarsic_2026/sample_model/sample_maps\bulletclu-kappa-200mas_69.fits,104.64869791196091,-55.95174038867396,104.63198259799144,-55.94891307074918,35.19658602581737
97.0,toy_models/data/bullet_cluster/external_lensing/canucs_rihtarsic_2026/sample_model/sample_maps\bulletclu-kappa-200mas_7.fits,104.64960091497144,-55.95276151206034,104.63198259799144,-55.94891307074918,38.11925475557503
97.0,toy_models/data/bullet_cluster/external_lensing/canucs_rihtarsic_2026/sample_model/sample_maps\bulletclu-kappa-200mas_70.fits,104.64913511632321,-55.952240481125095,104.63198259799144,-55.94891307074918,36.59009856554305
97.0,toy_models/data/bullet_cluster/external_lensing/canucs_rihtarsic_2026/sample_model/sample_maps\bulletclu-kappa-200mas_71.fits,104.64989758574019,-55.95285375158103,104.63198259799144,-55.94891307074918,38.797103491649466
97.0,toy_models/data/bullet_cluster/external_lensing/canucs_rihtarsic_2026/sample_model/sample_maps\bulletclu-kappa-200mas_72.fits,104.64976761452358,-55.9527000079424,104.63198259799144,-55.94891307074918,38.35324492869596
97.0,toy_models/data/bullet_cluster/external_lensing/canucs_rihtarsic_2026/sample_model/sample_maps\bulletclu-kappa-200mas_73.fits,104.64864073293377,-55.95172929509808,104.63198259799144,-55.94891307074918,35.07471159865634
97.0,toy_models/data/bullet_cluster/external_lensing/canucs_rihtarsic_2026/sample_model/sample_maps\bulletclu-kappa-200mas_74.fits,104.64912551385756,-55.95207554571957,104.63198259799144,-55.94891307074918,36.38172423908437
97.0,toy_models/data/bullet_cluster/external_lensing/canucs_rihtarsic_2026/sample_model/sample_maps\bulletclu-kappa-200mas_75.fits,104.64951450783556,-55.952543616536566,104.63198259799144,-55.94891307074918,37.677906697106536
97.0,toy_models/data/bullet_cluster/external_lensing/canucs_rihtarsic_2026/sample_model/sample_maps\bulletclu-kappa-200mas_76.fits,104.64932817148234,-55.95228392013905,104.63198259799144,-55.94891307074918,37.00897233421058
97.0,toy_models/data/bullet_cluster/external_lensing/canucs_rihtarsic_2026/sample_model/sample_maps\bulletclu-kappa-200mas_77.fits,104.64854039182822,-55.95183444253111,104.63198259799144,-55.94891307074918,34.992991876639216
97.0,toy_models/data/bullet_cluster/external_lensing/canucs_rihtarsic_2026/sample_model/sample_maps\bulletclu-kappa-200mas_78.fits,104.64969525352028,-55.95279095085159,104.63198259799144,-55.94891307074918,38.33492182085737
97.0,toy_models/data/bullet_cluster/external_lensing/canucs_rihtarsic_2026/sample_model/sample_maps\bulletclu-kappa-200mas_79.fits,104.64978804882854,-55.952694736702526,104.63198259799144,-55.94891307074918,38.38501412999186
97.0,toy_models/data/bullet_cluster/external_lensing/canucs_rihtarsic_2026/sample_model/sample_maps\bulletclu-kappa-200mas_8.fits,104.65010960701534,-55.95285070583188,104.63198259799144,-55.94891307074918,39.19121524126201
97.0,toy_models/data/bullet_cluster/external_lensing/canucs_rihtarsic_2026/sample_model/sample_maps\bulletclu-kappa-200mas_80.fits,104.64951791444045,-55.952508623880036,104.63198259799144,-55.94891307074918,37.64085632133426
97.0,toy_models/data/bullet_cluster/external_lensing/canucs_rihtarsic_2026/sample_model/sample_maps\bulletclu-kappa-200mas_81.fits,104.6487353377636,-55.95176755943216,104.63198259799144,-55.94891307074918,35.297149593853646
97.0,toy_models/data/bullet_cluster/external_lensing/canucs_rihtarsic_2026/sample_model/sample_maps\bulletclu-kappa-200mas_82.fits,104.64929547655775,-55.95231900628354,104.63198259799144,-55.94891307074918,36.98838374940773
97.0,toy_models/data/bullet_cluster/external_lensing/canucs_rihtarsic_2026/sample_model/sample_maps\bulletclu-kappa-200mas_83.fits,104.64835289212878,-55.951791618331036,104.63198259799144,-55.94891307074918,34.58622520624373
97.0,toy_models/data/bullet_cluster/external_lensing/canucs_rihtarsic_2026/sample_model/sample_maps\bulletclu-kappa-200mas_84.fits,104.64945238799984,-55.95240406375472,104.63198259799144,-55.94891307074918,37.388703449952565
97.0,toy_models/data/bullet_cluster/external_lensing/canucs_rihtarsic_2026/sample_model/sample_maps\bulletclu-kappa-200mas_85.fits,104.64848852000348,-55.95140675705268,104.63198259799144,-55.94891307074918,34.46068513837887
97.0,toy_models/data/bullet_cluster/external_lensing/canucs_rihtarsic_2026/sample_model/sample_maps\bulletclu-kappa-200mas_86.fits,104.64946530748948,-55.95242118664757,104.63198259799144,-55.94891307074918,37.43397474803986
97.0,toy_models/data/bullet_cluster/external_lensing/canucs_rihtarsic_2026/sample_model/sample_maps\bulletclu-kappa-200mas_87.fits,104.6486605344345,-55.951959618643016,104.63198259799144,-55.94891307074918,35.361150865456736
97.0,toy_models/data/bullet_cluster/external_lensing/canucs_rihtarsic_2026/sample_model/sample_maps\bulletclu-kappa-200mas_88.fits,104.64963997103067,-55.952624290202465,104.63198259799144,-55.94891307074918,38.0162535545672
97.0,toy_models/data/bullet_cluster/external_lensing/canucs_rihtarsic_2026/sample_model/sample_maps\bulletclu-kappa-200mas_89.fits,104.64974428984438,-55.95276508313351,104.63198259799144,-55.94891307074918,38.39326957438173
97.0,toy_models/data/bullet_cluster/external_lensing/canucs_rihtarsic_2026/sample_model/sample_maps\bulletclu-kappa-200mas_9.fits,104.64925024606123,-55.95218003445495,104.63198259799144,-55.94891307074918,36.7392394457982
97.0,toy_models/data/bullet_cluster/external_lensing/canucs_rihtarsic_2026/sample_model/sample_maps\bulletclu-kappa-200mas_90.fits,104.64958266600098,-55.95251044052728,104.63198259799144,-55.94891307074918,37.76568173438615
97.0,toy_models/data/bullet_cluster/external_lensing/canucs_rihtarsic_2026/sample_model/sample_maps\bulletclu-kappa-200mas_91.fits,104.64956965326984,-55.952655174072774,104.63198259799144,-55.94891307074918,37.922930972523986
97.0,toy_models/data/bullet_cluster/external_lensing/canucs_rihtarsic_2026/sample_model/sample_maps\bulletclu-kappa-200mas_92.fits,104.64840968080378,-55.95156650771868,104.63198259799144,-55.94891307074918,34.46217496932768
97.0,toy_models/data/bullet_cluster/external_lensing/canucs_rihtarsic_2026/sample_model/sample_maps\bulletclu-kappa-200mas_93.fits,104.64987812871969,-55.95269825220257,104.63198259799144,-55.94891307074918,38.55930359116956
97.0,toy_models/data/bullet_cluster/external_lensing/canucs_rihtarsic_2026/sample_model/sample_maps\bulletclu-kappa-200mas_94.fits,104.64890811879833,-55.95201189444277,104.63198259799144,-55.94891307074918,35.89394572982219
97.0,toy_models/data/bullet_cluster/external_lensing/canucs_rihtarsic_2026/sample_model/sample_maps\bulletclu-kappa-200mas_95.fits,104.64912104720301,-55.95210925781822,104.63198259799144,-55.94891307074918,36.41132853871875
97.0,toy_models/data/bullet_cluster/external_lensing/canucs_rihtarsic_2026/sample_model/sample_maps\bulletclu-kappa-200mas_96.fits,104.64901935496326,-55.95207959406047,104.63198259799144,-55.94891307074918,36.1831387671559
97.0,toy_models/data/bullet_cluster/external_lensing/canucs_rihtarsic_2026/sample_model/sample_maps\bulletclu-kappa-200mas_97.fits,104.64907879566886,-55.95219264702045,104.63198259799144,-55.94891307074918,36.42669223666819
97.0,toy_models/data/bullet_cluster/external_lensing/canucs_rihtarsic_2026/sample_model/sample_maps\bulletclu-kappa-200mas_98.fits,104.64995827505403,-55.95295335124753,104.63198259799144,-55.94891307074918,39.04309677869334
97.0,toy_models/data/bullet_cluster/external_lensing/canucs_rihtarsic_2026/sample_model/sample_maps\bulletclu-kappa-200mas_99.fits,104.64877385817898,-55.95183970754246,104.63198259799144,-55.94891307074918,35.44773748963017
95.0,toy_models/data/bullet_cluster/external_lensing/canucs_rihtarsic_2026/sample_model/sample_maps\bulletclu-kappa-200mas_0.fits,104.64851655026077,-55.95196767304985,104.63038001631284,-55.95271534209301,36.6545260517395
95.0,toy_models/data/bullet_cluster/external_lensing/canucs_rihtarsic_2026/sample_model/sample_maps\bulletclu-kappa-200mas_1.fits,104.64789087749499,-55.95135849609144,104.63038001631284,-55.95271534209301,35.63115813036869
95.0,toy_models/data/bullet_cluster/external_lensing/canucs_rihtarsic_2026/sample_model/sample_maps\bulletclu-kappa-200mas_10.fits,104.64914216939877,-55.95242214204083,104.63038001631284,-55.95271534209301,37.83105658812658
95.0,toy_models/data/bullet_cluster/external_lensing/canucs_rihtarsic_2026/sample_model/sample_maps\bulletclu-kappa-200mas_11.fits,104.64903743641521,-55.9523421935401,104.63038001631284,-55.95271534209301,37.629257135607745
95.0,toy_models/data/bullet_cluster/external_lensing/canucs_rihtarsic_2026/sample_model/sample_maps\bulletclu-kappa-200mas_12.fits,104.64574530807229,-55.94902421689267,104.63038001631284,-55.95271534209301,33.701350239080526
95.0,toy_models/data/bullet_cluster/external_lensing/canucs_rihtarsic_2026/sample_model/sample_maps\bulletclu-kappa-200mas_13.fits,104.64887113627323,-55.95218327409489,104.63038001631284,-55.95271534209301,37.319347259135604
95.0,toy_models/data/bullet_cluster/external_lensing/canucs_rihtarsic_2026/sample_model/sample_maps\bulletclu-kappa-200mas_14.fits,104.64697851296417,-55.95034873501029,104.63038001631284,-55.95271534209301,34.52399811231357
95.0,toy_models/data/bullet_cluster/external_lensing/canucs_rihtarsic_2026/sample_model/sample_maps\bulletclu-kappa-200mas_15.fits,104.64713926623628,-55.95052931724585,104.63038001631284,-55.95271534209301,34.684754187915956
95.0,toy_models/data/bullet_cluster/external_lensing/canucs_rihtarsic_2026/sample_model/sample_maps\bulletclu-kappa-200mas_16.fits,104.64886288718036,-55.952250699729,104.63038001631284,-55.95271534209301,37.291034089559275
95.0,toy_models/data/bullet_cluster/external_lensing/canucs_rihtarsic_2026/sample_model/sample_maps\bulletclu-kappa-200mas_17.fits,104.64865059158458,-55.951792785369186,104.63038001631284,-55.95271534209301,36.97528244099257
95.0,toy_models/data/bullet_cluster/external_lensing/canucs_rihtarsic_2026/sample_model/sample_maps\bulletclu-kappa-200mas_18.fits,104.64828477521192,-55.95153454678396,104.63038001631284,-55.95271534209301,36.33810053201246
95.0,toy_models/data/bullet_cluster/external_lensing/canucs_rihtarsic_2026/sample_model/sample_maps\bulletclu-kappa-200mas_19.fits,104.64886372156353,-55.952031819802734,104.63038001631284,-55.95271534209301,37.336461479535586
95.0,toy_models/data/bullet_cluster/external_lensing/canucs_rihtarsic_2026/sample_model/sample_maps\bulletclu-kappa-200mas_2.fits,104.64873105581152,-55.952055936418716,104.63038001631284,-55.95271534209301,37.0639759556225
95.0,toy_models/data/bullet_cluster/external_lensing/canucs_rihtarsic_2026/sample_model/sample_maps\bulletclu-kappa-200mas_20.fits,104.6497342104473,-55.95284327560809,104.63038001631284,-55.95271534209301,39.012132146621674
95.0,toy_models/data/bullet_cluster/external_lensing/canucs_rihtarsic_2026/sample_model/sample_maps\bulletclu-kappa-200mas_21.fits,104.64627871067462,-55.94947435007423,104.63038001631284,-55.95271534209301,34.10399356989541
95.0,toy_models/data/bullet_cluster/external_lensing/canucs_rihtarsic_2026/sample_model/sample_maps\bulletclu-kappa-200mas_22.fits,104.64673664319817,-55.94984587073736,104.63038001631284,-55.95271534209301,34.549405415707085
95.0,toy_models/data/bullet_cluster/external_lensing/canucs_rihtarsic_2026/sample_model/sample_maps\bulletclu-kappa-200mas_23.fits,104.64761127747494,-55.9512808646456,104.63038001631284,-55.95271534209301,35.11305189334563
95.0,toy_models/data/bullet_cluster/external_lensing/canucs_rihtarsic_2026/sample_model/sample_maps\bulletclu-kappa-200mas_24.fits,104.64757060846253,-55.95074796536011,104.63038001631284,-55.95271534209301,35.36594611782093
95.0,toy_models/data/bullet_cluster/external_lensing/canucs_rihtarsic_2026/sample_model/sample_maps\bulletclu-kappa-200mas_25.fits,104.64756557654195,-55.95094858860921,104.63038001631284,-55.95271534209301,35.218349568943154
95.0,toy_models/data/bullet_cluster/external_lensing/canucs_rihtarsic_2026/sample_model/sample_maps\bulletclu-kappa-200mas_26.fits,104.64837133578276,-55.95179307045172,104.63038001631284,-55.95271534209301,36.41463637577368
95.0,toy_models/data/bullet_cluster/external_lensing/canucs_rihtarsic_2026/sample_model/sample_maps\bulletclu-kappa-200mas_27.fits,104.64771323588216,-55.95135351157408,104.63038001631284,-55.95271534209301,35.27901112313874
95.0,toy_models/data/bullet_cluster/external_lensing/canucs_rihtarsic_2026/sample_model/sample_maps\bulletclu-kappa-200mas_28.fits,104.64901669874205,-55.95225908113002,104.63038001631284,-55.95271534209301,37.59940816002712
95.0,toy_models/data/bullet_cluster/external_lensing/canucs_rihtarsic_2026/sample_model/sample_maps\bulletclu-kappa-200mas_29.fits,104.64810430428226,-55.951531775191036,104.63038001631284,-55.95271534209301,35.978049777862374
95.0,toy_models/data/bullet_cluster/external_lensing/canucs_rihtarsic_2026/sample_model/sample_maps\bulletclu-kappa-200mas_3.fits,104.64759273877468,-55.95090525712243,104.63038001631284,-55.95271534209301,35.30068040945671
95.0,toy_models/data/bullet_cluster/external_lensing/canucs_rihtarsic_2026/sample_model/sample_maps\bulletclu-kappa-200mas_30.fits,104.64817175509815,-55.95157894036775,104.63038001631284,-55.95271534209301,36.093388334298815
95.0,toy_models/data/bullet_cluster/external_lensing/canucs_rihtarsic_2026/sample_model/sample_maps\bulletclu-kappa-200mas_31.fits,104.64787967028728,-55.951474696086336,104.63038001631284,-55.95271534209301,35.553761408008974
95.0,toy_models/data/bullet_cluster/external_lensing/canucs_rihtarsic_2026/sample_model/sample_maps\bulletclu-kappa-200mas_32.fits,104.64804297099028,-55.95141754268328,104.63038001631284,-55.95271534209301,35.90654305456391
95.0,toy_models/data/bullet_cluster/external_lensing/canucs_rihtarsic_2026/sample_model/sample_maps\bulletclu-kappa-200mas_33.fits,104.64902698190761,-55.95250262215548,104.63038001631284,-55.95271534209301,37.5919227196545
95.0,toy_models/data/bullet_cluster/external_lensing/canucs_rihtarsic_2026/sample_model/sample_maps\bulletclu-kappa-200mas_34.fits,104.64833102076896,-55.95150861299831,104.63038001631284,-55.95271534209301,36.44169792495407
95.0,toy_models/data/bullet_cluster/external_lensing/canucs_rihtarsic_2026/sample_model/sample_maps\bulletclu-kappa-200mas_35.fits,104.6487501565246,-55.951849476459046,104.63038001631284,-55.95271534209301,37.15745271703592
95.0,toy_models/data/bullet_cluster/external_lensing/canucs_rihtarsic_2026/sample_model/sample_maps\bulletclu-kappa-200mas_36.fits,104.64796424404692,-55.95116904914037,104.63038001631284,-55.95271534209301,35.87720575600494
95.0,toy_models/data/bullet_cluster/external_lensing/canucs_rihtarsic_2026/sample_model/sample_maps\bulletclu-kappa-200mas_37.fits,104.64848680364031,-55.951744765870586,104.63038001631284,-55.95271534209301,36.662594683027145
95.0,toy_models/data/bullet_cluster/external_lensing/canucs_rihtarsic_2026/sample_model/sample_maps\bulletclu-kappa-200mas_38.fits,104.64837843639455,-55.95172142082136,104.63038001631284,-55.95271534209301,36.45333592618375
95.0,toy_models/data/bullet_cluster/external_lensing/canucs_rihtarsic_2026/sample_model/sample_maps\bulletclu-kappa-200mas_39.fits,104.64767845759991,-55.95121122856257,104.63038001631284,-55.95271534209301,35.284624536323385
95.0,toy_models/data/bullet_cluster/external_lensing/canucs_rihtarsic_2026/sample_model/sample_maps\bulletclu-kappa-200mas_4.fits,104.64814820862703,-55.95130025844391,104.63038001631284,-55.95271534209301,36.1739617525111
95.0,toy_models/data/bullet_cluster/external_lensing/canucs_rihtarsic_2026/sample_model/sample_maps\bulletclu-kappa-200mas_40.fits,104.64952622811589,-55.9526366687492,104.63038001631284,-55.95271534209301,38.59135623177023
95.0,toy_models/data/bullet_cluster/external_lensing/canucs_rihtarsic_2026/sample_model/sample_maps\bulletclu-kappa-200mas_41.fits,104.6472031349118,-55.95039666677082,104.63038001631284,-55.95271534209301,34.9212584810665
95.0,toy_models/data/bullet_cluster/external_lensing/canucs_rihtarsic_2026/sample_model/sample_maps\bulletclu-kappa-200mas_42.fits,104.64670886391193,-55.95052954240817,104.63038001631284,-55.95271534209301,33.84023831738422
95.0,toy_models/data/bullet_cluster/external_lensing/canucs_rihtarsic_2026/sample_model/sample_maps\bulletclu-kappa-200mas_43.fits,104.6480217452114,-55.951097759027384,104.63038001631284,-55.95271534209301,36.032324172403214
95.0,toy_models/data/bullet_cluster/external_lensing/canucs_rihtarsic_2026/sample_model/sample_maps\bulletclu-kappa-200mas_44.fits,104.64726629499334,-55.95072210725894,104.63038001631284,-55.95271534209301,34.7843075136947
95.0,toy_models/data/bullet_cluster/external_lensing/canucs_rihtarsic_2026/sample_model/sample_maps\bulletclu-kappa-200mas_45.fits,104.6489768862223,-55.95235901017849,104.63038001631284,-55.95271534209301,37.505164647851124
95.0,toy_models/data/bullet_cluster/external_lensing/canucs_rihtarsic_2026/sample_model/sample_maps\bulletclu-kappa-200mas_46.fits,104.64883641999513,-55.95189809839513,104.63038001631284,-55.95271534209301,37.31648216930391
95.0,toy_models/data/bullet_cluster/external_lensing/canucs_rihtarsic_2026/sample_model/sample_maps\bulletclu-kappa-200mas_47.fits,104.64885231611105,-55.95195450794018,104.63038001631284,-55.95271534209301,37.332947285430365
95.0,toy_models/data/bullet_cluster/external_lensing/canucs_rihtarsic_2026/sample_model/sample_maps\bulletclu-kappa-200mas_48.fits,104.64800402263157,-55.9512843730687,104.63038001631284,-55.95271534209301,35.89443099586342
95.0,toy_models/data/bullet_cluster/external_lensing/canucs_rihtarsic_2026/sample_model/sample_maps\bulletclu-kappa-200mas_49.fits,104.6495970071358,-55.95283630534748,104.63038001631284,-55.95271534209301,38.73532420649891
95.0,toy_models/data/bullet_cluster/external_lensing/canucs_rihtarsic_2026/sample_model/sample_maps\bulletclu-kappa-200mas_5.fits,104.64827364966571,-55.951517257099056,104.63038001631284,-55.95271534209301,36.323176362591575
95.0,toy_models/data/bullet_cluster/external_lensing/canucs_rihtarsic_2026/sample_model/sample_maps\bulletclu-kappa-200mas_50.fits,104.65001172938051,-55.953076447503435,104.63038001631284,-55.95271534209301,39.58999741037113
95.0,toy_models/data/bullet_cluster/external_lensing/canucs_rihtarsic_2026/sample_model/sample_maps\bulletclu-kappa-200mas_51.fits,104.6475116200087,-55.950664519492214,104.63038001631284,-55.95271534209301,35.3110872547601
95.0,toy_models/data/bullet_cluster/external_lensing/canucs_rihtarsic_2026/sample_model/sample_maps\bulletclu-kappa-200mas_52.fits,104.64802979104593,-55.95126376102222,104.63038001631284,-55.95271534209301,35.9565513849992
95.0,toy_models/data/bullet_cluster/external_lensing/canucs_rihtarsic_2026/sample_model/sample_maps\bulletclu-kappa-200mas_53.fits,104.64856443498202,-55.951793303656565,104.63038001631284,-55.95271534209301,36.80216352140339
95.0,toy_models/data/bullet_cluster/external_lensing/canucs_rihtarsic_2026/sample_model/sample_maps\bulletclu-kappa-200mas_54.fits,104.64898231859333,-55.95223158100934,104.63038001631284,-55.95271534209301,37.53465533330798
95.0,toy_models/data/bullet_cluster/external_lensing/canucs_rihtarsic_2026/sample_model/sample_maps\bulletclu-kappa-200mas_55.fits,104.64856171967001,-55.95190437277059,104.63038001631284,-55.95271534209301,36.76274798815948
95.0,toy_models/data/bullet_cluster/external_lensing/canucs_rihtarsic_2026/sample_model/sample_maps\bulletclu-kappa-200mas_56.fits,104.64920711359166,-55.952306675440475,104.63038001631284,-55.95271534209301,37.97579272431309
95.0,toy_models/data/bullet_cluster/external_lensing/canucs_rihtarsic_2026/sample_model/sample_maps\bulletclu-kappa-200mas_57.fits,104.64790009491499,-55.95115929969348,104.63038001631284,-55.95271534209301,35.75496485846548
95.0,toy_models/data/bullet_cluster/external_lensing/canucs_rihtarsic_2026/sample_model/sample_maps\bulletclu-kappa-200mas_58.fits,104.64823573991902,-55.95147101695303,104.63038001631284,-55.95271534209301,36.2675134064661
95.0,toy_models/data/bullet_cluster/external_lensing/canucs_rihtarsic_2026/sample_model/sample_maps\bulletclu-kappa-200mas_59.fits,104.6479629233551,-55.95121259454719,104.63038001631284,-55.95271534209301,35.850565827938695
95.0,toy_models/data/bullet_cluster/external_lensing/canucs_rihtarsic_2026/sample_model/sample_maps\bulletclu-kappa-200mas_6.fits,104.64807615359439,-55.951648452151844,104.63038001631284,-55.95271534209301,35.874258055499816
95.0,toy_models/data/bullet_cluster/external_lensing/canucs_rihtarsic_2026/sample_model/sample_maps\bulletclu-kappa-200mas_60.fits,104.64806207012643,-55.95117299379804,104.63038001631284,-55.95271534209301,36.06981824431999
95.0,toy_models/data/bullet_cluster/external_lensing/canucs_rihtarsic_2026/sample_model/sample_maps\bulletclu-kappa-200mas_61.fits,104.64761217682542,-55.950806578942704,104.63038001631284,-55.95271534209301,35.40645634450848
95.0,toy_models/data/bullet_cluster/external_lensing/canucs_rihtarsic_2026/sample_model/sample_maps\bulletclu-kappa-200mas_62.fits,104.64839886702343,-55.95177713489894,104.63038001631284,-55.95271534209301,36.47517192758457
95.0,toy_models/data/bullet_cluster/external_lensing/canucs_rihtarsic_2026/sample_model/sample_maps\bulletclu-kappa-200mas_63.fits,104.64951935142568,-55.95263905255964,104.63038001631284,-55.95271534209301,38.577432993921605
95.0,toy_models/data/bullet_cluster/external_lensing/canucs_rihtarsic_2026/sample_model/sample_maps\bulletclu-kappa-200mas_64.fits,104.64920712200265,-55.952493232199146,104.63038001631284,-55.95271534209301,37.955633372923714
95.0,toy_models/data/bullet_cluster/external_lensing/canucs_rihtarsic_2026/sample_model/sample_maps\bulletclu-kappa-200mas_65.fits,104.64922789927944,-55.95246532753035,104.63038001631284,-55.95271534209301,37.99976235402957
95.0,toy_models/data/bullet_cluster/external_lensing/canucs_rihtarsic_2026/sample_model/sample_maps\bulletclu-kappa-200mas_66.fits,104.64902988509083,-55.95221237837201,104.63038001631284,-55.95271534209301,37.63369790688892
95.0,toy_models/data/bullet_cluster/external_lensing/canucs_rihtarsic_2026/sample_model/sample_maps\bulletclu-kappa-200mas_67.fits,104.64756377713621,-55.951048508885876,104.63038001631284,-55.95271534209301,35.15154928957835
95.0,toy_models/data/bullet_cluster/external_lensing/canucs_rihtarsic_2026/sample_model/sample_maps\bulletclu-kappa-200mas_68.fits,104.64831148644748,-55.95157485510186,104.63038001631284,-55.95271534209301,36.37488691462704
95.0,toy_models/data/bullet_cluster/external_lensing/canucs_rihtarsic_2026/sample_model/sample_maps\bulletclu-kappa-200mas_69.fits,104.6478305575397,-55.95102065824897,104.63038001631284,-55.95271534209301,35.69850776411845
95.0,toy_models/data/bullet_cluster/external_lensing/canucs_rihtarsic_2026/sample_model/sample_maps\bulletclu-kappa-200mas_7.fits,104.64852037025496,-55.95195953929237,104.63038001631284,-55.95271534209301,36.664369964184495
95.0,toy_models/data/bullet_cluster/external_lensing/canucs_rihtarsic_2026/sample_model/sample_maps\bulletclu-kappa-200mas_70.fits,104.64805714902765,-55.95147991557612,104.63038001631284,-55.95271534209301,35.90634526049841
95.0,toy_models/data/bullet_cluster/external_lensing/canucs_rihtarsic_2026/sample_model/sample_maps\bulletclu-kappa-200mas_71.fits,104.64944267063255,-55.952655330147856,104.63038001631284,-55.95271534209301,38.42250002526488
95.0,toy_models/data/bullet_cluster/external_lensing/canucs_rihtarsic_2026/sample_model/sample_maps\bulletclu-kappa-200mas_72.fits,104.64879668631565,-55.95185241785765,104.63038001631284,-55.95271534209301,37.25002146021647
95.0,toy_models/data/bullet_cluster/external_lensing/canucs_rihtarsic_2026/sample_model/sample_maps\bulletclu-kappa-200mas_73.fits,104.64729313728346,-55.950648483940334,104.63038001631284,-55.95271534209301,34.892837495357604
95.0,toy_models/data/bullet_cluster/external_lensing/canucs_rihtarsic_2026/sample_model/sample_maps\bulletclu-kappa-200mas_74.fits,104.6473175027383,-55.9504967678805,104.63038001631284,-55.95271534209301,35.06125652307795
95.0,toy_models/data/bullet_cluster/external_lensing/canucs_rihtarsic_2026/sample_model/sample_maps\bulletclu-kappa-200mas_75.fits,104.64867374146053,-55.9518994806594,104.63038001631284,-55.95271534209301,36.98922446317705
95.0,toy_models/data/bullet_cluster/external_lensing/canucs_rihtarsic_2026/sample_model/sample_maps\bulletclu-kappa-200mas_76.fits,104.64867324336284,-55.95176788713668,104.63038001631284,-55.95271534209301,37.02891523218112
95.0,toy_models/data/bullet_cluster/external_lensing/canucs_rihtarsic_2026/sample_model/sample_maps\bulletclu-kappa-200mas_77.fits,104.64743250491958,-55.95100744524954,104.63038001631284,-55.95271534209301,34.916615487353575
95.0,toy_models/data/bullet_cluster/external_lensing/canucs_rihtarsic_2026/sample_model/sample_maps\bulletclu-kappa-200mas_78.fits,104.64860884759844,-55.952070338566706,104.63038001631284,-55.95271534209301,36.81485201774983
95.0,toy_models/data/bullet_cluster/external_lensing/canucs_rihtarsic_2026/sample_model/sample_maps\bulletclu-kappa-200mas_79.fits,104.6492974310243,-55.95245948171727,104.63038001631284,-55.95271534209301,38.14037412921232
95.0,toy_models/data/bullet_cluster/external_lensing/canucs_rihtarsic_2026/sample_model/sample_maps\bulletclu-kappa-200mas_8.fits,104.6487834153358,-55.95171915092307,104.63038001631284,-55.95271534209301,37.2665354413915
95.0,toy_models/data/bullet_cluster/external_lensing/canucs_rihtarsic_2026/sample_model/sample_maps\bulletclu-kappa-200mas_80.fits,104.64735596119127,-55.9506275526626,104.63038001631284,-55.95271534209301,35.03266198465768
95.0,toy_models/data/bullet_cluster/external_lensing/canucs_rihtarsic_2026/sample_model/sample_maps\bulletclu-kappa-200mas_81.fits,104.64785944991779,-55.95104995976835,104.63038001631284,-55.95271534209301,35.73802742251216
95.0,toy_models/data/bullet_cluster/external_lensing/canucs_rihtarsic_2026/sample_model/sample_maps\bulletclu-kappa-200mas_82.fits,104.6484472421473,-55.951792947578134,104.63038001631284,-55.95271534209301,36.56703740069033
95.0,toy_models/data/bullet_cluster/external_lensing/canucs_rihtarsic_2026/sample_model/sample_maps\bulletclu-kappa-200mas_83.fits,104.64713889089008,-55.95107262808616,104.63038001631284,-55.95271534209301,34.29293976201467
95.0,toy_models/data/bullet_cluster/external_lensing/canucs_rihtarsic_2026/sample_model/sample_maps\bulletclu-kappa-200mas_84.fits,104.64850074113414,-55.95174195873863,104.63038001631284,-55.95271534209301,36.69152414460326
95.0,toy_models/data/bullet_cluster/external_lensing/canucs_rihtarsic_2026/sample_model/sample_maps\bulletclu-kappa-200mas_85.fits,104.64759980401237,-55.950800239708464,104.63038001631284,-55.95271534209301,35.38643411505215
95.0,toy_models/data/bullet_cluster/external_lensing/canucs_rihtarsic_2026/sample_model/sample_maps\bulletclu-kappa-200mas_86.fits,104.6482962281078,-55.95165953105522,104.63038001631284,-55.95271534209301,36.311116599322276
95.0,toy_models/data/bullet_cluster/external_lensing/canucs_rihtarsic_2026/sample_model/sample_maps\bulletclu-kappa-200mas_87.fits,104.64745488567432,-55.9512292131116,104.63038001631284,-55.95271534209301,34.829388468317944
95.0,toy_models/data/bullet_cluster/external_lensing/canucs_rihtarsic_2026/sample_model/sample_maps\bulletclu-kappa-200mas_88.fits,104.64808659943382,-55.95134186741517,104.63038001631284,-55.95271534209301,36.03014375241741
95.0,toy_models/data/bullet_cluster/external_lensing/canucs_rihtarsic_2026/sample_model/sample_maps\bulletclu-kappa-200mas_89.fits,104.64768275343512,-55.95104098927416,104.63038001631284,-55.95271534209301,35.39246534941398
95.0,toy_models/data/bullet_cluster/external_lensing/canucs_rihtarsic_2026/sample_model/sample_maps\bulletclu-kappa-200mas_9.fits,104.6486487853799,-55.95170920103853,104.63038001631284,-55.95271534209301,36.99994036376694
95.0,toy_models/data/bullet_cluster/external_lensing/canucs_rihtarsic_2026/sample_model/sample_maps\bulletclu-kappa-200mas_90.fits,104.64649724428835,-55.94985528472843,104.63038001631284,-55.95271534209301,34.078986391278036
95.0,toy_models/data/bullet_cluster/external_lensing/canucs_rihtarsic_2026/sample_model/sample_maps\bulletclu-kappa-200mas_91.fits,104.64839339125314,-55.95191251754266,104.63038001631284,-55.95271534209301,36.422208238237666
95.0,toy_models/data/bullet_cluster/external_lensing/canucs_rihtarsic_2026/sample_model/sample_maps\bulletclu-kappa-200mas_92.fits,104.64718810892735,-55.95059620755094,104.63038001631284,-55.95271534209301,34.7269193509282
95.0,toy_models/data/bullet_cluster/external_lensing/canucs_rihtarsic_2026/sample_model/sample_maps\bulletclu-kappa-200mas_93.fits,104.64717746279719,-55.950222346514984,104.63038001631284,-55.95271534209301,35.02660937414985
95.0,toy_models/data/bullet_cluster/external_lensing/canucs_rihtarsic_2026/sample_model/sample_maps\bulletclu-kappa-200mas_94.fits,104.64788705210337,-55.95130585000362,104.63038001631284,-55.95271534209301,35.65002609870915
95.0,toy_models/data/bullet_cluster/external_lensing/canucs_rihtarsic_2026/sample_model/sample_maps\bulletclu-kappa-200mas_95.fits,104.64681274028378,-55.95021155980035,104.63038001631284,-55.95271534209301,34.32670605336131
95.0,toy_models/data/bullet_cluster/external_lensing/canucs_rihtarsic_2026/sample_model/sample_maps\bulletclu-kappa-200mas_96.fits,104.6483404047207,-55.95166243203678,104.63038001631284,-55.95271534209301,36.39857991395914
95.0,toy_models/data/bullet_cluster/external_lensing/canucs_rihtarsic_2026/sample_model/sample_maps\bulletclu-kappa-200mas_97.fits,104.64831962559197,-55.95171399864993,104.63038001631284,-55.95271534209301,36.33801657493652
95.0,toy_models/data/bullet_cluster/external_lensing/canucs_rihtarsic_2026/sample_model/sample_maps\bulletclu-kappa-200mas_98.fits,104.6494783631584,-55.95268285784399,104.63038001631284,-55.95271534209301,38.49399695347127
95.0,toy_models/data/bullet_cluster/external_lensing/canucs_rihtarsic_2026/sample_model/sample_maps\bulletclu-kappa-200mas_99.fits,104.64755033860222,-55.95096927177819,104.63038001631284,-55.95271534209301,35.174749871383575
