galaxy,delta_external,in_twompp_grid,ra_deg,dec_deg,l_deg,b_deg,distance_input,distance_units,distance_mpch,x_mpch,y_mpch,z_mpch,vx_kms,vy_kms,vz_kms,in_twompp_velocity_grid
CamB,0.12377071061464345,True,73.27958,67.09917,12.479237435631937,14.423255491794007,3.36,mpc,2.352,2.224053896119105,0.49221539346418397,0.5858432158814568,-16.474164367450076,-633.7724296560021,419.9347243895489,True
D512-2,3.592020229118757,True,218.33465,26.99804,117.38333820400672,67.35312773505302,15.2,mpc,10.639999999999999,-1.8843516006617478,3.637871636918513,9.819608393331544,139.4649780792948,-852.7486342141026,281.95796930227937,True
D564-8,1.509036742599138,True,135.72232,20.07561,308.2256738444315,37.59761209989634,8.79,mpc,6.152999999999999,3.016528224468963,-3.8297911399608546,3.7540200179620054,17.30696551201628,-569.5168078391653,596.6456379042221,True
D631-7,0.6181199386485224,True,119.25428,14.39657,308.86806994331295,20.89686565063786,7.72,mpc,5.404,3.1681105925864976,-3.930762820387954,1.9275359719073903,29.101614061996678,-562.7218472498346,533.8092989513996,True
DDO064,1.4892751674266456,True,147.59487,31.48828,320.44814133934307,50.56404262052318,6.8,mpc,4.76,2.33136167286615,-1.9253729229539223,3.676314983491841,4.944976654829976,-631.5810400553266,582.7062379088298,True
DDO154,1.1243400523997482,True,193.52187,27.149630000000002,120.70364215192718,89.41015024067167,4.04,mpc,2.828,-0.014865148643121695,0.025032138774337697,2.8278501408993013,84.39614973187605,-629.6574888995062,522.8275323416384,True
DDO161,1.4562028803835756,True,195.81973000000002,-17.42303,208.9109860458262,45.35625398665443,7.5,mpc,5.25,-3.2293837895319695,-1.7835236206903164,3.7353211152922103,339.31654747644563,-482.74918210799063,512.0260871822754,True
DDO168,0.8949905998367091,True,198.61666000000002,45.91976,45.096771906001145,70.66070689459056,4.25,mpc,2.9749999999999996,0.6954679870730469,0.6978212386273166,2.807132842933729,32.79678163009652,-661.7610212150067,503.8601769614454,True
DDO170,6.236742330623101,True,198.97408,25.43615,138.71322131424597,84.26313698001438,15.4,mpc,10.78,-0.8097023072893946,0.7110098763279284,10.726007977310774,192.00153382568573,-816.101308207767,251.14932483499769,True
ESO079-G014,2.003980772883616,True,15.71436,-65.60999,214.82428315858715,-51.47628074347649,28.7,mpc,20.09,-10.271870304632017,-7.145594104665565,-15.717419169068046,192.73860105095534,-115.52546245563985,286.37076093336907,True
ESO116-G012,1.6333419191745693,True,48.26977,-57.35725,242.58663079801414,-50.8250370587122,13.0,mpc,9.1,-2.646596086189075,-5.102886817328318,-7.054507444613375,105.41624273218623,-376.0765186996178,183.98367023305758,True
ESO444-G084,0.718274116223386,True,204.335,-28.04417,200.74203860884563,33.73872883294128,4.83,mpc,3.381,-2.6293348224882176,-0.995748079484417,1.8778299053572303,234.15610286103765,-511.5022593941983,456.7988005057704,True
ESO563-G021,0.7835838360004715,True,131.82075,-20.03566,270.99674160696264,14.397346996334129,60.8,mpc,42.559999999999995,0.7171033408762849,-41.21715170867204,10.58233281572723,424.5418725419282,178.46701764117012,391.8471826826643,True
F561-1,5.582815688190649,True,122.38583,22.55944,315.9162587306477,26.720749974103086,66.4,mpc,46.480000000000004,29.822170053139676,-28.88328808371925,20.899383789827418,-163.5067998060141,-51.03923979432649,83.66637302827894,True
F563-1,3.0771310845985687,True,133.75583,19.75167,308.617148619882,35.746995972586326,48.9,mpc,34.23,17.33863751772047,-21.706408316513443,19.99740950788106,227.43995623810864,-621.1724042047273,-352.69565284175576,True
F563-V1,3.257916942301061,True,131.6575,18.89028,308.46456593446624,33.5912823357036,54.0,mpc,37.8,19.586251503198422,-24.654574388503065,20.91340990310346,269.7540624346087,-421.6223722228576,-410.49381359148083,True
F563-V2,2.0508169921279293,True,133.25833,18.43833,307.3067041518159,34.851405052856215,59.7,mpc,41.79,20.785208755999847,-27.277864690516168,23.880898117436843,370.28360438261575,-187.29805320147798,-352.9452228784265,True
F565-V2,1.2824293493882735,True,144.4025,21.77083,306.9857558812093,45.827778457258574,51.8,mpc,36.26,15.20080272714435,-20.18258404955792,26.007431582779777,231.16875298990738,-511.5324666176358,-216.16837521719674,True
F567-2,0.41930440568447996,True,154.48458,21.06139,301.57117264826,54.58492962884838,79.0,mpc,55.3,16.77797200966161,-27.302974992618395,45.06813965314595,253.14992377080597,-198.08526904212005,-209.46470059677048,True
F568-1,0.004554397846797786,True,156.42542,22.42444,302.97178588866785,56.7023250891882,90.7,mpc,63.489999999999995,18.969162777824494,-29.241463177774378,53.06682386134732,297.87521466397146,-161.658018524037,-151.46452726296593,True
F568-3,0.07358908298182039,True,156.74583,22.22667,302.4764422824998,56.93355198620168,82.4,mpc,57.68,16.898366271628646,-26.549204373549557,48.33805296535412,252.1833726152432,-224.98051914604488,-148.7968404092898,True
F568-V1,-0.024118705810812754,True,161.2586,22.05432,299.89397758346433,60.89966042351293,80.6,mpc,56.419999999999995,13.675671397409971,-23.788507327340792,49.29806619906217,262.0157411424874,-276.45091591414155,-97.06438494015018,True
F571-8,-0.07713127990408156,True,173.47625,19.355,283.4345176684346,70.5990922040076,53.3,mpc,37.309999999999995,2.879427818584367,-12.05435502641418,35.19144100963649,282.09699122833104,-345.4420143389433,-205.43182334351008,True
F571-V1,-0.4331528061255525,True,171.575,18.83167,284.44646945177743,68.76101143400506,80.1,mpc,56.06999999999999,5.0673080973457285,-19.669619556984305,52.26158584591625,164.97339209655138,-332.8455277556717,128.4893435292195,True
F574-1,2.0560574208751916,True,189.55542,22.299720000000004,245.50331721658793,84.31544942827483,96.8,mpc,67.75999999999999,-2.7829535278296524,-6.107571218565879,67.42677764413843,69.92190752723269,-77.8923589608004,337.09074325127494,True
F574-2,0.996523618330857,True,191.69708000000003,21.80333,224.4151416804383,84.57110692088246,89.1,mpc,62.36999999999999,-4.214902797461267,-4.129720400809196,62.09023195172565,182.2564729094658,-337.67359720362697,570.1197805879607,True
F579-V1,-0.6792494350393644,True,218.20042,22.76611,128.08664027642084,66.65532485282525,89.5,mpc,62.65,-15.313843822048742,19.53985038329292,57.521325909547905,185.29397481604292,-489.83952997692325,202.19080906482787,True
F583-1,0.9335067181130736,True,239.36451,20.666420000000002,121.20646018030008,47.22963391414237,35.4,mpc,24.779999999999998,-8.718540723930476,14.392359309784021,18.19053163443111,65.48993478200624,-572.6595710323985,16.331113700661362,True
F583-4,-0.0668566397522635,True,238.05,18.785000000000004,124.43683541611861,47.78644551919582,53.3,mpc,37.309999999999995,-14.176132554442669,20.67519302262134,27.633489813561734,61.88048801781189,-544.9122734730563,-115.22503869725335,True
IC2574,0.43684332741089704,True,157.09784,68.41214,15.656993500158833,43.607196326755506,3.91,mpc,2.737,1.9082850079200881,0.5348495104707933,1.8877376220483033,-13.600829250062903,-658.7022213713866,471.0277052106219,True
IC4202,4.456666071189689,True,197.13159000000002,24.70083,154.26547796349013,85.4555120097068,100.4,mpc,70.28,-5.016196087634843,2.4178556385759986,70.05904760215773,741.4196022307079,-557.4992189042035,277.1049100662472,True
KK98-251,-0.23126865288816034,True,307.6370800000001,60.35472,60.288034815507935,12.228157597466836,6.8,mpc,4.76,2.3057198926539177,4.040396511255197,1.0081923469541128,-62.60425150939118,-666.1943891258078,346.65431658477434,True
NGC0024,0.04916094193973145,True,2.48559,-24.96313,112.17229554723237,-80.43478936699458,7.3,mpc,5.109999999999999,-0.3204553303201731,0.7863384712288012,-5.038956259974374,12.580180494036549,-532.2611147663027,214.76855027390093,True
NGC0055,0.15559528121988112,True,3.72334,-39.19663,182.98180383942284,-75.7309056620067,2.11,mpc,1.4769999999999999,-0.36355259277438995,-0.01893721075701999,-1.431432811673591,66.70588914210518,-551.6168047512796,337.5808487941802,True
NGC0100,-0.58734594016458,True,6.01182,16.48639,42.384534116656425,-45.88203507006738,13.5,mpc,9.45,4.859128197733405,4.434589102256787,-6.784231176200987,-50.44586664535069,-559.6253221339709,160.54594765231425,True
NGC0247,0.0655144984012473,True,11.78564,-20.7604,41.91646356644333,-83.55708711887392,3.7,mpc,2.59,0.21626512104160245,0.19415579461481947,-2.5736419573900227,34.28871452637747,-553.4223860580839,298.63811946341275,True
NGC0289,0.9191865966199932,True,13.17652,-31.20583,216.73947817528065,-85.9130406798496,20.8,mpc,14.559999999999999,-0.8315729601676836,-0.6207271505200656,-14.522974358461326,-57.549105136303254,-383.1510482953494,290.80545608162146,True
NGC0300,0.15952894705229134,True,13.72283,-37.68438,216.65523465308107,-79.41889199326143,2.08,mpc,1.456,-0.2144885199461276,-0.1596142812813376,-1.4312421025187743,64.1904433089476,-552.1126064333564,340.5679135830768,True
NGC0801,1.0872846534880758,True,30.93687,38.25867,17.645195931653763,-22.45715260046914,80.7,mpc,56.489999999999995,49.74990619336575,15.8248032769365,-21.578751933269153,157.08857726321955,-628.1690771424329,-121.51311458240843,True
NGC0891,-0.6343017395773687,True,35.63711,42.34832,15.481600374441882,-17.41524968936417,9.91,mpc,6.936999999999999,6.378850010383282,1.7668058559400313,-2.0762077479022194,-56.641433513394674,-632.2984536444594,281.5048597016448,True
NGC1003,-0.6864554599681729,True,39.82039,40.87229,11.858685172305107,-17.545043543429326,11.4,mpc,7.9799999999999995,7.446381593452495,1.5635916915493968,-2.4056147211907333,-48.82249245286456,-633.6125118672227,266.2064916663038,True
NGC1090,0.6839275074086878,True,41.64132,-0.24704,342.3550142953924,-51.44379827707589,37.0,mpc,25.9,15.383523428801409,-4.893238165957696,-20.253726253870745,250.76914807805142,-399.6084028418489,392.1121202199455,True
NGC1705,0.33487416922391455,True,73.55625,-53.36106,254.78534617694032,-38.743359267468996,5.73,mpc,4.011,-0.8210067212172714,-3.018755078184626,-2.510216473065739,118.76810130083811,-486.0641127158899,304.17659044469775,True
NGC2366,0.26525981521556674,True,112.21604,69.20864,9.437432832546698,28.53207379451212,3.27,mpc,2.2889999999999997,1.98378224119547,0.3297447417901649,1.0933423182056086,-8.977115439082613,-638.2992086906215,444.9078875124501,True
NGC2403,0.2900706443538613,True,114.21415,65.60255,5.294754097419539,29.185806616826213,3.16,mpc,2.2119999999999997,1.9229308889285404,0.1782073312853492,1.0786672070108771,-4.6519963678158565,-634.6784132595519,448.14254325770844,True
NGC2683,1.3851050486527587,True,133.17227,33.4218,325.40909851786034,38.760807202579315,9.81,mpc,6.867,4.408094814898617,-3.0399079051669804,4.29922656194893,-72.43412508664669,-643.4358409695121,582.967812590209,True
NGC2841,1.2857422655949846,True,140.51106,50.97648,348.92177432489257,44.15131220894471,14.1,mpc,9.87,6.949789284990934,-1.3607518377172532,6.875004242207732,-213.41862196195626,-785.9810023798611,487.873433946435,True
NGC2903,1.3385228670996168,True,143.04213,21.50083,307.15233876307,44.54009467653103,6.6,mpc,4.619999999999999,1.9887322285807645,-2.6245886001830554,3.2405059485816916,43.2314551343745,-588.3010436116555,581.9927978876142,True
NGC2915,0.270692458115654,True,141.54805,-76.62632,223.89774380082736,-18.357260958048748,4.06,mpc,2.8419999999999996,-1.943669510061559,-1.8702875514580304,-0.8950627411071138,168.07134791719284,-492.052556151643,349.76057463002303,True
NGC2955,0.34042966839256844,True,145.31917,35.88212,327.4181580225892,48.94228576277642,97.9,mpc,68.53,37.927982830163316,-24.23902423278286,51.67493321405845,-121.2006858309549,-465.80323336412437,92.53301812837803,True
NGC2976,0.38735286869132746,True,146.81441,67.91638,11.949417354149665,40.902507452087306,3.58,mpc,2.506,1.8530533645826328,0.39216912197882065,1.6408633726716386,-7.821547520946581,-648.9097501638563,466.0149806715812,True
NGC2998,-0.6979046260571733,True,147.18179,44.08129,340.1455405575887,49.81022703296501,68.1,mpc,47.669999999999995,28.933897317657838,-10.447920866217826,36.41564822414235,-31.825234284542873,-627.3768230812598,12.772595877440345,True
NGC3109,0.4168777235871275,True,150.77865,-26.15957,253.7622069421682,23.070173786776014,1.33,mpc,0.9309999999999999,-0.23951061617824804,-0.8223758382893936,0.36482001772892453,96.33493390666271,-558.6235224883876,426.0319281618053,True
NGC3198,2.880767938623012,True,154.97912000000002,45.54969,344.6453536910013,54.828911482365115,13.8,mpc,9.66,5.365734501749908,-1.473400904839863,7.896428498400257,-215.92126141875374,-788.5590323576637,497.44359834301133,True
NGC3521,2.2813050078904697,True,166.45247,-0.0359,260.33198351442144,52.829254174841324,7.7,mpc,5.39,-0.5469099762699647,-3.2103444852535143,4.294959576510439,226.46187216024111,-496.52191621756987,600.1059820350329,True
NGC3726,3.530717887686115,True,173.33822,47.02909,0.4849991932638648,64.87882979346412,18.0,mpc,12.6,5.348936661547927,0.04527893592315964,11.408191197938006,-239.76502832124197,-909.2394519322424,226.5239567305153,True
NGC3741,0.7219757025555609,True,174.02397,45.28415,358.2914235340601,66.44536160323769,3.21,mpc,2.247,0.8975545889423564,-0.026773270021660047,2.059778617201583,38.464909156841884,-631.9334437033692,493.8508248433053,True
NGC3769,3.3378790937516967,True,174.43377,47.89309,3.142009816365642,64.74937946410931,18.0,mpc,12.6,5.366809748770613,0.2946027219692683,11.396076621219647,-238.2305132743927,-917.6022530197001,226.56301856201026,True
NGC3877,3.4053067490487092,True,176.53242,47.4945,5.144229217364113,65.9565975780688,18.0,mpc,12.6,5.112922356094252,0.46029477334091634,11.506787288473992,-232.6357010324458,-925.1106055333664,214.00610686356606,True
NGC3893,3.1360094951566704,True,177.1592,48.71079,7.708892480814056,65.22739302574212,18.0,mpc,12.6,5.23191194948765,0.7082091190753941,11.440521718718372,-233.05253581553853,-932.789379934583,219.7372855183485,True
NGC3917,2.4986988414144427,True,177.68953,51.82421,12.21380761360004,62.794120583415044,18.0,mpc,12.6,5.630192656953561,1.2187110498185165,11.206055239139081,-235.4612119152879,-945.7667457495482,238.94390260614213,True
NGC3949,3.293871274340197,True,178.42395,47.85878,8.230386397692222,66.40574807228481,18.0,mpc,12.6,4.991296341563436,0.721959062791051,11.546676402426343,-229.16163356608462,-935.3518030146836,208.50812143739472,True
NGC3953,2.3906719282631594,True,178.45428,52.32654,13.646182400513501,62.59049885262397,18.0,mpc,12.6,5.636634395001084,1.3684555489729633,11.18551215222512,-234.37869161587466,-950.506024698434,239.58934285130024,True
NGC3972,1.840520135628371,True,178.93799,55.32067,17.0158579133356,60.05345128108334,18.0,mpc,12.6,6.014473203269328,1.8406293839479864,10.917792613807173,-233.77315711370176,-952.494255412458,256.7675351272252,True
NGC3992,1.3257387294890477,True,179.39993,53.37452,15.772188635613643,61.92334423359756,23.7,mpc,16.59,7.514148365309406,2.1223507819537035,14.637667215183521,-168.70027384879535,-921.5359085186847,40.842022228615946,True
NGC4010,3.392255093109517,True,179.6583,47.26131,9.190813222457647,67.35896299267007,18.0,mpc,12.6,4.788180702728886,0.7747281967832519,11.628977675579382,-225.794592848974,-939.0169703123179,199.29745658855862,True
NGC4013,4.181520333559054,True,179.6309,43.94702000000001,3.9992417967746148,70.0888230519363,18.0,mpc,12.6,4.280644494980652,0.299274899283687,11.846793542653243,-206.2478927838923,-920.7070512560202,175.2047358183771,True
NGC4051,4.012092936288401,True,180.79036,44.53126,6.981221475356506,70.08532442891381,18.0,mpc,12.6,4.259997453546623,0.5216447228146044,11.84653149571367,-205.0824714169046,-929.4322247119162,174.9371832643978,True
NGC4068,0.8337337650969306,True,181.0136,52.59057,16.963465742952362,63.043843032967224,4.37,mpc,3.0589999999999997,1.3263382197861737,0.4045776860461258,2.726650843560283,8.098945490512545,-666.9632545038203,508.56797845969646,True
NGC4085,2.7090111837971214,True,181.3446,50.35275,15.276921756208612,65.1672158680679,18.0,mpc,12.6,5.1046527188651405,1.3942652137253413,11.434970272527085,-227.20576343445464,-957.9200945508878,216.15076915077088,True
NGC4088,2.6710860854729006,True,181.39245,50.53903,15.52870201541512,65.01106893035171,18.0,mpc,12.6,5.128483427170256,1.4250213848634432,11.420506634555311,-227.34266837795565,-958.7012099649511,217.35444182058097,True
NGC4100,2.8562305673150963,True,181.53584,49.58231,14.753727108252535,65.91674635877871,18.0,mpc,12.6,4.9720800439267405,1.3093852914971633,11.50321390721725,-225.9373243383277,-956.4913152272089,209.90011780625684,True
NGC4138,4.177870472985603,True,182.37412,43.68532,8.558933940986307,71.40376048868177,18.0,mpc,12.6,3.9733551136887293,0.5980007875511503,11.942145711663873,-191.8226718697397,-931.83670973177,162.9509780718966,True
NGC4157,2.6389240943365717,True,182.76819,50.48468,17.39240120639447,65.40822124327572,18.0,mpc,12.6,5.003761425236131,1.567355018627029,11.457127469174091,-225.0818344942723,-965.1168409307993,212.8346406171166,True
NGC4183,4.143637347790385,True,183.32025,43.69827,10.465828947144956,71.72721734037641,18.0,mpc,12.6,3.884896956682808,0.7176268255551415,11.964639040740021,-188.06513497965926,-936.6112348901693,159.95782336439123,True
NGC4214,0.743526685495501,True,183.91322,36.32689,355.60952148896143,78.07453943177228,2.87,mpc,2.009,0.41391949571157993,-0.0317801773512704,1.965640270089467,60.88422509936946,-619.0705310246783,489.6240273129234,True
NGC4217,3.3161878898843775,True,183.96208,47.09179,15.96608387487413,68.84680256959311,18.0,mpc,12.6,4.371475191285644,1.2507003616609111,11.750997968569111,-209.42326265327125,-958.0588500255916,183.97676376599279,True
NGC4389,3.548792412209198,True,186.39624,45.684670000000004,19.13612962373868,70.74479423512986,18.0,mpc,12.6,3.925577423746552,1.3621258875387694,11.895144175530959,-191.4593648681607,-963.2668363040648,167.05696991087828,True
NGC4559,3.5937109796944338,True,188.99037,27.95976,317.4464428876538,86.47028569700429,9.0,mpc,6.3,0.28572041805393117,-0.26230627830855263,6.288048923081547,90.2384827198775,-712.8799584030465,583.470514417302,True
NGC5005,4.821126978794236,True,197.73463,37.05894,54.25134778039999,79.24916405549621,16.9,mpc,11.829999999999998,1.2892501874324533,1.7909703329149005,11.62235600989851,-42.521613785040046,-950.5546273519819,169.26198605980935,True
NGC5033,4.973444450120633,True,198.36473,36.59365,57.80532446947665,79.44800756322387,15.7,mpc,10.989999999999998,1.072294332125811,1.7031254798900246,10.804149594717773,-27.11768132793799,-939.8570377028647,246.36109865263808,True
NGC5055,2.817457892901396,True,198.95554,42.02929,49.86679717539984,74.28759525992285,9.9,mpc,6.93,1.2096620059581895,1.4348313978858407,6.67104764568371,-28.733956216042596,-824.5374848685404,515.9564520169579,True
NGC5371,1.5091209374738406,True,208.91676,40.46177,73.69133837595524,71.19587075011577,39.7,mpc,27.79,2.515416542922172,8.597228915182619,26.3067374373095,-7.648815803658739,-521.9796058208855,1.6198524860217693,True
NGC5585,0.9256980648551538,True,214.95085,56.72905000000001,54.86742044260627,56.47485867445001,7.06,mpc,4.941999999999999,1.5707352479243144,2.232231020487179,4.11986643619704,-45.85777508147495,-751.9930636228753,485.96804655820745,True
NGC5907,0.1051562609878134,True,228.9737,56.32885,64.27956690884177,51.087019119374744,17.3,mpc,12.11,3.3011880906202284,6.8531066818189394,9.422801388013852,-153.33538435343027,-875.553948359694,249.12471096985013,True
NGC5985,-0.7060647065442008,True,234.90453999999997,59.33195,62.88462356627642,46.829440754748255,39.7,mpc,27.79,8.665886701886205,16.92342650484012,20.267810513357052,-81.5923024226044,-563.4378726902751,127.0444016281607,True
NGC6015,-0.34025797773872296,True,237.85513,62.31003,60.17144740082021,44.124491842730414,17.0,mpc,11.899999999999999,4.248925617681944,7.4104767645994905,8.285014497074652,-147.54169394355802,-822.8452965499323,258.86004908096965,True
NGC6195,0.3361172040533127,True,249.13555,39.028,93.55238672654042,42.14273331965652,127.8,mpc,89.46,-4.110030892742458,66.20495415097834,60.02585519530362,300.32930575988155,-112.13503592692146,58.719392858144595,True
NGC6503,0.06746355562828371,True,267.36047,70.14434,55.29123957186462,30.640753031579234,6.26,mpc,4.382,2.1467624690219522,3.099306129965275,2.2333016845823663,-59.43918994167791,-702.2770618934901,407.109370112037,True
NGC6674,-0.31744928779493753,True,279.6412,25.37511,101.2713634635989,13.919124214265969,51.2,mpc,35.839999999999996,-6.799445965089431,34.116636061872605,8.621384946141939,-18.096787604496296,-372.06133436747257,-88.44707965786773,True
NGC6789,0.15062240245063974,True,289.17154,63.97331,60.888809470129,21.51885893552588,3.52,mpc,2.464,1.1151941849176632,2.0026879350917337,0.9038135673709685,-7.255058030593225,-642.9915962087957,401.33139408314435,True
NGC6946,-0.11292827702401129,True,308.71805,60.15368000000001,60.14507767769768,11.672735879031,5.52,mpc,3.8639999999999994,1.8837406957655196,3.2818978307279254,0.7817695439067522,-45.9125747098019,-658.2722410852468,362.9721680944368,True
NGC7331,-0.6618372839066521,True,339.26709,34.41592,62.14170031238607,-20.72393690061292,14.7,mpc,10.29,4.4972579100733645,8.508811396479338,-3.6412772360019328,-80.73074379061339,-550.7020104626558,168.79543918605924,True
NGC7793,0.09981358370573967,True,359.45761,-32.59103,151.34826561962447,-77.17139771269073,3.61,mpc,2.5269999999999997,-0.4923787138285758,0.26903061860964095,-2.463922630363833,54.248466821491164,-543.7015236602376,294.1512114373915,True
NGC7814,-0.6048932547267283,True,0.81228,16.14523,49.45484426380338,-45.17490801743038,14.4,mpc,10.08,4.619133853566948,5.399687805786489,-7.149361792696776,-57.167873563938436,-548.2610173430294,147.90144022136303,True
PGC51017,2.4895890748077223,True,214.25733,43.50372,73.90342122368541,66.19688617099362,13.6,mpc,9.52,1.065284752892065,3.691592914676214,8.710207239071185,-69.84779463394486,-921.2542690664877,357.51319113947034,True
UGC00128,-0.5261506318471949,True,3.4622100000000002,35.9935,41.40289069394288,-26.2592000670036,64.5,mpc,45.15,30.371094224584052,26.778444717831785,-19.97583625522256,123.90536326486766,-193.12944633069995,76.43000040138023,True
UGC00191,-0.4786621889199005,True,5.0215,10.87931,45.283316415415776,-51.239007258079816,17.1,mpc,11.97,5.27285748947191,5.3252635508169295,-9.333779620821389,-47.25046861826328,-536.7926105551074,123.0673060800453,True
UGC00634,0.16097517832136654,True,15.354879999999998,7.625990000000001,28.59956775511668,-55.16177379571842,30.9,mpc,21.63,10.848737382017513,5.914817463791688,-17.753217499541897,35.88060147385204,-473.2648913861886,151.51086531536149,True
UGC00731,-0.7803554915432293,True,17.68333,49.60219,29.723565357251093,-13.14932132752114,12.5,mpc,8.75,7.399506831966478,4.224638636992013,-1.9905343580344648,-61.62572888877128,-625.2093892269224,237.76442541963175,True
UGC00891,-0.4422434211244362,True,20.32954,12.41172,21.586976274151727,-49.80069063356057,10.2,mpc,7.139999999999999,4.285262454422526,1.6955287682388427,-5.453559194947011,-37.30772425794022,-573.1713085272472,213.81206804764182,True
UGC01230,-0.8189525558883827,True,26.38438,25.52147,17.85677781510267,-35.761579895165504,53.7,mpc,37.589999999999996,29.033192954263086,9.353285083376797,-21.968110183391044,161.742471395146,-510.0236353748372,90.46405861974854,True
UGC01281,-0.2489667803307692,True,27.38212,32.58783,18.99271411915439,-28.706681170094367,5.27,mpc,3.6889999999999996,3.059440215535315,1.0530145941398439,-1.771921790625569,-34.38389577865169,-607.9574793699645,323.4129038373062,True
UGC02023,-0.6067490425546382,True,38.3255,33.49042,9.676546454245502,-24.740240882195575,10.4,mpc,7.279999999999999,6.517730990467788,1.1113504211743277,-3.046716753695921,-43.230067620914475,-617.4321893420231,265.48839216689464,True
UGC02259,-0.6188138349252332,True,41.98082,37.53844,8.718757426176415,-19.796177331130764,10.5,mpc,7.35,6.835724786499684,1.0483032683737963,-2.489262320598345,-46.778402073673035,-627.7698018947349,277.7234067489502,True
UGC02455,-0.3190870540115064,True,44.928490000000004,25.24119,359.5570818063648,-29.191499830345027,6.92,mpc,4.843999999999999,4.228658736472023,-0.032689793458987496,-2.362564849451214,-33.67159971819818,-603.4542238797821,316.89090580699906,True
UGC02487,0.10081716060768028,True,45.42649,35.20565,4.928798838843796,-20.485797750695742,69.1,mpc,48.36999999999999,45.14348184293261,3.893020043171388,-16.928300033975006,285.7725276166695,-617.1959865725755,-165.47286147909736,True
UGC02885,1.4682057123358976,True,58.26017,35.58947,356.28417459217064,-14.052047080301486,80.6,mpc,56.419999999999995,54.61660411512409,-3.547046115339939,-13.698956850339439,-60.17051001847994,-469.697235499157,-43.42968003186873,True
UGC02916,-0.8185986202035137,True,60.64098,71.70592,19.057924668696668,14.194671477395667,65.4,mpc,45.78,41.94961451931327,14.491865443409866,11.226044612913503,188.75822892605495,-403.8908027479125,128.83739898027028,True
UGC02953,-0.7774401241650912,True,61.94545,69.81243,17.40062278525674,13.110177161579067,16.5,mpc,11.549999999999999,10.734172100426854,3.364013766197674,2.6198207379991216,-87.14399865137959,-703.0265425011576,293.4510658939541,True
UGC03205,-0.39015421039280834,True,74.06173,30.052190000000003,342.90305603321707,-8.206389720836825,50.0,mpc,35.0,33.11075321114871,-10.184264567131397,-4.995876000970884,147.06490688986895,-911.771345585999,59.4407309407361,True
UGC03546,-0.39874843338705085,True,102.5361,60.84569,0.8948250023976959,23.31391207925677,28.7,mpc,20.09,18.447407763491373,0.28812844614626054,7.9509891715433385,-142.35770254082266,-785.4836295603509,262.6489208466274,True
UGC03580,-0.49077429247163046,True,103.87864,69.563,10.146916099759613,25.646030569594934,20.7,mpc,14.489999999999998,12.858211596942446,2.3012608131961945,6.271418754787655,-127.89844409342938,-767.1629194683596,319.8795596808667,True
UGC04278,0.5999961597077212,True,123.49545,45.74215,341.73982019896175,33.057244437010695,9.51,mpc,6.656999999999999,5.298445313992525,-1.7482090441513007,3.631238272625226,-105.7209141110175,-695.7381877821616,527.6744550189353,True
UGC04305,0.2915989862783213,True,124.77074,70.72003,11.587089665182658,32.68843349530243,3.45,mpc,2.415,1.9910903691420225,0.408244625286946,1.3042700900634827,-11.182967361813684,-644.002847460147,451.4669630404365,True
UGC04325,0.5476000409013365,True,124.83554,50.00961,346.7667452078471,34.29063325379966,9.6,mpc,6.72,5.404572878311587,-1.2709409861076166,3.7859874554534123,-117.632981472741,-712.8733426820736,518.5122152087594,True
UGC04483,0.315354867060011,True,129.26371,69.77478,10.895735176630017,34.381007148577005,3.34,mpc,2.3379999999999996,1.8947686446598608,0.3647286641524447,1.3202533032563888,-7.49753526910271,-642.1215888749664,453.7601627283544,True
UGC04499,0.6541736946839634,True,129.42287,51.65238,348.7727832628705,37.19551021944431,12.5,mpc,8.75,6.83666390109611,-1.357071111152054,5.289696087936041,-173.01825639299875,-756.0419531969642,502.1603203045854,True
UGC05005,0.9818425515343884,True,141.12245,22.27482,308.9067030438407,43.06726397758658,53.7,mpc,37.589999999999996,17.2472889778123,-21.369683441872915,25.668575194388502,191.69858779365688,-525.9458180680654,-245.4833981359805,True
UGC05253,0.1491321391568137,True,147.59264,72.27865,16.8503944738175,38.68282859141468,22.9,mpc,16.029999999999998,11.976042848183958,3.6272772686752814,10.01889002408018,-151.73160537754688,-839.8140935609329,270.58225861340674,True
UGC05414,2.1050329633928366,True,150.98827,40.76151,335.57880203063996,53.10042250274343,9.4,mpc,6.58,3.5972578046952153,-1.6333935325224627,5.261954185896448,-89.3337820135088,-702.7296609409902,588.4532982338294,True
UGC05716,4.89153469473568,True,157.93028,25.30761,307.6243476198475,58.7111258839619,21.3,mpc,14.91,4.727299873226263,-6.133130864517794,12.741485066792418,-53.337548986062004,-458.4660469316261,83.93323804209598,True
UGC05721,1.6894434173423407,True,158.072,27.66877,312.10663337269597,59.213540213299645,6.18,mpc,4.326,1.4846617102232509,-1.6427253041814271,3.7163838850687916,42.19310431353351,-624.3991369173009,587.4286802993331,True
UGC05750,1.594956255745529,True,158.93796,20.99019,299.1471612873807,58.522481887425286,58.7,mpc,41.089999999999996,10.450102233147526,-18.738814413985608,35.04340590860098,490.1401492154428,-548.8341900464063,-171.7936345723602,True
UGC05764,2.127059128885705,True,159.17976,31.54726,319.686466806551,60.426209784610656,7.47,mpc,5.228999999999999,1.9678558171693985,-1.669662353362245,4.547770014919114,11.13628610784178,-649.3475886736207,607.3487700208955,True
UGC05829,2.6285342901596866,True,160.67828,34.44928,325.79576617136996,61.53349311587601,8.64,mpc,6.048,2.384145689058658,-1.6205212919226175,5.316771960105912,-23.06750497547064,-676.6210351742734,606.9486446662556,True
UGC05918,0.6777123341922611,True,162.40172,65.53363,14.96204650178415,47.119112898996484,7.66,mpc,5.362,3.5250126561962194,0.9420220756982812,3.929112391183736,-98.47583404318524,-747.8260885220459,500.50507911712737,True
UGC05986,2.6009480535269454,True,163.12972,36.61878,331.0912749218765,63.16234281700904,8.63,mpc,6.041,2.387448895501647,-1.3184169918828443,5.390319601552635,-31.11489236115589,-692.8838374089464,600.0977874177476,True
UGC05999,-0.3332821769788623,True,163.24438,7.6198,273.62860774520453,55.82798831721014,47.7,mpc,33.39,1.186948482259417,-18.71687357254356,27.6253850103466,508.14509379965034,-173.60989728430783,-186.76461515162407,True
UGC06399,2.6960902332119314,True,170.84677,50.89268,3.784726583769723,60.96054700641542,18.0,mpc,12.6,6.1028493151519765,0.4037168110626327,11.015999408724316,-250.98161277488572,-915.7644983422298,262.68500873978576,True
UGC06446,2.15600372207755,True,171.66854,53.74667,8.303254816088694,59.13990092339493,12.0,mpc,8.399999999999999,4.263560134708973,0.6222335157836842,7.210747563849109,-181.73768595548373,-851.7374281924663,488.5305091285726,True
UGC06614,0.05197864213419234,True,174.81185,17.14358,275.7623053432592,70.5636413695034,88.7,mpc,62.089999999999996,2.07440495986452,-20.5566436686771,58.55159558151705,1.9795227338991612,-236.4074269981845,129.47379220765865,True
UGC06628,3.94418234802167,True,175.02392,45.94216,0.6950484454009785,66.46655039411374,15.1,mpc,10.569999999999999,4.220125426510458,0.05119636265876977,9.69086272304847,-210.7132338731543,-893.1241082701417,370.13403829562617,True
UGC06667,2.5641570067500328,True,175.60962,51.59801,9.594834498778201,62.29015192125958,18.0,mpc,12.6,5.776967058073987,0.9765651263197107,11.154952808684765,-239.68490663995925,-936.4032799447444,245.48235413852686,True
UGC06786,2.021758856981043,True,177.28931,27.02207,306.0566465631455,76.14464624777388,29.3,mpc,20.509999999999998,2.8908706802283697,-3.97068077411093,19.91322828926294,103.55028854297663,-611.0638099719072,-236.31447360592114,True
UGC06787,1.417821963870932,True,177.31404,56.08435,16.072612293344665,58.96192195491676,21.3,mpc,14.91,7.387209415380338,2.1283836566276526,12.775258121208996,-200.449485302995,-939.6497952363216,149.49037633995854,True
UGC06818,3.7589114734692037,True,177.69564,45.8072,4.106752204233969,67.77826393482124,18.0,mpc,12.6,4.752983827810883,0.34126113044136963,11.664162446288977,-227.14926969932174,-923.3250151408798,196.82716396755896,True
UGC06917,2.748911778094266,True,179.11989,50.42839,12.39377806547838,64.45169298246098,18.0,mpc,12.6,5.307389526798014,1.1663010747521851,11.36799710652086,-231.25040020024082,-947.7214072151896,224.1716155026196,True
UGC06923,2.22109649745314,True,179.20636,53.16034,15.348666596747941,62.06379160033798,18.0,mpc,12.6,5.69241065629906,1.5624654935094893,11.131718757750082,-233.59541977035337,-955.965239517445,242.66136626521566,True
UGC06930,2.9761095672067492,True,179.32248,49.28325,11.317891716679961,65.51068345765253,18.0,mpc,12.6,5.121427477495462,1.0250254168317918,11.466486100266431,-229.45475122173838,-944.8367285885785,215.29464889596562,True
UGC06973,4.489331892773496,True,179.7176,42.7224,1.89607887671209,71.09662135536587,18.0,mpc,12.6,4.079827406145227,0.13506229843207793,11.92043482896528,-196.3966675094211,-913.2954826985612,165.9576546442955,True
UGC06983,2.2946378956156654,True,179.78639,52.70779,15.591854956573185,62.624397733656785,18.0,mpc,12.6,5.580547761736332,1.557261803306782,11.18894196762774,-232.20790057095036,-957.3190222809595,237.72859182689578,True
UGC07089,4.339120056740037,True,181.49061,43.14336,5.942977807394556,71.5223219144696,18.0,mpc,12.6,3.971920484369249,0.41346945924919093,11.950434748247284,-191.44976890333487,-924.2475768050874,162.0187378505333,True
UGC07125,5.2806237182554465,True,182.17297,36.8023,352.5177388504763,76.76027419237961,19.8,mpc,13.86,3.1472697399656764,-0.4133546746173452,13.491605949510546,-122.1980007054629,-860.803808300171,-5.174612981334953,True
UGC07151,1.6465512388641308,True,182.49417,46.45718,12.689641297319916,69.0076643864181,6.87,mpc,4.809,1.6807104703516764,0.3784451821584431,4.489818766826932,-20.19829224141518,-724.7705154106271,556.9109136468468,True
UGC07232,0.7307361797076211,True,183.43399,36.63127,355.2322770247336,77.58996727970582,2.83,mpc,1.9809999999999999,0.42425637371003727,-0.03538512842252972,1.9347132661076498,60.39583754846614,-618.5118295015046,488.4534378497922,True
UGC07261,6.869916093192236,True,183.80983,20.65908,266.8229962478114,79.50373617395739,13.1,mpc,9.17,-0.09258104458588455,-1.6679443866962733,9.016556453162803,201.57282272649033,-647.5831694685887,456.49761062929696,True
UGC07323,2.088058220997598,True,184.37572,45.61929,15.09353888497978,70.31553953440466,8.0,mpc,5.6,1.8212297685231793,0.49118518396799105,5.272746840622574,-36.38074029402003,-755.7408425582179,556.7690924388834,True
UGC07399,2.1870667935049117,True,185.15883,46.29102,17.308096793704884,69.89158945984491,8.43,mpc,5.901,1.9368850244998692,0.6035727846263119,5.541297437922511,-47.31251633459223,-770.2179570141045,551.6659577465147,True
UGC07524,1.2792354142441964,True,186.45384,33.54675,353.7695833275241,81.53310583171772,4.74,mpc,3.318,0.48564990377350986,-0.053019338051895286,3.281837461050946,61.553481180586346,-649.5752630090603,540.8853655231206,True
UGC07559,1.30256981148187,True,186.77319,37.14177,7.2718630527323525,78.74487661410062,4.97,mpc,3.4789999999999996,0.6735627606158937,0.08594919783283027,3.412091285839725,47.91958996118766,-661.793742730476,540.722407017208,True
UGC07577,0.6192398264466663,True,186.92453,43.49947,18.119662676581186,72.93946468405653,2.59,mpc,1.8129999999999997,0.5055239218822897,0.16542272685079357,1.7332195146160787,51.83699906652714,-620.1314829315124,476.0055877658254,True
UGC07603,1.386877644910153,True,187.1838,22.82044,264.2225919538068,83.29152347311096,4.7,mpc,3.29,-0.038688209736304005,-0.3823779170461822,3.267474613670751,99.49775317258597,-624.069541310102,546.3863179085074,True
UGC07608,2.3344857660024574,True,187.18366,43.22383,18.442294115584208,73.25989299909443,8.21,mpc,5.747,1.5703013617964536,0.5236574767307439,5.503448507999706,-25.665904760758806,-760.1625147514128,559.0865188217258,True
UGC07690,2.315065941538862,True,188.11206,42.70412,20.22209538125048,73.95231025017681,8.11,mpc,5.677,1.4726007644655792,0.5424564416478795,5.455778312707556,-19.07679417791565,-756.6754426614771,558.6454975369916,True
UGC07866,1.1148714811342166,True,190.56315,38.50163,23.909966194670186,78.46524502055408,4.57,mpc,3.199,0.584784357950568,0.2592624609913348,3.134391684365095,48.602630575827014,-656.5258512622419,528.5441059359786,True
UGC08286,1.534933226857389,True,198.04916,44.03802,45.47745496739881,72.58103612881469,6.5,mpc,4.55,0.9550714903108781,0.9711231523447286,4.341342911055909,9.830052208893381,-720.6134061872453,536.5676321934881,True
UGC08490,0.7076991150909644,True,202.40212,58.41873,42.36303668960873,58.005133459624844,4.65,mpc,3.255,1.2743195056615526,1.1621069259302195,2.760551084511118,-4.3861023789898,-683.6813278203249,488.604153799643,True
UGC08550,1.3702727382944144,True,203.5118,47.91547,51.914250676831536,67.61194640609337,6.7,mpc,4.6899999999999995,1.1018713462515752,1.4059886656599367,4.3364934461319695,-8.417284582162972,-736.7112331900119,522.0846342134791,True
UGC08699,1.2216085344751608,True,206.28612,41.5033,66.95395524179719,71.89227623747972,39.3,mpc,27.509999999999998,3.347166311956869,7.867844063113945,26.147535399701127,-35.785691446991734,-522.6796859916108,7.585936411809559,True
UGC08837,1.1442820668383191,True,208.69001,53.905570000000004,52.16187227183212,60.794903922219646,7.21,mpc,5.047,1.5106514287090955,1.9448463357883083,4.405418707808596,-40.78259161468378,-757.5471052989236,502.7928699604641,True
UGC09037,-0.47991072412846547,True,212.12127,7.058,167.08437901941804,62.85184101855683,83.6,mpc,58.51999999999999,-26.026706766327585,5.968380132324119,52.072827592667515,146.21531299398868,-335.1212984300063,252.41059665905243,True
UGC09133,0.04072147678752418,True,214.03213,35.34372,93.23784822945996,70.17497072101672,57.1,mpc,39.97,-0.765644637517695,13.53414227456487,37.60108617022753,276.36362888744134,-518.1181462653794,52.704958662566504,True
UGC09992,0.11802809386490852,True,235.45004000000003,67.25389,53.67318611587173,42.365621413275,10.7,mpc,7.489999999999999,3.2783233093194237,4.458521668325947,5.047205247722838,-125.75904006553091,-801.1135637296628,391.3094339343089,True
UGC10310,0.27883741015528984,True,244.07459000000003,47.04532,82.24019251966286,45.52971762419457,15.2,mpc,10.639999999999999,1.0064076292694661,7.385482023933227,7.592851833001047,-101.50575702322132,-817.0054316969247,290.21917583146524,True
UGC11455,0.42327892115258825,True,292.4844,72.11282,52.11547523157826,22.844956300252708,78.6,mpc,55.019999999999996,31.136011021701584,40.0182612836211,21.360898424277682,156.2996738417264,-279.38660483466055,4.642401031973329,True
UGC11557,-0.8867702915057358,True,306.00286,60.19484,60.883576668312195,12.814788478030332,24.2,mpc,16.939999999999998,8.037454164533214,14.430719455094597,3.7572951123623444,-44.319207631640225,-523.0740735519763,156.1381852970769,True
UGC11820,-0.5174201321905499,True,327.36933,14.23094,85.52465991075499,-29.516161676671132,18.1,mpc,12.67,0.8603313909747389,10.99202927811705,-6.242116808160598,-91.50400705041588,-477.38672754784125,105.3536697079363,True
UGC11914,-0.6344239491850219,True,331.9682,31.359260000000003,69.35744398422385,-19.70721258982553,16.9,mpc,11.829999999999998,3.9262356688983355,10.422070156893874,-3.989238914511453,-87.98365401074595,-521.8084595422293,143.18158888306638,True
UGC12506,-0.4950944721515106,True,349.87698,16.07479,62.933086214820264,-41.38006468159097,100.6,mpc,70.41999999999999,24.043380475384545,47.05186563078005,-46.551199726526,-45.81802310853803,-57.87902907733994,-19.48262864462467,True
UGC12632,-0.601053965788862,True,352.49492,40.99033,49.09257152261417,-19.311197135250758,9.77,mpc,6.8389999999999995,4.226469030325456,4.8778912423556635,-2.2616493016048516,-69.79544605196187,-605.7452806091717,242.48752925950663,True
UGC12732,-0.669716685950806,True,355.1665,26.23606,52.12558660723228,-33.98419187207982,13.2,mpc,9.239999999999998,4.703788532684759,6.047852321467812,-5.1648287229587515,-65.96893959316152,-561.2434314442473,172.51834251314176,True
UGCA281,1.233802119185476,True,186.56675,48.4935,21.710588678049426,68.0826591317757,5.68,mpc,3.9759999999999995,1.3788389625288873,0.549001860730001,3.6886279389940175,-2.025587783461106,-698.7193209596758,533.2261567499356,True
UGCA442,0.07797459840126714,True,355.93979,-31.95677,145.16222093970435,-74.52891214367743,4.35,mpc,3.0449999999999995,-0.6666809242404154,0.464007544085534,-2.9346649799058246,50.731430083337145,-538.7700655235318,273.0804467059179,True
UGCA444,0.2078291015499997,True,0.4912500000000001,-15.46389,80.01064976051867,-73.62578943052068,0.98,mpc,0.6859999999999999,0.033546421735951744,0.19045821678547742,-0.6581765000724423,55.97562234795474,-571.4200942162242,372.00436857458874,True
