seed,all_pass,failed_gate_count,failed_gates,closure_half_r500,closure_r500_ground,closure_r500_full,closure_outer,higher_mode_fraction_r500,baryon_fraction_r500,sigma_pred_r500,sigma_anchor,mean_eta_gas,mean_eta_galaxies,summary_json,summary_sha256
20260405,True,0,,0.6929427892702653,1.0460241315154215,1.0951811517874408,1.2468672986952636,0.051104247608512364,0.12170059210831809,813.4787476478376,747.7300678465688,0.3696849106127251,0.3930345145129453,D:\#Documents\#Publication\Spacetime_Mechanics\repro_checks\results\irs_cluster_eigenmode_seed_sweep_shellavg_memory_calibrated_v2_64\seed_20260405\toy_cluster_summary.json,ac4fa897b3779015880ec4f66235110d3d499bebdb3713fbb9afd4b7cc61672f
20260415,True,0,,0.7008917537266823,1.0166870919987419,1.0660850126016264,1.2058217725977536,0.0529469490330203,0.12486331385430618,802.5999897699521,747.7300678465688,0.37083070694202236,0.41604254176840233,D:\#Documents\#Publication\Spacetime_Mechanics\repro_checks\results\irs_cluster_eigenmode_seed_sweep_shellavg_memory_calibrated_v2_64\seed_20260415\toy_cluster_summary.json,b03a22002de040be2d4a4243fb57ecb739e165559f505ef38cd62e744c477969
20260425,True,0,,0.7259876484748656,1.0669295089636008,1.1164545667065957,1.258184627340037,0.05039147431756701,0.11970776441602093,821.3414831962008,747.7300678465688,0.370547713411839,0.3968171741667472,D:\#Documents\#Publication\Spacetime_Mechanics\repro_checks\results\irs_cluster_eigenmode_seed_sweep_shellavg_memory_calibrated_v2_64\seed_20260425\toy_cluster_summary.json,b99fc486db60b38d6e08ae5b23dbff6f7b81eba9a6181735a3c9a96f41ee1839
20260435,True,0,,0.718806576343671,1.0698608815300035,1.1193121028774922,1.2611851018308413,0.0501765376817731,0.11950857241375107,822.3919124774734,747.7300678465688,0.3702140407840058,0.3920959371643448,D:\#Documents\#Publication\Spacetime_Mechanics\repro_checks\results\irs_cluster_eigenmode_seed_sweep_shellavg_memory_calibrated_v2_64\seed_20260435\toy_cluster_summary.json,0670da96360c0a90fde4a3e7691db46626b9255360986b4002ae039e34a17b17
20260445,True,0,,0.727113354211968,1.059853642791414,1.1090026535803479,1.259393391604454,0.050356915312474916,0.11991812466301817,818.5958216591678,747.7300678465688,0.3698600187914993,0.38481703427722325,D:\#Documents\#Publication\Spacetime_Mechanics\repro_checks\results\irs_cluster_eigenmode_seed_sweep_shellavg_memory_calibrated_v2_64\seed_20260445\toy_cluster_summary.json,40d26e0520f9c68baf8169b04c660c83a9f58ec8afd9aecc8c16682122a0d039
20260455,True,0,,0.7224082569014084,1.0563568350507988,1.1056844129480652,1.250623552465094,0.05073796572882204,0.12072332411791474,817.3702462250308,747.7300678465688,0.37009456686455033,0.3991401479244685,D:\#Documents\#Publication\Spacetime_Mechanics\repro_checks\results\irs_cluster_eigenmode_seed_sweep_shellavg_memory_calibrated_v2_64\seed_20260455\toy_cluster_summary.json,85aef3032c1f70cd0cba0f0b680f74f2bd057d576564f69fe80885046f7476b3
20260465,True,0,,0.7477500296084403,1.061704889202039,1.1109529188413108,1.2538464632618649,0.0503660041200622,0.11985199578499833,819.3152869024366,747.7300678465688,0.3702415215986903,0.39713638675801133,D:\#Documents\#Publication\Spacetime_Mechanics\repro_checks\results\irs_cluster_eigenmode_seed_sweep_shellavg_memory_calibrated_v2_64\seed_20260465\toy_cluster_summary.json,b86153eaee4f2ef176c82b7faf7b6036501b864ae7fc1077c666a5c06ee0716b
20260475,True,0,,0.7052240149498302,1.0399051001668034,1.0890886863143572,1.2422426815397722,0.051442192675132316,0.12211531381277292,811.2129110477762,747.7300678465688,0.3700729122474213,0.4013328980030367,D:\#Documents\#Publication\Spacetime_Mechanics\repro_checks\results\irs_cluster_eigenmode_seed_sweep_shellavg_memory_calibrated_v2_64\seed_20260475\toy_cluster_summary.json,3b2aab9950b6e887b4255d1b8505970bf78844db2b32e1b975cb4064c6fafae1
20260485,True,0,,0.720529546009635,1.063479781954497,1.1128960706138429,1.25979678204992,0.05046290735505313,0.12007988057821024,820.0315001521195,747.7300678465688,0.370144479149605,0.39110420969916415,D:\#Documents\#Publication\Spacetime_Mechanics\repro_checks\results\irs_cluster_eigenmode_seed_sweep_shellavg_memory_calibrated_v2_64\seed_20260485\toy_cluster_summary.json,7ee5c98d0597dade8838147c2e6481a3f1f9e27ae52bab09268f121ce49fd68a
20260495,True,0,,0.7232517136796462,1.0653278909683919,1.1147283794768224,1.2571128793288868,0.05035488906407865,0.11992326146087638,820.7062859975895,747.7300678465688,0.3702506026450637,0.3976750968734395,D:\#Documents\#Publication\Spacetime_Mechanics\repro_checks\results\irs_cluster_eigenmode_seed_sweep_shellavg_memory_calibrated_v2_64\seed_20260495\toy_cluster_summary.json,00ac75fa5978b0509cb384261bf6a83e5ebb4c89c78399bd7ab53e1655ba62ec
20260505,True,0,,0.7084264541593154,1.0377833386365964,1.0870235375497526,1.2267553324784097,0.05162930080426043,0.12262630996104937,810.4434281362824,747.7300678465688,0.3700478339684051,0.41034825445912027,D:\#Documents\#Publication\Spacetime_Mechanics\repro_checks\results\irs_cluster_eigenmode_seed_sweep_shellavg_memory_calibrated_v2_64\seed_20260505\toy_cluster_summary.json,2cf88c61f8c9209ef3f78f55de2be0e7f9b87f62e7aa4d5779d8f3ca9812ccce
20260515,True,0,,0.6993742565634933,1.0402397168822028,1.089143426050092,1.2462040771611647,0.0511214783058724,0.12167888881396435,811.233297368454,747.7300678465688,0.3696387988391149,0.3955106111496661,D:\#Documents\#Publication\Spacetime_Mechanics\repro_checks\results\irs_cluster_eigenmode_seed_sweep_shellavg_memory_calibrated_v2_64\seed_20260515\toy_cluster_summary.json,350a3c9c6e2c3660b613c5b206cb086836b51d8adbd272ce309ca2c97229bd15
20260525,True,0,,0.7310800063112908,1.060826212595483,1.110267607376168,1.2558192942242077,0.05061546661223149,0.12020842268280797,819.0625431688336,747.7300678465688,0.3703028610144405,0.3928151151553998,D:\#Documents\#Publication\Spacetime_Mechanics\repro_checks\results\irs_cluster_eigenmode_seed_sweep_shellavg_memory_calibrated_v2_64\seed_20260525\toy_cluster_summary.json,cda42d3069ee5fe939f91aa498e68d7f222665d530f983e14ce44c327e7adde3
20260535,True,0,,0.7014207317221349,1.0476232513360166,1.096838325195174,1.2522454555311375,0.05107145612874972,0.12142815058778306,814.0939727051486,747.7300678465688,0.36999838906339105,0.39646441791454295,D:\#Documents\#Publication\Spacetime_Mechanics\repro_checks\results\irs_cluster_eigenmode_seed_sweep_shellavg_memory_calibrated_v2_64\seed_20260535\toy_cluster_summary.json,3b2da07a74ef79eefb0679692affa19de179da80aefb04aa11f4a613301205aa
20260545,True,0,,0.7368388573257652,1.0644659191040713,1.1139895250913057,1.2550907598902035,0.05051489941091603,0.11994126072952044,820.4342542801021,747.7300678465688,0.37064301566383173,0.4010781229645409,D:\#Documents\#Publication\Spacetime_Mechanics\repro_checks\results\irs_cluster_eigenmode_seed_sweep_shellavg_memory_calibrated_v2_64\seed_20260545\toy_cluster_summary.json,8182c664c70ba129b9f745285a72ca84df3fc72702665573198f7e66f5303363
20260555,True,0,,0.7103019846064538,1.0241014222904568,1.0731919416722921,1.228573187615841,0.052182657120576716,0.12341500047658233,805.2707647982486,747.7300678465688,0.37028705371506276,0.4060782148775601,D:\#Documents\#Publication\Spacetime_Mechanics\repro_checks\results\irs_cluster_eigenmode_seed_sweep_shellavg_memory_calibrated_v2_64\seed_20260555\toy_cluster_summary.json,110b873c9d2f0298cc7c2d64daf3b97f269369b2b7128573b824fd7ae3ae4820
20260565,True,0,,0.7274361026015896,1.0595988904063938,1.1090822941052694,1.2501454580870783,0.05073086373147525,0.12052492417854993,818.625213938049,747.7300678465688,0.3704894551081053,0.3994659212756019,D:\#Documents\#Publication\Spacetime_Mechanics\repro_checks\results\irs_cluster_eigenmode_seed_sweep_shellavg_memory_calibrated_v2_64\seed_20260565\toy_cluster_summary.json,3518a3d864ddb92e0a424a7766132436d6889f0163d84135a9e016243c2e6c93
20260575,True,0,,0.7313291520946236,1.0600622132439563,1.1093549590401213,1.251879701889714,0.05051657698752179,0.12041347677069363,818.7258361707628,747.7300678465688,0.3698051549404372,0.38897789329051635,D:\#Documents\#Publication\Spacetime_Mechanics\repro_checks\results\irs_cluster_eigenmode_seed_sweep_shellavg_memory_calibrated_v2_64\seed_20260575\toy_cluster_summary.json,14c018d7e2cfa9c75346686cd638d93abe5536e674f60dabff506fb66e596c89
20260585,True,0,,0.7124854559839402,1.0434068816886826,1.0926147745924275,1.2407514652925578,0.05127563325668448,0.12167212216353498,812.5250616846084,747.7300678465688,0.3700474928466063,0.3969746717912274,D:\#Documents\#Publication\Spacetime_Mechanics\repro_checks\results\irs_cluster_eigenmode_seed_sweep_shellavg_memory_calibrated_v2_64\seed_20260585\toy_cluster_summary.json,21ff64cd730e45aab21a86c90c5ce6e05590e6e261b8d33a555e0ce34e43e9b9
20260595,True,0,,0.7456665007405237,1.063169711870399,1.112541161656529,1.2494170802785307,0.05043875982436368,0.1201768342322409,819.9007333449689,747.7300678465688,0.37001194016973665,0.39737393491715856,D:\#Documents\#Publication\Spacetime_Mechanics\repro_checks\results\irs_cluster_eigenmode_seed_sweep_shellavg_memory_calibrated_v2_64\seed_20260595\toy_cluster_summary.json,5468a935357527b73ae1fbaf4b5ae6d40b5b0f7e9df54bc80537794f37473b93
20260605,True,0,,0.7145391401876579,1.0572265952760813,1.1064763041025072,1.2552331497363391,0.0506059476704566,0.12045110470975486,817.6628941128068,747.7300678465688,0.3698742447799833,0.3874443046188594,D:\#Documents\#Publication\Spacetime_Mechanics\repro_checks\results\irs_cluster_eigenmode_seed_sweep_shellavg_memory_calibrated_v2_64\seed_20260605\toy_cluster_summary.json,085df84aef2d9447ae403105c6da3df7c9211de4e2e97cd011b87157ec2ff083
20260615,True,0,,0.7220932820769916,1.0467498374676223,1.0960275743572605,1.235797085290813,0.05118393024442014,0.1215932931876696,813.793039847187,747.7300678465688,0.37027169217517447,0.406545221212151,D:\#Documents\#Publication\Spacetime_Mechanics\repro_checks\results\irs_cluster_eigenmode_seed_sweep_shellavg_memory_calibrated_v2_64\seed_20260615\toy_cluster_summary.json,6c13ba05497eacb6ab3ced6b01ffe45bb428ead61a12d1c7194ba9ddb9df55dc
20260625,True,0,,0.70618238468394,1.0474808363483759,1.0967444236136064,1.2474808304786484,0.05112127726452931,0.12134395353895634,814.0591242019437,747.7300678465688,0.3702473311322368,0.3978399695692563,D:\#Documents\#Publication\Spacetime_Mechanics\repro_checks\results\irs_cluster_eigenmode_seed_sweep_shellavg_memory_calibrated_v2_64\seed_20260625\toy_cluster_summary.json,cf522ce50a0e4710c0ffb5a310ed731c1e88ff446c1a0d1e972fb29932ac32ab
20260635,True,0,,0.718657674003136,1.066632170854516,1.1160732775527016,1.2634559631485909,0.0503161365713046,0.11958347300875197,821.2012198342788,747.7300678465688,0.37041493039572415,0.39283244001744,D:\#Documents\#Publication\Spacetime_Mechanics\repro_checks\results\irs_cluster_eigenmode_seed_sweep_shellavg_memory_calibrated_v2_64\seed_20260635\toy_cluster_summary.json,9650b8a800b4bdb6c16fbe1e6ce3c41ce86a758ce2672eadb42f7467821952e4
20260645,True,0,,0.6972685578868695,1.0481243875373831,1.0971543580068717,1.2533607916922949,0.050842469881959215,0.1210437489863763,814.2112469976961,747.7300678465688,0.3696940308382122,0.3889222734937001,D:\#Documents\#Publication\Spacetime_Mechanics\repro_checks\results\irs_cluster_eigenmode_seed_sweep_shellavg_memory_calibrated_v2_64\seed_20260645\toy_cluster_summary.json,6e40d416e0f1842bbfa96d203101e97cc74c8f3ac33f1147e83995f3ddfe2fa9
20260655,True,0,,0.7080226263795778,1.0297363224685274,1.0787986822615807,1.229447793258031,0.05187209656078238,0.12325313007081536,807.3715365884069,747.7300678465688,0.3697172179729377,0.4021280796290589,D:\#Documents\#Publication\Spacetime_Mechanics\repro_checks\results\irs_cluster_eigenmode_seed_sweep_shellavg_memory_calibrated_v2_64\seed_20260655\toy_cluster_summary.json,adac276dfae3e0fe529bad7f08a03ff90767e6bc76e1ca04e895395e4744173e
20260665,True,0,,0.699206937387391,1.0477950538966783,1.0969209739550605,1.251852729869342,0.05096589973903921,0.12126958017539367,814.1246438570802,747.7300678465688,0.36982047743532975,0.3917457374875864,D:\#Documents\#Publication\Spacetime_Mechanics\repro_checks\results\irs_cluster_eigenmode_seed_sweep_shellavg_memory_calibrated_v2_64\seed_20260665\toy_cluster_summary.json,b075184209ccd84c0826f2ea815761d7b0747da2a8786de8a6a8d49294f84f6f
20260675,True,0,,0.7022391025891768,1.053611158591316,1.103062977986271,1.243089865525389,0.051014951420536074,0.12121125034669378,816.4007315837089,747.7300678465688,0.370416393614843,0.4094556098398637,D:\#Documents\#Publication\Spacetime_Mechanics\repro_checks\results\irs_cluster_eigenmode_seed_sweep_shellavg_memory_calibrated_v2_64\seed_20260675\toy_cluster_summary.json,e02a84308e8d1e60a5e16186f5a6a49cf60a33a5777c01f47ec094366ecda36a
20260685,True,0,,0.7217271098781942,1.0704101802270203,1.119891169774858,1.2628448066007882,0.05018004054239529,0.11949556429673672,822.6046138124115,747.7300678465688,0.37026371237643724,0.3932807187191448,D:\#Documents\#Publication\Spacetime_Mechanics\repro_checks\results\irs_cluster_eigenmode_seed_sweep_shellavg_memory_calibrated_v2_64\seed_20260685\toy_cluster_summary.json,4f61450d0b0d5a6536e0581726e7ba4cc36535e547ba0365a5939c2d0b98f01b
20260695,True,0,,0.7176158989576823,1.0381485922515037,1.0874591910103844,1.228531983032792,0.0516834752571474,0.12264450718869031,810.6058151974727,747.7300678465688,0.3702366558006917,0.41146545596594863,D:\#Documents\#Publication\Spacetime_Mechanics\repro_checks\results\irs_cluster_eigenmode_seed_sweep_shellavg_memory_calibrated_v2_64\seed_20260695\toy_cluster_summary.json,c3d8faba627c4ae48a88fd726fc5954b612a7e3f603d9d4af6d6016f63070aa9
20260705,True,0,,0.7041128411841693,1.0601348234911936,1.109550649806005,1.251760347354618,0.0506429639716224,0.12057296143725581,818.7980448086083,747.7300678465688,0.37014093140340876,0.39798362787308705,D:\#Documents\#Publication\Spacetime_Mechanics\repro_checks\results\irs_cluster_eigenmode_seed_sweep_shellavg_memory_calibrated_v2_64\seed_20260705\toy_cluster_summary.json,aeed3d85b42a29ef76a0127209c0c51ab8787c8f1f955a3af05685ac24124cd9
20260715,True,0,,0.7224709811225682,1.0537457700468025,1.102937512669706,1.24896365059138,0.05073432051635198,0.12089762878380614,816.3543004682122,747.7300678465688,0.36975042727792373,0.3956901419638359,D:\#Documents\#Publication\Spacetime_Mechanics\repro_checks\results\irs_cluster_eigenmode_seed_sweep_shellavg_memory_calibrated_v2_64\seed_20260715\toy_cluster_summary.json,35d80830d4317d6b3840ab87d5fb68bed8a576999f1454fcfaaec35dfd541a72
20260725,True,0,,0.7353494868134808,1.0625198467758794,1.1118183825348762,1.2580243593068574,0.050364777983971654,0.11961375998637833,819.634359644547,747.7300678465688,0.3703862818849091,0.3974145872653472,D:\#Documents\#Publication\Spacetime_Mechanics\repro_checks\results\irs_cluster_eigenmode_seed_sweep_shellavg_memory_calibrated_v2_64\seed_20260725\toy_cluster_summary.json,720d5267e2d54b67ae36815387881576c6367e1318bfae547da4917e482f3fb9
20260735,True,0,,0.691427644696682,1.0430512430371868,1.0922155626491261,1.2410399994949532,0.05126870312653986,0.12201046167710534,812.3766107617408,747.7300678465688,0.36974772018779817,0.39814827916766854,D:\#Documents\#Publication\Spacetime_Mechanics\repro_checks\results\irs_cluster_eigenmode_seed_sweep_shellavg_memory_calibrated_v2_64\seed_20260735\toy_cluster_summary.json,db1457f228306279afbbc32aa1dae8a34ccdf5ccc777614f7168279a49836ad2
20260745,True,0,,0.7178122076132689,1.0591026748366883,1.1084088770937732,1.2536366101649141,0.05057428662847526,0.12042719748502766,818.3766481395674,747.7300678465688,0.3699708449188323,0.3922191093617952,D:\#Documents\#Publication\Spacetime_Mechanics\repro_checks\results\irs_cluster_eigenmode_seed_sweep_shellavg_memory_calibrated_v2_64\seed_20260745\toy_cluster_summary.json,208ebd0b4b658393058bc07724816175bc7d5ddc1e05e8f2a667c5082cb268ac
20260755,True,0,,0.7250943217988087,1.0551546053323662,1.1043868195535282,1.2518984101090942,0.05069833836550857,0.12070535517987595,816.8904865495582,747.7300678465688,0.36987115479122523,0.3898659351015338,D:\#Documents\#Publication\Spacetime_Mechanics\repro_checks\results\irs_cluster_eigenmode_seed_sweep_shellavg_memory_calibrated_v2_64\seed_20260755\toy_cluster_summary.json,35fabfacdbb960df328db523fe98c50e4a154c965d98265914f0c6cf45f5f5e2
20260765,True,0,,0.7099166532824192,1.052999001941915,1.1023898102002054,1.2396172074295106,0.05100829114748213,0.12164481615595106,816.1515805574245,747.7300678465688,0.3698413445704,0.40115470468758274,D:\#Documents\#Publication\Spacetime_Mechanics\repro_checks\results\irs_cluster_eigenmode_seed_sweep_shellavg_memory_calibrated_v2_64\seed_20260765\toy_cluster_summary.json,1bfbd1278b73596c3fe7b8b5cd471703b3f6d6002156e7df2d5ccf95aa5e7ad4
20260775,True,0,,0.716583860954407,1.054088272409665,1.1034763267271894,1.2736299944760872,0.05091400367147016,0.12093366792625593,816.5536814212832,747.7300678465688,0.37028919765963714,0.3932377742337544,D:\#Documents\#Publication\Spacetime_Mechanics\repro_checks\results\irs_cluster_eigenmode_seed_sweep_shellavg_memory_calibrated_v2_64\seed_20260775\toy_cluster_summary.json,d365b848bd13d8082ce76c09a0ad9425e740573738c78302fdf04b8dea4ed5ac
20260785,True,0,,0.6920974875887368,1.0452213006569702,1.0944344067433656,1.2451692716031337,0.051190513268266805,0.12158133672638763,813.2013666838003,747.7300678465688,0.37001274722391664,0.3970439509732591,D:\#Documents\#Publication\Spacetime_Mechanics\repro_checks\results\irs_cluster_eigenmode_seed_sweep_shellavg_memory_calibrated_v2_64\seed_20260785\toy_cluster_summary.json,1f9cd70a816d1ef8525091f1b6dc2cad7f21b25e61c20d85214e54cb65ed1074
20260795,True,0,,0.6979966704649355,1.0488460600719771,1.098120802101007,1.2456939134380656,0.05107204024811835,0.12140033555785729,814.5697728677474,747.7300678465688,0.3700259690641716,0.39331547428915065,D:\#Documents\#Publication\Spacetime_Mechanics\repro_checks\results\irs_cluster_eigenmode_seed_sweep_shellavg_memory_calibrated_v2_64\seed_20260795\toy_cluster_summary.json,8de8a36a7cf3ccc5c74f236b7c8266b83c7fe1557aecc354dc2652e54e39b396
20260805,True,0,,0.7194924060305186,1.0462656140710502,1.095572220364388,1.2428996759393554,0.0512412004870989,0.12169611429481993,813.6239736597946,747.7300678465688,0.3703039224132507,0.40514367885268415,D:\#Documents\#Publication\Spacetime_Mechanics\repro_checks\results\irs_cluster_eigenmode_seed_sweep_shellavg_memory_calibrated_v2_64\seed_20260805\toy_cluster_summary.json,963bb92233bdbbfe09fd7da9d7b21fac1fef37f79d9c4b70729651160978fa35
20260815,True,0,,0.7048140341794928,1.0547077507922722,1.1040484142695774,1.2483992119758174,0.05084419870352988,0.1210271523917865,816.7653215113485,747.7300678465688,0.3700434381103274,0.3988600790351527,D:\#Documents\#Publication\Spacetime_Mechanics\repro_checks\results\irs_cluster_eigenmode_seed_sweep_shellavg_memory_calibrated_v2_64\seed_20260815\toy_cluster_summary.json,c3f0e640057f70fe5c33294535c7d00c068d1ac3310c2467832e62bd1c291c9c
20260825,True,0,,0.7150756057766361,1.0654613286996955,1.1148787418348394,1.2612308521450613,0.05036033805266522,0.11983572646400856,820.7616354322942,747.7300678465688,0.3702174843367015,0.39359184129539615,D:\#Documents\#Publication\Spacetime_Mechanics\repro_checks\results\irs_cluster_eigenmode_seed_sweep_shellavg_memory_calibrated_v2_64\seed_20260825\toy_cluster_summary.json,75c60dba6a2ed1f757ada10024e0eeaa93fe223df086e305725bbfbeb1aa585e
20260835,True,0,,0.7355063509864677,1.0596026591096972,1.1091511445007531,1.2448613866431424,0.050800035987379,0.12062192828570946,818.6506231413737,747.7300678465688,0.3706097147651018,0.405561036804716,D:\#Documents\#Publication\Spacetime_Mechanics\repro_checks\results\irs_cluster_eigenmode_seed_sweep_shellavg_memory_calibrated_v2_64\seed_20260835\toy_cluster_summary.json,63967b05caec461f43c2791cd6abc153b333cdc895f1b140e349b86e09ada14b
20260845,True,0,,0.7379248332155328,1.0571290576601864,1.1064860992421273,1.2510351732016158,0.050721068370391816,0.12054268508767918,817.6665133066635,747.7300678465688,0.37012436589467274,0.3926958162453974,D:\#Documents\#Publication\Spacetime_Mechanics\repro_checks\results\irs_cluster_eigenmode_seed_sweep_shellavg_memory_calibrated_v2_64\seed_20260845\toy_cluster_summary.json,9127a3da888bb2cca84e9463db30bfc5d3d6b4e8d1c034846e5398dfdc2b6598
20260855,True,0,,0.7114852701381179,1.04623223836009,1.0953939756986686,1.2457909658365658,0.05108427314668082,0.12144358217145328,813.5577844895676,747.7300678465688,0.3698808978511179,0.39211733075740696,D:\#Documents\#Publication\Spacetime_Mechanics\repro_checks\results\irs_cluster_eigenmode_seed_sweep_shellavg_memory_calibrated_v2_64\seed_20260855\toy_cluster_summary.json,9ed3de66990c734e7897ec984f5a989f1f1dd22dfb7038f57ac281db2e308fb2
20260865,True,0,,0.6894506347922028,1.0306533198913874,1.079672207136374,1.231362678500476,0.05177557984930056,0.12310709739277831,807.6983428888642,747.7300678465688,0.36961494083398705,0.40128972297517923,D:\#Documents\#Publication\Spacetime_Mechanics\repro_checks\results\irs_cluster_eigenmode_seed_sweep_shellavg_memory_calibrated_v2_64\seed_20260865\toy_cluster_summary.json,9ea9272a6621d10392647852aea5ee385a9be5144ebe6d213f9f7bc414ea5cf0
20260875,True,0,,0.7076057604070589,1.0505731323786547,1.0998443678618284,1.254051794251485,0.05097431293774248,0.1211579339159745,815.2087800234794,747.7300678465688,0.3700531500212536,0.3948634299345866,D:\#Documents\#Publication\Spacetime_Mechanics\repro_checks\results\irs_cluster_eigenmode_seed_sweep_shellavg_memory_calibrated_v2_64\seed_20260875\toy_cluster_summary.json,acdca5cc9dedb523ecb174c4989b70e476c1a4c75e8b1e9f21f59d05d0b68b49
20260885,True,0,,0.7330319487724611,1.0574624977482332,1.1068969195746898,1.251602828056251,0.05077584837563464,0.12044076709212978,817.8182923733332,747.7300678465688,0.37068117516495347,0.3996395588379764,D:\#Documents\#Publication\Spacetime_Mechanics\repro_checks\results\irs_cluster_eigenmode_seed_sweep_shellavg_memory_calibrated_v2_64\seed_20260885\toy_cluster_summary.json,31101fbdaa3fa1ed0ff872819fe8f50be736ddd520139dcec2f5de9e81881587
20260895,True,0,,0.683594081584212,1.038955486349047,1.0881021409987892,1.2373026223334047,0.05147150509225674,0.12247918120724562,810.8454113087626,747.7300678465688,0.36978658017591737,0.39875523607796326,D:\#Documents\#Publication\Spacetime_Mechanics\repro_checks\results\irs_cluster_eigenmode_seed_sweep_shellavg_memory_calibrated_v2_64\seed_20260895\toy_cluster_summary.json,dd358e1e06259347064914467afcaaf19e24e8425af0a5381fecea2473d39afe
20260905,True,0,,0.7098174403280705,1.0556102939277345,1.1049247477853623,1.252254129648285,0.05075921460708315,0.12072113704432452,817.0894091329905,747.7300678465688,0.37012338399442923,0.3930868059164438,D:\#Documents\#Publication\Spacetime_Mechanics\repro_checks\results\irs_cluster_eigenmode_seed_sweep_shellavg_memory_calibrated_v2_64\seed_20260905\toy_cluster_summary.json,c4a174477b3e96e3d49f7a86e6a0be017aeb2f212192f0dbd35fa13de26610d7
20260915,True,0,,0.7032976158259507,1.0535737915183063,1.1027132820693724,1.2545451198784958,0.05067711701310625,0.1206613874720632,816.2713125756699,747.7300678465688,0.3697881369869373,0.38879111511997316,D:\#Documents\#Publication\Spacetime_Mechanics\repro_checks\results\irs_cluster_eigenmode_seed_sweep_shellavg_memory_calibrated_v2_64\seed_20260915\toy_cluster_summary.json,bb862fe51a9183b36dd6847a7498245a9fb7311b6064b4bbf4eaad45c58a6d2e
20260925,True,0,,0.7098092896240161,1.0487314599406046,1.0980759660058612,1.242536686276773,0.05116024133300481,0.12163740010081983,814.5531433218108,747.7300678465688,0.37012222170396264,0.40155374630227686,D:\#Documents\#Publication\Spacetime_Mechanics\repro_checks\results\irs_cluster_eigenmode_seed_sweep_shellavg_memory_calibrated_v2_64\seed_20260925\toy_cluster_summary.json,be8e96c255d7f1833db8142e8a4584532e80b2edb1b9f7bd1ee4ce795fe840db
20260935,True,0,,0.6803340951788014,1.0286627859039503,1.0777015823312672,1.2329103774091477,0.051896401927409595,0.12319294889467468,806.9608980771926,747.7300678465688,0.3697341875151109,0.4001528244364559,D:\#Documents\#Publication\Spacetime_Mechanics\repro_checks\results\irs_cluster_eigenmode_seed_sweep_shellavg_memory_calibrated_v2_64\seed_20260935\toy_cluster_summary.json,c67bb244d32168947c8981b3b4ed569773e68913485ba40876b03dfec55e3986
20260945,True,0,,0.7181560462117308,1.0524223771490637,1.1017257853243516,1.2503627957958308,0.05091129975240768,0.12099925531538663,815.9057389405517,747.7300678465688,0.3702764756099333,0.39965205804961124,D:\#Documents\#Publication\Spacetime_Mechanics\repro_checks\results\irs_cluster_eigenmode_seed_sweep_shellavg_memory_calibrated_v2_64\seed_20260945\toy_cluster_summary.json,74d4017c90b6d4ef800e79b0080d9338c7ce10f0e56390cdc95f26e04aef4bfb
20260955,True,0,,0.7191432569264561,1.0480512072245718,1.0972989973406329,1.2449899331245544,0.05107663777954844,0.12130235251305548,814.2649145105481,747.7300678465688,0.37007000700649817,0.39724883313598325,D:\#Documents\#Publication\Spacetime_Mechanics\repro_checks\results\irs_cluster_eigenmode_seed_sweep_shellavg_memory_calibrated_v2_64\seed_20260955\toy_cluster_summary.json,165e7b201f43e3e7d39114434ab2b55a0be4962602d45e5afbe5917b4de4ae47
20260965,True,0,,0.7122619927401708,1.0454900131825529,1.0946888869587932,1.2427026322329568,0.05116601087749815,0.12161908058532825,813.29590484404,747.7300678465688,0.3700285623515545,0.39614634620224926,D:\#Documents\#Publication\Spacetime_Mechanics\repro_checks\results\irs_cluster_eigenmode_seed_sweep_shellavg_memory_calibrated_v2_64\seed_20260965\toy_cluster_summary.json,eb6b1c88c2b1d4c436688156228c1113e22ec13d6709386abc022d0285ddfc5b
20260975,True,0,,0.7175068329354531,1.0539398353467377,1.103262289089744,1.2512414596640036,0.05084892209171981,0.12080714622283169,816.47448547822,747.7300678465688,0.37023906963989633,0.39594215742124905,D:\#Documents\#Publication\Spacetime_Mechanics\repro_checks\results\irs_cluster_eigenmode_seed_sweep_shellavg_memory_calibrated_v2_64\seed_20260975\toy_cluster_summary.json,fab09c2d74c554736390b296ac24356631b974fd78abe2c52c52dcd111f17896
20260985,True,0,,0.7039263834117738,1.0528572779910175,1.1020777531688142,1.2546820933305265,0.0508006653292504,0.12084759966990623,816.03605705418,747.7300678465688,0.3699512080361494,0.390089376168712,D:\#Documents\#Publication\Spacetime_Mechanics\repro_checks\results\irs_cluster_eigenmode_seed_sweep_shellavg_memory_calibrated_v2_64\seed_20260985\toy_cluster_summary.json,1cf40c7f0fdb8fe3b3364b137af87b4ce2ba5a08d1c6b429d13de446130ad4f4
20260995,True,0,,0.7176574045370165,1.049882657133448,1.099109408193825,1.2481737618079747,0.05095801832671281,0.12108329788124125,814.9363570705138,747.7300678465688,0.37002073768533916,0.39257730417810444,D:\#Documents\#Publication\Spacetime_Mechanics\repro_checks\results\irs_cluster_eigenmode_seed_sweep_shellavg_memory_calibrated_v2_64\seed_20260995\toy_cluster_summary.json,c07fde1c0a778b99849ee36e239f83fa7663886fc52e8c4499f5c1176bba44da
20261005,True,0,,0.7017805069622358,1.036003498143709,1.0850590441168824,1.2361200874572962,0.05151519239992703,0.1223943384826052,809.7107711548028,747.7300678465688,0.36958008043482793,0.3900527808776302,D:\#Documents\#Publication\Spacetime_Mechanics\repro_checks\results\irs_cluster_eigenmode_seed_sweep_shellavg_memory_calibrated_v2_64\seed_20261005\toy_cluster_summary.json,4fca0b6008bbde4b893071079cade2f3dd694080d9e4466a3022b9b6b956d4cb
20261015,True,0,,0.6972045691325419,1.019584889647654,1.0685915320054606,1.2214542261885615,0.05235451726828809,0.1240303477741188,803.5429499203939,747.7300678465688,0.3699509439778628,0.40926108841848324,D:\#Documents\#Publication\Spacetime_Mechanics\repro_checks\results\irs_cluster_eigenmode_seed_sweep_shellavg_memory_calibrated_v2_64\seed_20261015\toy_cluster_summary.json,fb3746398cc8c6485ab6b2f3a4c85fd9d0101dd63c70007ce9c02c10462b9ed7
20261025,True,0,,0.7037111886250725,1.0523444944262599,1.1015766936864524,1.2520388427682794,0.050854191316815234,0.12116418923973134,815.8505306299638,747.7300678465688,0.3697758111829086,0.39043557494260767,D:\#Documents\#Publication\Spacetime_Mechanics\repro_checks\results\irs_cluster_eigenmode_seed_sweep_shellavg_memory_calibrated_v2_64\seed_20261025\toy_cluster_summary.json,4c1bd9ca017d23b6bf9caed169397d95bcb75c4cc65056962a0231747ef2b94d
20261035,True,0,,0.7304231104972847,1.048812848098552,1.098055662827716,1.2493168504815344,0.05102896628351193,0.12117633602201941,814.5456128346058,747.7300678465688,0.37027146646844933,0.4017971122776773,D:\#Documents\#Publication\Spacetime_Mechanics\repro_checks\results\irs_cluster_eigenmode_seed_sweep_shellavg_memory_calibrated_v2_64\seed_20261035\toy_cluster_summary.json,b890aa699dc3c573d3362a472fbd83e11c40ab44018042cf6084645e46af81bc
