x,y,controls,n,pearson_partial,spearman_partial
frac_disk_rt,r_t_kpc,sparc_Vflat_kms+sparc_Rdisk_kpc,175,-0.39246449171480574,-0.5562043766797947
frac_gas_rt,r_t_kpc,sparc_Vflat_kms+sparc_Rdisk_kpc,175,0.31442074545707127,0.4863090011951783
frac_disk_half_rt,r_t_kpc,sparc_Vflat_kms+sparc_Rdisk_kpc,175,-0.3309895430681622,-0.4194342044104493
frac_bul_peak,r_t_kpc,sparc_Vflat_kms+sparc_Rdisk_kpc,175,0.36916749350429845,0.4003519944894988
frac_bul_half_rt,r_t_kpc,sparc_Vflat_kms+sparc_Rdisk_kpc,175,0.26679369455583646,0.39200339667199113
frac_bul_rt,r_t_kpc,sparc_Vflat_kms+sparc_Rdisk_kpc,175,0.24363919721051927,0.39191037795231787
frac_gas_rt,outer_chi2,sparc_Vflat_kms+sparc_Rdisk_kpc,175,-0.09710796944666504,-0.35078733892773684
sparc_L36_1e9solLum,q_best_kms2,sparc_Vflat_kms+sparc_Rdisk_kpc,175,0.3159774604124564,0.33216944415470456
sparc_L36_1e9solLum,v_extra_asym_kms,sparc_Vflat_kms+sparc_Rdisk_kpc,175,0.1465086120556287,0.33216944415470456
sparc_MHI_1e9solMass,outer_chi2,sparc_Vflat_kms+sparc_Rdisk_kpc,175,0.06450053798444648,0.3093959318293356
sparc_T,v_extra_asym_kms,sparc_Vflat_kms+sparc_Rdisk_kpc,175,-0.18259805028067763,-0.30653268780203263
sparc_T,q_best_kms2,sparc_Vflat_kms+sparc_Rdisk_kpc,175,-0.051542377540887,-0.30653268780203263
sparc_SBeff_solLum_pc2,v_extra_asym_kms,sparc_Vflat_kms+sparc_Rdisk_kpc,175,0.21391583702413536,0.2988071209666492
sparc_SBeff_solLum_pc2,q_best_kms2,sparc_Vflat_kms+sparc_Rdisk_kpc,175,0.16608645897244262,0.2988071209666492
frac_disk_rt,outer_chi2,sparc_Vflat_kms+sparc_Rdisk_kpc,175,0.050233360926589796,0.25123873346798886
frac_gas_half_rt,outer_chi2,sparc_Vflat_kms+sparc_Rdisk_kpc,175,-0.07972567465356688,-0.2392973365643989
frac_bul_peak,q_best_kms2,sparc_Vflat_kms+sparc_Rdisk_kpc,175,0.28405535791906794,0.22591884198881534
frac_bul_peak,v_extra_asym_kms,sparc_Vflat_kms+sparc_Rdisk_kpc,175,0.2549764118871943,0.22591884198881534
sparc_MHI_1e9solMass,v_extra_asym_kms,sparc_Vflat_kms+sparc_Rdisk_kpc,175,0.04042950332564844,0.22275207187622462
sparc_MHI_1e9solMass,q_best_kms2,sparc_Vflat_kms+sparc_Rdisk_kpc,175,0.036232627454033724,0.22275207187622462
frac_bul_rt,q_best_kms2,sparc_Vflat_kms+sparc_Rdisk_kpc,175,0.16755837563262574,0.2208415733029365
frac_bul_rt,v_extra_asym_kms,sparc_Vflat_kms+sparc_Rdisk_kpc,175,0.1522461816470828,0.2208415733029365
frac_bul_half_rt,q_best_kms2,sparc_Vflat_kms+sparc_Rdisk_kpc,175,0.20046937810225865,0.22027142633552807
frac_bul_half_rt,v_extra_asym_kms,sparc_Vflat_kms+sparc_Rdisk_kpc,175,0.18322686250256315,0.22027142633552807
sparc_L36_1e9solLum,r_t_kpc,sparc_Vflat_kms+sparc_Rdisk_kpc,175,0.49182906479834165,0.20772377422857854
frac_bul_peak,chi2_red,sparc_Vflat_kms+sparc_Rdisk_kpc,175,0.22407210603305647,0.20745571616322186
frac_bul_half_rt,chi2_red,sparc_Vflat_kms+sparc_Rdisk_kpc,175,0.12584413583230783,0.206770998058901
frac_bul_rt,chi2_red,sparc_Vflat_kms+sparc_Rdisk_kpc,175,0.10968942139355992,0.20413138759312624
sparc_MHI_1e9solMass,outer_resid_mean_z,sparc_Vflat_kms+sparc_Rdisk_kpc,153,-0.13130883982329764,-0.20324257463079157
frac_gas_half_rt,r_t_kpc,sparc_Vflat_kms+sparc_Rdisk_kpc,175,0.20130777704662195,0.20112734163337065
sparc_SBdisk_solLum_pc2,v_extra_asym_kms,sparc_Vflat_kms+sparc_Rdisk_kpc,175,0.04856129484210582,0.1899069155318266
sparc_SBdisk_solLum_pc2,q_best_kms2,sparc_Vflat_kms+sparc_Rdisk_kpc,175,-0.03019723752588096,0.1899069155318266
frac_disk_rt,chi2_red,sparc_Vflat_kms+sparc_Rdisk_kpc,175,-0.250681793736182,-0.18178111932833127
sparc_T,r_t_kpc,sparc_Vflat_kms+sparc_Rdisk_kpc,175,-0.17824074385016406,-0.17377604870100116
frac_disk_half_rt,chi2_red,sparc_Vflat_kms+sparc_Rdisk_kpc,175,-0.21215599911510427,-0.1707974604273132
frac_disk_half_rt,outer_chi2,sparc_Vflat_kms+sparc_Rdisk_kpc,175,0.015925015735233083,0.16770937873408012
sparc_T,chi2_red,sparc_Vflat_kms+sparc_Rdisk_kpc,175,-0.06270771673148795,-0.16205599142197685
frac_gas_rt,outer_resid_mean_z,sparc_Vflat_kms+sparc_Rdisk_kpc,153,0.10953361708267197,0.14513323405427983
sparc_SBeff_solLum_pc2,outer_resid_mean_z,sparc_Vflat_kms+sparc_Rdisk_kpc,153,-0.1042853894864625,-0.14015475362178062
sparc_SBeff_solLum_pc2,outer_resid_rms_z,sparc_Vflat_kms+sparc_Rdisk_kpc,153,0.03619215850210457,0.1362958659483273
sparc_SBdisk_solLum_pc2,chi2_red,sparc_Vflat_kms+sparc_Rdisk_kpc,175,-0.010297214818083128,0.12623595340860466
frac_gas_half_rt,outer_resid_mean_z,sparc_Vflat_kms+sparc_Rdisk_kpc,153,0.014268880889425229,0.12434071334882141
sparc_SBeff_solLum_pc2,outer_chi2,sparc_Vflat_kms+sparc_Rdisk_kpc,175,-0.04450256384753238,0.11515908636977809
frac_gas_half_rt,q_best_kms2,sparc_Vflat_kms+sparc_Rdisk_kpc,175,0.08192443862167369,-0.10907235106742416
frac_gas_half_rt,v_extra_asym_kms,sparc_Vflat_kms+sparc_Rdisk_kpc,175,0.004362269038446605,-0.10907235106742416
frac_bul_rt,outer_resid_rms_z,sparc_Vflat_kms+sparc_Rdisk_kpc,153,0.13194689695772086,0.10562760718581948
frac_bul_half_rt,outer_resid_rms_z,sparc_Vflat_kms+sparc_Rdisk_kpc,153,0.12925982229448943,0.10561230750132233
sparc_T,outer_resid_rms_z,sparc_Vflat_kms+sparc_Rdisk_kpc,153,-0.0820936637093123,-0.10540063794457068
frac_disk_rt,outer_resid_mean_z,sparc_Vflat_kms+sparc_Rdisk_kpc,153,-0.0778088033371696,-0.10450703150739202
frac_gas_half_rt,outer_resid_rms_z,sparc_Vflat_kms+sparc_Rdisk_kpc,153,-0.06527250796265512,-0.10382955449118103
sparc_SBeff_solLum_pc2,r_t_kpc,sparc_Vflat_kms+sparc_Rdisk_kpc,175,0.40378556499477963,0.10121690220628407
frac_bul_peak,outer_resid_rms_z,sparc_Vflat_kms+sparc_Rdisk_kpc,153,0.07970713919274561,0.09172167618527093
sparc_L36_1e9solLum,chi2_red,sparc_Vflat_kms+sparc_Rdisk_kpc,175,0.12891659697411997,0.08981504173521236
sparc_SBeff_solLum_pc2,chi2_red,sparc_Vflat_kms+sparc_Rdisk_kpc,175,0.11018125910544287,0.08730354047924788
sparc_MHI_1e9solMass,outer_resid_rms_z,sparc_Vflat_kms+sparc_Rdisk_kpc,153,0.059220221731585636,0.08498611671004636
frac_disk_rt,q_best_kms2,sparc_Vflat_kms+sparc_Rdisk_kpc,175,-0.1925082499296469,-0.08131780471796511
frac_disk_rt,v_extra_asym_kms,sparc_Vflat_kms+sparc_Rdisk_kpc,175,-0.13633401260898378,-0.08131780471796511
frac_gas_rt,outer_resid_rms_z,sparc_Vflat_kms+sparc_Rdisk_kpc,153,-0.03675119103812416,-0.0811020582881783
sparc_SBdisk_solLum_pc2,r_t_kpc,sparc_Vflat_kms+sparc_Rdisk_kpc,175,0.25127564613730186,0.07671478442098466
frac_bul_peak,outer_chi2,sparc_Vflat_kms+sparc_Rdisk_kpc,175,0.00765150191867517,-0.06849960146165741
frac_disk_half_rt,q_best_kms2,sparc_Vflat_kms+sparc_Rdisk_kpc,175,-0.20309547652835241,-0.06654695850922325
frac_disk_half_rt,v_extra_asym_kms,sparc_Vflat_kms+sparc_Rdisk_kpc,175,-0.13924197957623918,-0.06654695850922325
sparc_SBdisk_solLum_pc2,outer_chi2,sparc_Vflat_kms+sparc_Rdisk_kpc,175,-0.10633288023751941,0.059920389917523194
sparc_MHI_1e9solMass,chi2_red,sparc_Vflat_kms+sparc_Rdisk_kpc,175,-0.0652170356904798,0.05990064206206091
sparc_L36_1e9solLum,outer_resid_mean_z,sparc_Vflat_kms+sparc_Rdisk_kpc,153,-0.1571774910287647,-0.05907548763714643
frac_bul_rt,outer_chi2,sparc_Vflat_kms+sparc_Rdisk_kpc,175,0.04955133326350068,-0.0584986080148055
frac_disk_half_rt,outer_resid_mean_z,sparc_Vflat_kms+sparc_Rdisk_kpc,153,-0.012829382126056072,-0.05696329115831957
frac_bul_half_rt,outer_chi2,sparc_Vflat_kms+sparc_Rdisk_kpc,175,0.049065170172873596,-0.05440861521735958
sparc_T,outer_chi2,sparc_Vflat_kms+sparc_Rdisk_kpc,175,-0.07577927890586111,-0.036601256920717605
frac_disk_rt,outer_resid_rms_z,sparc_Vflat_kms+sparc_Rdisk_kpc,153,-0.05635014513535128,-0.035680267122385007
sparc_MHI_1e9solMass,r_t_kpc,sparc_Vflat_kms+sparc_Rdisk_kpc,175,-0.01042060635928971,-0.0329789860593359
frac_gas_half_rt,chi2_red,sparc_Vflat_kms+sparc_Rdisk_kpc,175,0.18013515400787,-0.02934371861199052
frac_gas_rt,q_best_kms2,sparc_Vflat_kms+sparc_Rdisk_kpc,175,0.12038395938741203,-0.028227651380989052
frac_gas_rt,v_extra_asym_kms,sparc_Vflat_kms+sparc_Rdisk_kpc,175,0.06160353634689902,-0.028227651380989052
sparc_L36_1e9solLum,outer_chi2,sparc_Vflat_kms+sparc_Rdisk_kpc,175,-0.12146321667078439,0.025956313918133512
frac_disk_half_rt,outer_resid_rms_z,sparc_Vflat_kms+sparc_Rdisk_kpc,153,-0.05885635538200693,-0.024250433917789256
frac_bul_half_rt,outer_resid_mean_z,sparc_Vflat_kms+sparc_Rdisk_kpc,153,0.005181657215404856,-0.02080998822953071
frac_bul_rt,outer_resid_mean_z,sparc_Vflat_kms+sparc_Rdisk_kpc,153,-0.0069099806324201445,-0.020510320595737746
frac_bul_peak,outer_resid_mean_z,sparc_Vflat_kms+sparc_Rdisk_kpc,153,-0.015509904108845268,-0.016873294568458017
sparc_L36_1e9solLum,outer_resid_rms_z,sparc_Vflat_kms+sparc_Rdisk_kpc,153,0.009881912410223426,0.016628245363314934
frac_gas_rt,chi2_red,sparc_Vflat_kms+sparc_Rdisk_kpc,175,0.23318315643075305,0.014540740204896829
sparc_SBdisk_solLum_pc2,outer_resid_rms_z,sparc_Vflat_kms+sparc_Rdisk_kpc,153,-0.1375328800081301,0.014374439366406231
sparc_T,outer_resid_mean_z,sparc_Vflat_kms+sparc_Rdisk_kpc,153,0.015031702791749145,-0.01256681353053394
sparc_SBdisk_solLum_pc2,outer_resid_mean_z,sparc_Vflat_kms+sparc_Rdisk_kpc,153,-0.03260635500354324,-0.008724666710472215
