galaxy,q_est_kms2,huber_scale_kms2,outer_rule,n_total,n_outer,rmax_kpc,rmin_outer_kpc
CamB,42.98816338841357,93.79557705000009,lastfrac,9,5,1.79,0.9
D512-2,913.2354086038904,191.54324679000004,lastfrac,4,4,3.83,0.96
D564-8,386.79357131747315,146.26427214000003,lastfrac,6,5,3.07,1.02
D631-7,2874.305043402973,131.83153179000092,rfrac,16,7,7.19,4.49
DDO064,1565.3124615170698,7.203656879999624,rfrac,14,5,2.98,1.88
DDO154,1897.3138,145.65284790000112,rfrac,12,5,5.92,3.95
DDO161,3217.9069103013444,237.8735330999991,rfrac,31,12,13.37,8.16
DDO168,2178.1929067190695,110.41441110000008,lastfrac,10,5,4.12,2.47
DDO170,2632.509041743061,277.0681397399998,lastfrac,8,5,12.33,6.35
ESO079-G014,20213.97366,2099.4601929000064,rfrac,15,5,16.67,10.04
ESO116-G012,9630.030581297078,387.12279794999836,rfrac,15,6,9.86,6.05
ESO444-G084,2888.30604,1103.8027423500007,lastfrac,7,5,4.44,1.29
ESO563-G021,72282.96302499999,7710.992221799992,rfrac,30,10,42.41,27.06
F561-1,810.74873,271.6263305700004,lastfrac,6,5,9.66,3.23
F563-1,11095.803453861088,165.88218360000062,rfrac,17,5,20.1,14.56
F563-V1,237.69647601601773,105.81175352999993,lastfrac,6,5,7.87,2.63
F563-V2,11566.717710873529,107.55484635000137,lastfrac,10,5,10.47,4.76
F565-V2,4754.259722715538,902.7854591700008,lastfrac,7,5,8.8,3.78
F567-2,1526.9550663196583,102.14002050000056,lastfrac,5,5,9.59,1.92
F568-1,14444.159070161977,777.0192439800003,lastfrac,12,5,13.23,7.48
F568-3,8025.070132925791,1734.893337764999,lastfrac,18,8,17.98,5.39
F568-V1,11042.800545314753,326.5983586950004,lastfrac,15,6,17.63,7.44
F571-8,13894.4861,5445.057472470001,lastfrac,13,6,15.55,5.44
F571-V1,5223.531169756055,639.8341918500013,lastfrac,7,5,13.59,5.83
F574-1,7789.550340937908,67.97624630999994,rfrac,14,6,12.6,7.99
F574-2,94.10470288146826,67.51330446000019,lastfrac,5,5,10.83,2.17
F579-V1,9586.837122147926,198.9774850350005,lastfrac,14,6,15.16,7.37
F583-1,5120.07891016573,719.6540770649998,lastfrac,25,10,16.26,4.76
F583-4,3217.708388999229,451.41711835500047,rfrac,12,6,7.29,5.0
IC2574,2700.8669400000003,835.5415431300002,rfrac,34,15,10.23,6.26
IC4202,33084.718827796525,3135.187228719002,rfrac,32,12,25.9,15.75
KK98-251,712.07689,117.62155209000035,rfrac,15,5,3.13,1.89
NGC0024,8663.767955801195,951.0582479999999,lastfrac,29,12,11.27,2.02
NGC0055,5025.480980703516,240.41589558000007,rfrac,21,9,13.5,8.59
NGC0100,6203.306406128609,798.7564950749984,rfrac,21,8,9.62,6.16
NGC0247,8120.308475803904,663.0293947199983,rfrac,26,11,14.54,9.14
NGC0289,22564.571970569374,1752.7381708199978,rfrac,28,10,71.12,43.88
NGC0300,7109.225394190399,776.0895055200008,rfrac,25,11,11.8,7.26
NGC0801,24974.846341666664,5234.764673039997,lastfrac,13,6,59.82,24.61
NGC0891,20015.84796875,1430.8438795350041,rfrac,18,8,17.11,10.64
NGC1003,10640.499566666667,777.4981237800008,rfrac,36,15,30.24,18.65
NGC1090,17271.13943995257,363.2524190399934,rfrac,24,10,30.09,18.8
NGC1705,4686.109569806081,43.740332369999926,rfrac,14,6,6.0,3.78
NGC2366,1809.5041902171959,219.84326385000097,rfrac,26,11,6.06,3.69
NGC2403,14758.252647058822,854.7401753099991,rfrac,73,17,20.87,12.92
NGC2683,17892.270535196807,1040.4349357500028,lastfrac,11,5,34.62,20.2
NGC2841,65847.14310766662,6127.472262491988,rfrac,50,13,63.64,38.9
NGC2903,23396.266977272728,1111.124414190004,rfrac,34,11,24.96,15.36
NGC2915,6226.889989064411,432.04016646000184,rfrac,30,13,10.04,6.03
NGC2955,29824.401953798104,1715.0450673300077,rfrac,24,5,35.43,22.19
NGC2976,2802.0580953300155,732.8683055399998,rfrac,27,8,2.27,1.42
NGC2998,28670.85162086496,1990.202580449998,lastfrac,13,6,42.28,17.48
NGC3109,3430.63994090909,619.6617138599992,rfrac,25,11,6.45,3.87
NGC3198,17435.80527222222,845.627819190003,rfrac,43,9,44.08,28.16
NGC3521,14920.530683660416,3949.4439509699955,lastfrac,41,17,17.74,4.64
NGC3726,19640.68161569816,1641.4497670200058,lastfrac,12,5,32.52,16.03
NGC3741,2207.8972744736066,220.5283733099999,rfrac,21,7,7.0,4.21
NGC3769,11187.696072069028,772.4638813499992,lastfrac,12,5,37.16,14.52
NGC3877,8511.870875011962,375.5976956550089,rfrac,13,6,11.35,6.98
NGC3893,20779.43722419302,1129.6930896299964,lastfrac,10,5,19.05,10.9
NGC3917,12839.298689427736,729.4236326999995,rfrac,17,7,14.86,9.6
NGC3949,8598.26501,4614.870784020006,lastfrac,7,5,7.07,3.5
NGC3953,20134.54998401351,920.1836960399941,lastfrac,8,5,15.68,8.72
NGC3972,10572.12107,2888.8856112899994,rfrac,10,5,8.72,5.24
NGC3992,42706.92574788313,569.4848959800117,lastfrac,9,5,46.02,27.52
NGC4010,10101.16929,553.4656994999957,rfrac,12,5,10.47,6.98
NGC4013,21938.851459561036,3331.0366353180007,rfrac,36,17,31.01,19.39
NGC4051,7300.648870000002,1859.119909919999,lastfrac,7,5,12.19,5.24
NGC4068,498.7843734903,413.03108469000006,lastfrac,6,5,2.33,0.64
NGC4085,4952.304729590413,1659.495158789992,lastfrac,7,5,6.2,2.71
NGC4088,10694.12258,4399.2055611,rfrac,12,5,21.48,13.94
NGC4100,19664.63963181818,2703.7185823200057,rfrac,24,11,22.76,13.94
NGC4138,15415.48332854512,1430.3516637480006,lastfrac,7,5,18.58,7.85
NGC4157,21713.590661260463,2155.1957229599984,rfrac,17,7,29.61,19.16
NGC4183,9123.968283333332,913.05261243,rfrac,23,9,21.02,13.12
NGC4214,5693.361574351553,157.31868599999817,rfrac,14,6,5.63,3.55
NGC4217,13419.512406494638,824.4068464799998,rfrac,19,8,16.72,10.47
NGC4389,-3351.160634140778,903.3796852499999,lastfrac,6,5,5.32,1.74
NGC4559,9865.799338746958,373.85693793000416,rfrac,32,13,20.97,13.08
NGC5005,22891.55036206125,4173.915254502001,rfrac,18,6,11.47,7.37
NGC5033,29281.974605916355,1991.3585636699995,rfrac,22,8,44.59,28.5
NGC5055,22339.777232601642,560.993119154999,rfrac,28,8,54.59,34.51
NGC5371,19553.257149187244,5317.51673334,rfrac,19,7,46.24,28.84
NGC5585,6420.6461642936765,157.00548675000312,rfrac,24,7,10.96,6.85
NGC5907,31668.703622222223,3348.2780427599955,rfrac,19,9,50.33,30.2
NGC5985,62496.63531232685,1492.309769789993,rfrac,33,10,34.72,20.98
NGC6015,19827.035520238784,1604.5978166399957,rfrac,44,15,29.23,17.73
NGC6195,25841.609599942487,4656.571903872003,rfrac,23,5,36.43,22.52
NGC6503,10996.095222307058,242.7566244600004,rfrac,31,13,23.5,14.44
NGC6674,47180.97593990751,2650.711681191011,rfrac,15,6,72.41,47.44
NGC6789,1459.9216660461168,1255.2542983050002,lastfrac,4,4,0.71,0.1
NGC6946,14923.558872410307,939.7999173359992,rfrac,58,24,20.4,12.26
NGC7331,32851.16533857143,4536.462445200002,rfrac,36,14,36.31,22.49
NGC7793,6731.484496849498,902.6735228699995,rfrac,46,7,7.87,4.73
NGC7814,31511.63945,2636.3157093209998,rfrac,18,8,19.53,11.74
PGC51017,25.631383647139696,4.200576450000452,lastfrac,6,5,3.63,0.99
UGC00128,14546.207100000001,1026.0365175899992,rfrac,22,9,53.75,33.74
UGC00191,4470.9706080368915,509.5797758099993,lastfrac,9,5,9.98,1.62
UGC00634,8261.038672587918,1656.1242453,lastfrac,4,4,18.01,4.51
UGC00731,4116.458860000001,58.50043080000012,rfrac,12,5,10.91,7.28
UGC00891,2083.720466954676,1277.10103941,lastfrac,5,5,7.39,1.48
UGC01230,8787.462385026949,638.2403968500001,lastfrac,11,5,36.54,13.27
UGC01281,2522.20608399855,133.58392792499987,rfrac,25,6,4.99,3.07
UGC02023,838.9451337112615,788.13184989,lastfrac,5,5,3.78,0.76
UGC02259,6145.554003193403,537.1845275999987,lastfrac,8,5,8.14,4.07
UGC02455,-998.4642934851988,1055.6320305299992,lastfrac,8,5,4.03,2.01
UGC02487,88679.73904957727,2499.242393339993,rfrac,17,7,80.38,50.24
UGC02885,64382.675080401954,2862.909221318995,rfrac,19,8,74.07,46.73
UGC02916,18873.29421101302,1336.4234681279986,rfrac,43,5,38.0,25.34
UGC02953,55195.06690150065,2515.567390895989,rfrac,115,18,62.39,38.35
UGC03205,32242.55949064766,1151.662115582999,rfrac,48,6,40.04,24.23
UGC03546,23924.010382555163,1904.9384101230019,rfrac,30,6,29.23,18.08
UGC03580,12898.222458543085,897.9427315949991,rfrac,47,6,27.06,16.6
UGC04278,5838.6276068108555,392.3260938449991,rfrac,25,10,6.69,4.29
UGC04305,27.24257714209368,91.95411372000049,rfrac,22,9,5.52,3.51
UGC04325,6444.404791684948,136.75761854999885,lastfrac,8,5,5.59,2.79
UGC04483,351.98490000000004,84.72740241000008,lastfrac,8,5,1.21,0.57
UGC04499,3759.1586315903114,141.50445897000097,lastfrac,9,5,8.18,4.55
UGC05005,7846.0770445778035,328.5952355700007,lastfrac,11,5,28.61,10.17
UGC05253,34080.3404871213,2696.5541698619986,rfrac,73,7,53.29,33.32
UGC05414,1731.4871555568175,679.4377737,lastfrac,6,5,4.11,1.37
UGC05716,4413.90234386631,141.1521932100004,rfrac,12,5,12.37,8.26
UGC05721,5378.964193186276,65.78614958999819,rfrac,23,6,6.74,4.49
UGC05750,3952.929143936005,735.2877604800017,lastfrac,11,5,22.85,6.6
UGC05764,2342.66087,244.81602999000006,lastfrac,10,5,3.62,2.17
UGC05829,2639.75654,684.4991477100011,rfrac,11,5,6.91,4.4
UGC05918,1393.5152599876767,154.28002317000093,lastfrac,8,5,4.46,2.23
UGC05986,10503.795025893727,361.916374050002,rfrac,15,7,9.41,5.65
UGC05999,6117.400690315992,1627.808290290001,lastfrac,5,5,16.22,3.48
UGC06399,5618.159779193651,358.85739959999904,lastfrac,9,5,7.85,4.37
UGC06446,5486.5813071428565,327.1970696400036,rfrac,17,7,10.22,6.4
UGC06614,28415.06677955119,4119.429178178994,lastfrac,13,6,64.59,24.94
UGC06628,218.63758999999965,471.4323295500014,lastfrac,7,5,7.69,3.3
UGC06667,6122.73247640637,269.98635258000235,lastfrac,9,5,7.85,4.37
UGC06786,40689.59512094007,1320.4545021360054,rfrac,45,7,34.05,21.27
UGC06787,51191.06649975288,1691.1421453499984,rfrac,71,11,37.19,22.77
UGC06818,3495.5943149282502,819.17156349,lastfrac,8,5,6.98,3.5
UGC06917,8397.34837,1090.569870179999,rfrac,11,5,10.47,6.98
UGC06923,3732.368034977763,471.38762915999627,lastfrac,6,5,5.16,1.94
UGC06930,8310.363206521846,309.1083859500012,rfrac,10,5,16.61,10.47
UGC06973,10499.587766571614,4227.248468477996,rfrac,9,5,7.85,5.32
UGC06983,9339.321172822592,317.28125551500005,rfrac,17,8,15.68,9.6
UGC07089,3691.9796416666663,781.0724870549998,rfrac,12,6,9.16,6.11
UGC07125,2436.674026613212,120.62481784500048,rfrac,13,6,18.68,11.47
UGC07151,3520.8933782753993,192.9502341899998,rfrac,11,5,5.5,3.49
UGC07232,644.2696104993522,495.9140215050001,lastfrac,4,4,0.82,0.21
UGC07261,3924.2167101239247,318.6025115699983,lastfrac,7,5,6.67,2.86
UGC07323,3888.4034261652237,543.5843187599988,rfrac,10,5,5.82,3.5
UGC07399,8965.617336978072,842.6861183999999,rfrac,10,5,6.13,3.68
UGC07524,4587.789852866153,175.31804303999849,rfrac,31,13,10.69,6.55
UGC07559,581.000741427295,52.42354992000031,lastfrac,7,5,2.53,1.08
UGC07577,65.91180044661377,55.27384842000004,lastfrac,9,5,1.69,0.94
UGC07603,3302.4454400000004,284.03724930000004,rfrac,12,5,4.11,2.74
UGC07608,3228.01739,862.8097447200004,lastfrac,8,5,4.78,2.38
UGC07690,2185.394605954613,39.16198944000017,lastfrac,7,5,4.13,1.77
UGC07866,541.2523302338772,136.21061328000013,lastfrac,7,5,2.32,1.0
UGC08286,5856.6901987128485,138.5788443899988,rfrac,17,7,8.04,5.2
UGC08490,5408.6791918758945,112.34749910999909,rfrac,30,13,10.15,6.09
UGC08550,2678.1243190452155,88.063548929999,rfrac,11,5,5.36,3.41
UGC08699,25150.491378724833,1529.9618645639996,rfrac,41,5,25.7,17.13
UGC08837,1025.400009028745,408.55756157999986,lastfrac,8,5,4.2,2.09
UGC09037,13389.766265633152,464.19546243000536,rfrac,22,10,27.96,17.0
UGC09133,40356.43991593451,1352.6501396520077,rfrac,68,13,108.31,66.46
UGC09992,586.8408099999999,42.56366687999966,lastfrac,5,5,3.89,0.78
UGC10310,3594.4961500000004,169.63382876999822,lastfrac,7,5,7.74,3.31
UGC11455,42069.20541875,8142.333119969999,rfrac,36,8,41.93,27.06
UGC11557,1919.1390450952042,702.0675870599996,lastfrac,12,5,10.56,5.28
UGC11820,4380.497160000001,1108.7698971299988,lastfrac,10,5,15.82,5.26
UGC11914,32172.071610549196,2192.300790225003,rfrac,65,12,9.83,5.98
UGC12506,42714.81132535761,3182.7531657600002,rfrac,31,13,49.99,30.32
UGC12632,3924.719021328688,135.29184605999714,rfrac,15,7,10.66,6.4
UGC12732,6283.924568883492,457.82235806999853,rfrac,16,7,15.4,9.6
UGCA281,513.5407138036901,103.11675737999995,lastfrac,7,5,1.08,0.41
UGCA442,2584.0627380755254,363.02624841000045,lastfrac,8,5,6.33,2.96
UGCA444,917.4826545675203,165.30989999999966,rfrac,36,15,2.62,1.62
