galaxy,n,sigma_kpc,ups_disk,ups_bul,a0_kms2_per_kpc,r_t_kpc,r_near_half_rt_kpc,frac_gas_half_rt,frac_disk_half_rt,frac_bul_half_rt,r_near_rt_kpc,frac_gas_rt,frac_disk_rt,frac_bul_rt,frac_bul_peak,r_bul_peak_kpc,q_best_kms2,v_extra_asym_kms,chi2,chi2_red,gbar_inner_kms2_per_kpc,gbar_rt_kms2_per_kpc,gbar_half_rt_kms2_per_kpc,gbar_1kpc_kms2_per_kpc,gbar_2kpc_kms2_per_kpc,s_in_dlng_dlnr,vobs_outer_kms,outer_resid_mean_z,outer_resid_rms_z,outer_chi2,sparc_T,sparc_D_mpc,sparc_e_D_mpc,sparc_Inc_deg,sparc_e_Inc_deg,sparc_L36_1e9solLum,sparc_e_L36_1e9solLum,sparc_Reff_kpc,sparc_SBeff_solLum_pc2,sparc_Rdisk_kpc,sparc_SBdisk_solLum_pc2,sparc_MHI_1e9solMass,sparc_RHI_kpc,sparc_Vflat_kms,sparc_e_Vflat_kms,sparc_Q_flag,env_twompp_delta_external,env_twompp_in_twompp_grid
CamB,9,2.0,0.5,0.7,3702.813097789641,0.73,0.41,0.28618526044663917,0.7138147395533608,0.0,0.73,0.3274899054748017,0.6725100945251983,0.0,0.0,0.16,111.33125094166726,10.551362515887096,31.312897184756395,3.9141121480945493,65.5678125,191.71520547945198,137.96163303178415,180.94454746900726,nan,0.17103684400715574,14.7,-1.3582471400699834,1.736890518577875,6.0335773470514384,10.0,3.36,0.26,65.0,5.0,0.075,0.003,1.21,7.89,0.47,66.2,0.012,1.21,0.0,0.0,2.0,0.12377071061464345,True
D512-2,4,2.0,0.5,0.7,3702.813097789641,1.92,0.96,0.13116939758950702,0.8688306024104929,0.0,1.92,0.14768244875171435,0.8523175512482857,0.0,0.0,0.96,1999.6314101092967,44.7172383998531,28.42568076978233,9.475226923260776,132.19546875,137.32166666666672,132.19546875,132.49199511639532,131.98909929878863,-0.98071907416151,35.9,nan,nan,0.0,10.0,15.2,4.56,56.0,10.0,0.325,0.022,2.37,9.22,1.24,93.94,0.081,0.0,0.0,0.0,2.0,3.592020229118757,True
D564-8,6,2.0,0.5,0.7,3702.813097789641,1.02,0.51,0.3731795683961606,0.6268204316038394,0.0,1.02,0.43104722281649666,0.5689527771835033,0.0,0.0,0.51,723.1871106457618,26.892138454309688,15.002745672408212,3.000549134481642,63.266078431372556,64.61441176470589,63.26607843137255,64.57549515508025,42.53572603558589,-0.8345507081684511,21.9,0.5532380311168439,1.0205491012341987,3.1245614040897927,10.0,8.79,0.28,63.0,7.0,0.033,0.004,0.72,10.11,0.61,21.13,0.029,0.0,0.0,0.0,2.0,1.509036742599138,True
D631-7,16,2.0,0.5,0.7,3702.813097789641,1.35,0.9,0.6024654462225946,0.3975345537774055,0.0,1.35,0.5641220861412342,0.43587791385876584,0.0,0.0,0.45,2630.732736634914,51.290669099115036,15.430699634849569,1.0287133089899714,267.68899999999996,366.20651851851864,306.0818115273956,344.0677757983591,293.053927246521,-0.3829738433507894,57.7,-0.3612844600055422,0.9159926169209549,8.390424742536993,10.0,7.72,0.18,59.0,3.0,0.196,0.009,1.22,20.93,0.7,115.04,0.29,0.0,57.7,2.7,1.0,0.6181199386485224,True
DDO064,14,2.0,0.5,0.7,3702.813097789641,1.88,0.89,0.029532208932207416,0.9704677910677926,0.0,1.88,0.6333609504593316,0.3666390495406684,0.0,0.0,0.1,3482.7902307492527,59.015169496912,16.53334255028358,1.2717955807910448,31.976999999999993,276.9635106382979,136.46752756709787,140.44879678998657,274.6180477446927,0.4445869852460704,46.4,nan,nan,0.0,10.0,6.8,2.04,60.0,5.0,0.157,0.007,1.2,17.41,0.69,151.65,0.211,3.49,46.1,3.9,1.0,1.4892751674266456,True
DDO154,12,2.0,0.5,0.7,3702.813097789641,0.49,0.49,0.15584088578267777,0.8441591142173223,0.0,0.49,0.15584088578267777,0.8441591142173223,0.0,0.0,0.49,2262.6552757705276,47.56737617075938,229.953828842961,20.904893531178274,183.17479591836735,183.17479591836738,nan,162.40875264315767,122.83113478077817,-0.42341741367484503,47.4,-0.9535489192763861,4.498922919330144,222.64338177481466,10.0,4.04,0.2,64.0,3.0,0.053,0.002,0.65,19.99,0.37,71.26,0.275,4.96,47.0,1.0,2.0,1.1243400523997482,True
DDO161,31,2.0,0.5,0.7,3702.813097789641,2.02,0.98,0.427405127768253,0.572594872231747,0.0,2.02,0.530742757795635,0.46925724220436504,0.0,0.0,0.6,2932.895499355024,54.1562138572761,263.1617346181288,8.772057820604292,209.61075,327.56970297029704,262.74289555700693,261.4096177625247,327.0584898188526,0.4358546165362916,66.6,0.5937060739862521,3.453367776190662,238.51497995264077,10.0,7.5,2.25,70.0,10.0,0.548,0.015,2.04,20.74,1.22,169.37,1.378,10.69,66.3,1.9,1.0,1.4562028803835756,True
DDO168,10,2.0,0.5,0.7,3702.813097789641,0.82,0.41,0.7596926124784696,0.24030738752153036,0.0,0.82,0.8031129352996701,0.19688706470032988,0.0,0.0,0.41,3192.291108524103,56.50036379107751,32.54285477061109,3.6158727522901213,347.92024390243904,496.37097560975616,347.92024390243904,456.8471980998819,307.02712270343056,-0.5728254931195607,52.9,0.211938850311909,2.098855630852796,30.836364714137424,10.0,4.25,0.21,63.0,6.0,0.191,0.005,1.29,18.23,1.02,92.22,0.413,4.3,53.4,1.9,2.0,0.8949905998367091,True
DDO170,8,2.0,0.5,0.7,3702.813097789641,1.87,1.87,0.312909125304816,0.6870908746951839,0.0,1.87,0.312909125304816,0.6870908746951839,0.0,0.0,1.87,2753.419890339742,52.473039652184646,43.12350390679458,6.160500558113512,128.7595989304813,128.75959893048125,nan,nan,128.39741778604792,-0.21712051387424183,59.0,0.24130936413786333,1.8321369101793377,20.140353945848936,10.0,15.4,4.62,66.0,7.0,0.543,0.03,3.03,9.39,1.95,73.93,0.735,9.14,60.0,1.6,2.0,6.236742330623101,True
ESO079-G014,15,2.0,0.5,0.7,3702.813097789641,0.98,0.41,0.011520860433082545,0.9884791395669175,0.0,0.98,0.016877224464108786,0.9831227755358911,0.0,0.0,0.41,18486.41627905103,135.96476116645457,264.81401282802034,18.915286630572883,1033.9886585365853,1175.845,1061.5414508338558,1173.500104475923,1102.1502407210783,-0.1646928312056775,175.0,1.7857404572817444,4.637632067235935,258.09157429266054,4.0,28.7,7.17,79.0,5.0,51.733,0.524,7.23,157.34,5.08,2295.25,3.14,17.67,175.0,3.5,1.0,2.003980772883616,True
ESO116-G012,15,2.0,0.5,0.7,3702.813097789641,1.85,0.83,0.005273945666639754,0.9947260543333603,0.0,1.85,0.013002561572128793,0.9869974384278711,0.0,0.0,0.25,9946.898754245947,99.7341403645008,36.05343720836129,2.575245514882949,600.8513999999998,1043.4575945945942,781.7887638546678,813.1700758249517,971.0602722040552,-0.06492646589984673,110.0,0.17733091323695674,0.5891766767852832,2.7770332517420004,7.0,13.0,3.9,74.0,3.0,4.292,0.071,2.75,90.54,1.51,1320.78,1.083,9.58,109.1,3.1,1.0,1.6333419191745693,True
ESO444-G084,7,2.0,0.5,0.7,3702.813097789641,0.77,0.26,0.37894890203728127,0.6210510979627187,0.0,0.77,0.5494912872869089,0.45050871271309123,0.0,0.0,0.26,5614.171628489408,74.92777608129984,113.96521846150802,18.994203076918,213.83134615384617,315.29162337662325,246.06351336543898,303.1191383751443,232.38660269789193,-0.6968318149148257,58.0,-0.1958041399089182,3.629037470086527,52.67965183716808,10.0,4.83,0.48,32.0,6.0,0.071,0.003,0.75,19.81,0.46,66.81,0.135,2.95,0.0,0.0,2.0,0.718274116223386,True
ESO563-G021,30,2.0,0.5,0.7,3702.813097789641,2.758477209078409,1.34,0.0,1.0,0.0,3.12,0.0,1.0,0.0,0.0,0.45,48446.31408132123,220.10523410705443,708.547864825695,24.432684993989483,4721.929,3702.81309778964,5315.526415012799,5200.899679262866,4461.059210880138,-0.4482125440617157,320.0,-2.2633265331597143,3.480605434507843,290.7507405774127,4.0,60.8,9.1,83.0,3.0,311.177,2.579,10.59,429.37,5.45,6558.89,24.298,55.71,314.6,11.7,1.0,0.7835838360004715,True
F561-1,6,2.0,0.5,0.7,3702.813097789641,1.61,1.61,0.06219859918473482,0.9378014008152652,0.0,1.61,0.06219859918473482,0.9378014008152652,0.0,0.0,1.61,984.644045421609,31.379038312567978,3.093999074560646,0.6187998149121292,271.06220496894406,271.06220496894395,nan,nan,265.36791061328586,-0.09967880438769325,49.2,-0.0776218490575664,0.7785910043302025,3.031019760119567,9.0,66.4,10.0,24.0,10.0,4.077,0.327,5.39,22.12,2.79,93.07,1.622,10.69,50.0,2.9,3.0,5.582815688190649,True
F563-1,17,2.0,0.5,0.7,3702.813097789641,1.78,1.07,0.022877430333077736,0.9771225696669222,0.0,1.78,0.05129607804152068,0.9487039219584793,0.0,0.0,1.07,10690.873174052653,103.39667873801679,9.88447597761689,0.6177797486010557,160.15457943925236,177.87132022471914,nan,nan,174.01684089233578,-0.31304715574342945,111.5,0.315334141654601,0.5629458229648158,3.48598799552887,9.0,48.9,9.8,25.0,5.0,1.903,0.17,4.61,14.22,3.52,41.77,3.2,23.47,109.9,12.5,1.0,3.0771310845985687,True
F563-V1,6,2.0,0.5,0.7,3702.813097789641,3.93,1.31,0.262020768026024,0.737979231973976,0.0,3.93,0.4096791285845747,0.5903208714154253,0.0,0.0,1.31,291.77198193865667,17.081334313766494,3.3800020594061255,0.6760004118812251,63.26519083969466,118.11148854961827,77.39205952784006,nan,78.07423574239405,-0.06414531095707438,28.6,0.771357258057531,0.771357258057531,0.5949920195580324,10.0,54.0,10.8,60.0,10.0,1.54,0.165,5.01,9.75,3.79,40.63,0.61,6.83,0.0,0.0,3.0,3.257916942301061,True
F563-V2,10,2.0,0.5,0.7,3702.813097789641,2.35,1.46,0.06227112435355519,0.9377288756464448,0.0,2.35,0.08716893969743862,0.9128310603025613,0.0,0.0,0.28,15154.424519776228,123.10330832181656,20.189846744118526,2.2433163049020584,72.30964285714283,331.45517021276584,233.71254071668312,208.3657426703122,322.5383267248059,0.21544565972087754,117.0,0.4754377061490338,0.941611337967558,4.433159558945273,10.0,59.7,11.9,29.0,10.0,2.986,0.267,4.49,23.6,2.43,146.16,2.169,11.37,116.6,9.4,1.0,2.0508169921279293,True
F565-V2,7,2.0,0.5,0.7,3702.813097789641,7.54,3.78,0.5426530605882042,0.4573469394117959,0.0,7.54,0.7437539982298248,0.2562460017701752,0.0,0.0,1.26,8654.423965188587,93.02915653271606,61.92700612167659,10.321167686946099,77.35714285714286,108.96732095490717,106.05593717626127,nan,94.79125634634075,0.023596339894558727,73.5,nan,nan,0.0,10.0,51.8,10.4,60.0,10.0,0.559,0.098,3.57,6.93,2.17,40.26,0.699,7.31,0.0,0.0,2.0,1.2824293493882735,True
F567-2,5,2.0,0.5,0.7,3702.813097789641,1.92,1.92,0.18461246774621845,0.8153875322537816,0.0,1.92,0.18461246774621845,0.8153875322537816,0.0,0.0,1.92,2057.52728503295,45.35997448227843,2.992848377851541,0.7482120944628853,192.0196354166667,192.01963541666674,nan,nan,190.91498946418753,-0.39627433207326784,47.6,0.4168674991665345,0.47522740901463245,0.6775232708362824,9.0,79.0,11.8,20.0,10.0,2.134,0.305,5.43,11.5,3.08,46.65,2.449,14.94,0.0,0.0,3.0,0.41930440568447996,True
F568-1,12,2.0,0.5,0.7,3702.813097789641,1.32,0.44,0.05443368285434611,0.9455663171456538,0.0,1.32,0.06680299931833673,0.9331970006816632,0.0,0.0,0.44,14374.62947962484,119.89424289608255,1.0000441938798474,0.09091310853453159,180.6368181818182,329.46375,225.49354382674406,283.0411919106623,313.3329111783223,-0.40395837358524905,130.0,-0.0012056852619940401,0.19713717688207372,0.34976759858130624,5.0,90.7,9.7,26.0,5.0,6.252,0.564,7.0,20.36,5.18,57.13,4.498,16.31,0.0,0.0,1.0,0.004554397846797786,True
F568-3,18,2.0,0.5,0.7,3702.813097789641,4.19,2.03,0.005327039238958455,0.9946729607610415,0.0,4.19,0.026304823121756853,0.9736951768782431,0.0,0.0,0.64,11024.258653521169,104.99646971932518,40.61992888123828,2.3894075812493107,145.826875,252.94053699284015,221.2151947604609,178.18856315999972,218.75532155652076,0.2518194158428129,107.0,1.0257042988788785,1.434594228356779,12.348363600207492,7.0,82.4,8.24,40.0,10.0,8.346,0.592,7.47,23.81,4.99,132.08,3.195,16.14,0.0,0.0,1.0,0.07358908298182039,True
F568-V1,15,2.0,0.5,0.7,3702.813097789641,1.18,0.39,0.0161558599248525,0.9838441400751474,0.0,1.18,0.017805300802788224,0.9821946991972118,0.0,0.0,0.39,12122.350551993222,110.10154654678209,3.08716392069,0.2205117086207143,195.54705128205129,362.5658050847457,246.3273384942265,330.5983504013316,308.53913411402146,-0.3432776059683186,112.0,0.06897600888283521,0.44006901916947605,2.323928899593416,7.0,80.6,8.06,40.0,10.0,3.825,0.384,4.4,31.39,2.85,90.54,2.491,14.38,112.3,15.8,1.0,-0.024118705810812754,True
F571-8,13,2.0,0.5,0.7,3702.813097789641,1.5406677643272788,0.78,0.0019379820990086778,0.9980620179009912,0.0,1.33,0.0028046120286693674,0.9971953879713307,0.0,0.0,0.22,12491.708041346654,111.76630995674257,250.6469090663353,20.887242422194607,3335.9475,3702.81309778964,4699.988099021585,4407.220903987533,3120.499778143803,-0.7563669388495705,135.0,0.1678564809654379,3.393666589688059,103.65275629768482,5.0,53.3,10.7,85.0,5.0,10.164,0.412,1.4,825.71,3.56,87.26,1.782,24.55,139.7,4.3,1.0,-0.07713127990408156,True
F571-V1,7,2.0,0.5,0.7,3702.813097789641,3.88,1.95,0.1784510945975413,0.8215489054024586,0.0,3.88,0.26493615173529345,0.7350638482647065,0.0,0.0,1.95,5662.629029281939,75.25044205373108,2.9889725772594034,0.49816209620990054,177.08651282051284,221.8099097938144,nan,nan,178.56002761743807,-0.5300898638370681,82.5,0.11149453697969315,0.2958313032369758,0.35006463989955017,7.0,80.1,8.0,30.0,10.0,1.849,0.267,4.38,15.3,2.47,64.39,1.217,10.1,83.6,3.5,2.0,-0.4331528061255525,True
F574-1,14,2.0,0.5,0.7,3702.813097789641,1.41,0.47,0.0007402358450621235,0.9992597641549379,0.0,1.41,0.0014305728794121644,0.9985694271205878,0.0,0.0,0.47,7687.68013046643,87.67941680044656,6.165974294282659,0.47430571494481993,179.64372340425535,383.91602836879434,237.76085033596937,302.7499734518728,368.3864838792736,-0.45486846465640574,98.8,0.04657363204817919,0.44726617628475684,2.2005173569322594,7.0,96.8,9.68,65.0,10.0,6.537,0.596,5.87,29.98,4.46,128.48,3.524,16.19,97.8,4.1,1.0,2.0560574208751916,True
F574-2,5,2.0,0.5,0.7,3702.813097789641,2.17,2.17,0.24225427164069982,0.7577457283593002,0.0,2.17,0.24225427164069982,0.7577457283593002,0.0,0.0,2.17,130.32848962155754,11.416150385377618,0.25712696514172223,0.06428174128543056,142.00260368663595,142.002603686636,nan,nan,nan,0.32662864738610126,30.0,0.010993795944048626,0.05231380024752078,0.008210201089012516,9.0,89.1,8.91,30.0,10.0,2.877,0.384,6.48,10.89,3.76,41.38,1.701,12.61,0.0,0.0,3.0,0.996523618330857,True
F579-V1,14,2.0,0.5,0.7,3702.813097789641,1.47,0.42,0.02382207465541451,0.9761779253445855,0.0,1.47,0.021836820256632826,0.9781631797433672,0.0,0.0,0.42,11145.905990184536,105.57417293156757,40.89687800176533,3.1459136924434867,288.8477380952381,576.0102040816328,393.1641167245833,465.84835290425207,569.9097050945953,-0.26927576079225046,114.0,0.4382980912639566,0.5880829281241524,3.4584153035107708,5.0,89.5,8.95,26.0,10.0,11.848,0.742,5.76,56.6,3.37,201.76,2.245,20.96,112.1,13.4,1.0,-0.6792494350393644,True
F583-1,25,2.0,0.5,0.7,3702.813097789641,1.22,0.77,0.027075822445715936,0.9729241775542841,0.0,1.22,0.03800370646997512,0.9619962935300249,0.0,0.0,0.26,4900.525297280667,70.0037520228785,5.500888046968283,0.22920366862367847,50.19923076923076,127.35815573770498,97.7130736583947,124.26925967994369,92.70109826136783,0.33382053665280587,84.7,-0.07370433104387461,0.4713958103593762,3.555424160389967,9.0,35.4,8.85,63.0,5.0,0.986,0.093,3.74,11.19,2.36,60.93,2.126,15.65,85.8,3.6,1.0,0.9335067181130736,True
F583-4,12,2.0,0.5,0.7,3702.813097789641,1.94,0.76,0.02200618166726294,0.977993818332737,0.0,1.94,0.043565741572706575,0.9564342584272935,0.0,0.0,0.22,3595.541437614467,59.96283380240186,15.780473289924428,1.4345884809022207,72.0225,280.61512886597944,237.95165685959626,241.82459099864124,276.8341409760685,-0.10341316334369716,64.4,0.11381178557600759,0.3904864683904012,1.2198374559680623,5.0,53.3,10.7,55.0,10.0,1.715,0.185,3.31,24.94,1.93,83.34,0.641,7.8,0.0,0.0,1.0,-0.0668566397522635,True
IC2574,34,2.0,0.5,0.7,3702.813097789641,6.54,3.13,0.2541535457824673,0.7458464542175328,0.0,6.54,0.45317885442775746,0.5468211455722425,0.0,0.0,0.85,5138.163997073572,71.6809876959963,1634.8771539154532,49.541731936831916,54.098882352941175,104.27743883792046,83.52097107509073,58.88621780159885,83.86271305191387,0.45713791897114825,66.0,nan,nan,0.0,9.0,3.91,0.2,75.0,7.0,1.016,0.012,3.18,15.88,2.78,80.32,1.036,10.81,66.4,2.0,2.0,0.43684332741089704,True
IC4202,32,2.0,0.5,0.7,3702.813097789641,7.715583614943451,3.95,0.0,0.1656014167453495,0.8343985832546504,7.86,1.995243041303077e-06,0.5052648173302067,0.49473318742675204,0.9823511937853553,0.77,35412.494375989816,188.1820777225871,1507.0000481833301,48.61290478010742,16557.434961038958,3702.81309778964,6501.334292224184,15693.69790369256,11613.630983377927,-0.8552865400846851,243.0,0.4405816525148198,0.8457216818709915,8.582941958240381,4.0,100.4,10.0,90.0,1.0,179.749,3.311,8.55,391.59,4.78,8888.53,12.326,32.13,242.6,11.0,1.0,4.456666071189689,True
KK98-251,15,2.0,0.5,0.7,3702.813097789641,1.89,0.9,0.7002449411321373,0.29975505886786263,0.0,1.89,0.8089658008495237,0.19103419915047617,0.0,0.0,0.25,1147.7893386166124,33.87903981249487,17.959260510539153,1.282804322181368,30.5764,178.71201058201058,107.96831377316637,114.91552605436914,178.097919663688,1.0536981945303068,33.3,nan,nan,0.0,10.0,6.8,2.04,59.0,5.0,0.085,0.007,1.28,7.89,1.34,52.1,0.115,2.9,33.7,1.6,2.0,-0.23126865288816034,True
NGC0024,29,2.0,0.5,0.7,3702.813097789641,1.7,0.85,0.03777667313008103,0.962223326869919,0.0,1.7,0.061962301030898864,0.938037698969101,0.0,0.0,0.21,11141.019401593476,105.55102747767772,356.00409494364067,12.714431962272881,830.1492857142858,1348.8884999999998,1136.138411764706,1200.5952766913592,1267.536127685885,0.0728722735670145,107.0,1.7824595598385622,2.1831627273227046,19.06479797588444,5.0,7.3,0.36,64.0,3.0,3.889,0.036,2.01,151.65,1.34,1182.58,0.676,7.29,106.3,7.9,1.0,0.04916094193973145,True
NGC0055,21,2.0,0.5,0.7,3702.813097789641,1.84,1.23,0.3300971303797076,0.6699028696202924,0.0,1.84,0.3951715837521818,0.6048284162478182,0.0,0.0,1.23,3844.268113054655,62.00216216435242,50.041856991916205,2.5020928495958104,458.900406504065,478.35921195652156,nan,nan,473.9209489511502,-0.13112287348154839,86.2,-0.6909539659765178,1.5862507234887318,42.77525308206492,9.0,2.11,0.11,77.0,3.0,4.628,0.013,3.67,54.55,6.11,391.59,1.565,10.24,85.6,5.0,2.0,0.15559528121988112,True
NGC0100,21,2.0,0.5,0.7,3702.813097789641,1.59,0.69,0.013013598964613765,0.9869864010353863,0.0,1.59,0.020889096374334278,0.9791109036256658,0.0,0.0,0.23,5706.957369011756,75.54440660308184,5.437008378892638,0.2718504189446319,206.4958695652174,559.2909119496856,445.1288916138389,498.96869979255695,541.3197447084373,0.16323547518924933,89.0,-0.034394704470833606,0.5783424022333947,4.682719079095311,6.0,13.5,4.05,89.0,1.0,3.232,0.063,2.81,64.99,1.66,1193.52,1.99,16.36,88.1,6.4,1.0,-0.58734594016458,True
NGC0247,26,2.0,0.5,0.7,3702.813097789641,2.15,1.08,0.03240155601737283,0.9675984439826272,0.0,2.15,0.04876662190411629,0.9512333780958836,0.0,0.0,1.08,7020.2375698227515,83.78685797798335,1119.525998374126,44.78103993496504,235.3825,291.6682325581396,nan,nan,289.65824246163817,0.02517317539679398,106.0,0.8867106585449902,2.1480029710721986,92.27833527469986,7.0,3.7,0.19,74.0,3.0,7.332,0.027,5.87,33.79,3.74,506.79,1.746,12.79,104.9,8.0,2.0,0.0655144984012473,True
NGC0289,28,2.0,0.5,0.7,3702.813097789641,6.169450980129951,3.46,0.002010171667846469,0.9979898283321536,0.0,6.38,0.001002865634227694,0.9989971343657723,0.0,0.0,1.5,20873.981352262872,144.4783075491365,61.96326741592877,2.294935830219584,10696.233900000001,3702.81309778964,7833.317444410825,nan,10412.908154297345,-1.0946707995697629,165.0,-0.07473156250583454,1.6898535320098294,57.1120991929219,4.0,20.8,5.2,46.0,5.0,72.065,0.465,2.69,1587.93,6.74,69.96,27.469,49.51,163.0,8.0,2.0,0.9191865966199932,True
NGC0300,25,2.0,0.5,0.7,3702.813097789641,0.91,0.91,0.0,1.0,0.0,0.91,0.0,1.0,0.0,0.0,0.91,7232.664468006304,85.04507315539392,53.448734252667045,2.227030593861127,545.8848351648352,545.8848351648354,nan,538.964085749615,480.1163730250743,-0.24358873471560322,93.5,0.2297649289423687,1.1337698013847417,29.564981138235925,7.0,2.08,0.1,42.0,10.0,2.922,0.008,1.77,147.51,1.75,437.35,0.936,9.2,93.3,7.0,2.0,0.15952894705229134,True
NGC0801,13,2.0,0.5,0.7,3702.813097789641,9.970494809326915,3.52,0.0014590996556868875,0.9985409003443131,0.0,10.59,0.014640216177436428,0.9853597838225636,0.0,0.0,1.17,24665.133966609916,157.05137365400506,162.86241327164512,13.571867772637093,14420.644615384617,3702.81309778964,7771.231897469022,nan,13724.298406322296,-0.7675504748457812,216.0,0.013440145373079424,2.2127774530222046,29.37830433962061,5.0,80.7,8.07,80.0,1.0,312.57,3.455,7.76,818.14,8.72,1558.94,23.201,44.99,220.1,6.2,1.0,1.0872846534880758,True
NGC0891,18,2.0,0.5,0.7,3702.813097789641,9.672094555562797,5.1,0.0024430001636388692,0.792553908066655,0.205003091769706,9.73,0.018458237174266406,0.8171369169069624,0.16440484591877116,0.8601282479658282,0.92,22964.56119692136,151.54062556595628,240.7415412655759,14.16126713326917,57512.10128260868,3702.81309778964,11675.688652238396,53809.05250906447,30944.162713461657,-1.303730154185699,216.0,nan,nan,0.0,3.0,9.91,0.5,90.0,1.0,138.34,0.255,3.68,1617.45,2.55,5067.92,4.462,18.16,216.1,5.7,1.0,-0.6343017395773687,True
NGC1003,36,2.0,0.5,0.7,3702.813097789641,1.25,1.25,0.002582081784007461,0.9974179182159925,0.0,1.25,0.002582081784007461,0.9974179182159925,0.0,0.0,1.25,8544.936065429816,92.4388233667533,577.1593017985576,16.490265765673076,1302.05016,1302.0501599999998,nan,nan,1041.0626495958259,-0.4777036011168264,113.0,0.03595442467023588,4.117023515255909,576.2960092557842,6.0,11.4,3.42,67.0,5.0,6.82,0.075,2.76,140.87,1.61,1345.33,5.88,33.33,109.8,4.2,1.0,-0.6864554599681729,True
NGC1090,24,2.0,0.5,0.7,3702.813097789641,1.9980242337777714,1.07,0.0012929882920634226,0.9987070117079366,0.0,1.6,0.0021283254712611967,0.9978716745287388,0.0,0.0,0.35,16506.260676481652,128.47669312556908,63.40453875612544,2.75671907635328,3398.403428571428,3702.81309778964,4439.2258296749,4440.343644929439,3701.1926793853977,-0.4308384624671112,162.0,0.11476671173987633,1.3409031305309624,35.960424109354705,4.0,37.0,9.25,64.0,3.0,72.045,0.796,6.36,283.68,3.53,2055.09,8.783,30.49,164.4,3.7,1.0,0.6839275074086878,True
NGC1705,14,2.0,0.5,0.7,3702.813097789641,0.22,0.22,0.054079802312608255,0.9459201976873918,0.0,0.22,0.054079802312608255,0.9459201976873918,0.0,0.0,0.22,7393.062461676485,85.98291959265215,128.9350316404668,9.918079356958986,2654.696363636364,2654.696363636365,nan,1240.5326576327898,458.92695000000003,-1.3285594282466306,71.5,-0.4726821435304883,2.998544815471361,116.88652313507232,11.0,5.73,0.29,80.0,10.0,0.533,0.01,0.49,347.4,0.39,587.26,0.139,2.36,71.9,4.3,3.0,0.33487416922391455,True
NGC2366,26,2.0,0.5,0.7,3702.813097789641,2.02,1.07,0.1489436329943088,0.8510563670056912,0.0,2.02,0.5632228206077134,0.4367771793922865,0.0,0.0,0.12,3039.292982291463,55.12978307858161,160.6377883018357,6.425511532073428,66.77375,281.31252475247527,267.03549065216635,266.38363099445814,281.06643954363403,0.3721624807568409,49.4,2.369379913478612,2.608080973401469,61.21877727436879,10.0,3.27,0.16,68.0,5.0,0.236,0.005,1.08,31.98,0.65,113.98,0.647,6.94,50.2,3.2,3.0,0.26525981521556674,True
NGC2403,73,2.0,0.5,0.7,3702.813097789641,0.56,0.26,0.0,1.0,0.0,0.56,0.0034160083386755437,0.9965839916613245,0.0,0.0,0.16,11666.238627323808,108.01036351815416,3022.36088700233,41.977234541699026,1683.4503125,3643.350089285712,2539.56156989612,2889.3110141751063,2628.3275194413022,0.4201664371487657,134.0,-0.6690234889400228,5.89946688215914,2192.6336981026275,6.0,3.16,0.16,63.0,3.0,10.041,0.028,2.16,341.06,1.39,1408.74,3.199,15.11,131.2,4.9,1.0,0.2900706443538613,True
NGC2683,11,2.0,0.5,0.7,3702.813097789641,6.943170886582959,2.89,0.002228558504105767,0.7855815024487475,0.21218993904714684,5.77,0.015440450748362025,0.8892180742855185,0.09534147496611955,0.21218993904714684,2.89,21393.528546774443,146.26526773904473,56.96120941977914,5.696120941977914,9157.998280276814,3702.81309778964,7849.793154403242,nan,nan,-1.8066202526264634,155.0,0.9483966437489052,1.2733742777909114,11.350374359376678,3.0,9.81,0.49,80.0,5.0,80.415,0.222,3.34,1139.8,2.18,10205.4,1.406,13.79,154.0,8.1,2.0,1.3851050486527587,True
NGC2841,50,2.0,0.5,0.7,3702.813097789641,11.6572961419124,5.83,4.990445605612741e-06,0.48348693410845306,0.5165080754459412,11.27,0.04711352807822946,0.6711659611064881,0.28172051081528243,0.7504759624271637,3.44,64618.978002358075,254.20263177700988,2433.7397345786644,49.66815784854417,15552.988343023255,3702.81309778964,7921.2778522817725,nan,nan,-1.2774213688847096,288.0,0.14508156011800347,1.931023220063887,74.57701352851805,3.0,14.1,1.4,76.0,10.0,188.121,0.52,5.51,983.63,3.64,4751.49,9.775,45.12,284.8,8.6,1.0,1.2857422655949846,True
NGC2903,34,2.0,0.5,0.7,3702.813097789641,7.2159519322144,3.52,0.007374385604666595,0.9926256143953334,0.0,7.68,0.025243237727818474,0.9747567622721814,0.0,0.0,0.32,23786.408616480378,154.22842998773078,687.7028602969629,20.83948061505948,61144.9259375,3702.81309778964,12222.53693574628,22155.28190348967,14056.546645520431,-0.759233109656892,180.0,0.2997190335027563,0.6443951632368311,4.567696390433245,4.0,6.6,1.98,66.0,3.0,81.863,0.151,4.54,632.16,2.33,1193.52,2.552,13.76,184.6,5.6,1.0,1.3385228670996168,True
NGC2915,30,2.0,0.5,0.7,3702.813097789641,0.34,0.34,0.016331678751452264,0.9836683212485478,0.0,0.34,0.016331678751452264,0.9836683212485478,0.0,0.0,0.34,6657.984613429919,81.59647427082814,22.288913558627872,0.7685832261595817,2997.854705882353,2997.854705882353,nan,1203.3858000000002,439.9451765318927,-1.3202725554663994,85.3,-0.15098316918549587,0.8157227258320232,18.631299832287137,11.0,4.06,0.2,56.0,4.0,0.641,0.008,0.53,347.4,0.55,313.93,0.508,7.16,83.5,6.3,2.0,0.270692458115654,True
NGC2955,24,2.0,0.5,0.7,3702.813097789641,13.03381128533432,6.91,0.016143144767032127,0.48285338966971203,0.5010034655632559,12.4,0.028680034803494077,0.6181413754106155,0.35317858978589034,0.9280103392460785,0.75,33562.53320662114,183.20080023466366,132.5689839176488,5.763868865984731,26734.51409333333,3702.81309778964,9479.058442771453,25588.483529678393,21507.596712832074,-0.47830022596975313,254.0,0.9333639385123869,1.1288600676360792,3.8229751569099992,3.0,97.9,9.8,56.0,7.0,319.422,4.413,7.22,974.61,18.76,50.68,28.949,40.34,0.0,0.0,1.0,0.34042966839256844,True
NGC2976,27,2.0,0.5,0.7,3702.813097789641,1.63,0.8,0.056743600611361564,0.9432563993886385,0.0,1.63,0.19856065755333868,0.8014393424466614,0.0,0.0,0.11,5538.410139160995,74.42049542404965,19.1339032451662,0.7359193555833153,662.58,2372.4236503067486,1256.25980762295,1438.5140325448194,1929.7575724784044,0.31740938604004043,83.9,nan,nan,0.0,5.0,3.58,0.18,61.0,10.0,3.371,0.019,1.31,308.2,1.01,1502.55,0.172,3.04,85.4,3.3,2.0,0.38735286869132746,True
NGC2998,13,2.0,0.5,0.7,3702.813097789641,6.299302833049271,3.63,0.0019960823316528685,0.9980039176683472,0.0,7.59,0.011419968025848517,0.9885800319741516,0.0,0.0,0.33,28616.481882100477,169.16406794027057,93.03344591929837,7.752787159941531,3008.4751515151515,3702.81309778964,4964.732009904011,4390.572655332495,4416.484264519495,-0.10993573725860818,213.0,0.002070528598063658,1.6339552072383323,16.01885771556757,5.0,68.1,10.2,58.0,2.0,150.902,2.085,7.06,479.55,6.2,774.16,23.451,43.58,209.9,8.1,1.0,-0.6979046260571733,True
NGC3109,25,2.0,0.5,0.7,3702.813097789641,2.06,1.03,0.5368888598787558,0.4631111401212442,0.0,2.06,0.6506014188195186,0.3493985811804814,0.0,0.0,0.26,4423.8522505968285,66.51204590596224,112.37224067989368,4.68217669499557,18.708461538461535,124.54973300970872,77.34529126213589,75.17752350506036,123.40030903345243,1.168530831894543,66.3,1.0173302236426736,1.0656458239183162,11.356010220345468,9.0,1.33,0.07,70.0,5.0,0.194,0.002,1.64,11.4,1.56,140.87,0.477,6.0,66.2,2.6,1.0,0.4168777235871275,True
NGC3198,43,2.0,0.5,0.7,3702.813097789641,0.7864863252978769,0.32,0.0,1.0,0.0,0.64,0.0,1.0,0.0,0.0,0.32,13768.431845668107,117.33896132857197,1202.0096097025128,28.6192764214884,6256.81,3702.81309778964,5572.771886653481,3159.942356132403,1767.373497830359,-0.7620020771813364,149.0,-0.3469184206965814,5.545189413078562,1199.2158994498238,5.0,13.8,1.4,73.0,3.0,38.279,0.212,5.84,178.99,3.14,1602.62,10.869,35.66,150.1,3.9,1.0,2.880767938623012,True
NGC3521,41,2.0,0.5,0.7,3702.813097789641,7.290173012715343,3.61,0.00014800391114210557,0.9998519960888579,0.0,6.64,0.019204131827085188,0.9807958681729149,0.0,0.0,0.51,28091.644459824573,167.60562180256537,117.11939379520679,2.9279848448801697,37559.618431372546,3702.81309778964,10710.516372814349,28854.975922741698,17966.9009374926,-0.5555096539768282,206.0,-0.11684774750139675,0.2968160036696185,0.176199480068806,4.0,7.7,2.3,75.0,5.0,84.836,0.156,2.45,2232.7,2.4,2112.66,4.154,18.85,213.7,15.9,1.0,2.2813050078904697,True
NGC3726,12,2.0,0.5,0.7,3702.813097789641,3.5,3.5,0.0,1.0,0.0,3.5,0.0,1.0,0.0,0.0,3.5,10717.133543250533,103.52358930818876,51.35293394230431,4.668448540209483,2729.647557142857,2729.6475571428564,nan,nan,nan,-0.8481424766130483,167.0,-0.8223947336798683,2.1081869450633066,40.00006975801822,5.0,18.0,2.5,53.0,2.0,70.234,0.388,7.52,198.08,3.4,1789.91,6.473,22.2,168.0,6.2,2.0,3.530717887686115,True
NGC3741,21,2.0,0.5,0.7,3702.813097789641,0.23,0.23,0.08190905059188758,0.9180909494081124,0.0,0.23,0.08190905059188758,0.9180909494081124,0.0,0.0,0.23,2322.8408691779287,48.195859460932205,48.54171545044128,2.427085772522064,318.6195652173913,318.6195652173912,nan,130.88390302236184,60.85389030023131,-0.9518307710506296,50.1,-0.5173430219883486,1.4873655309345164,44.245124452242315,10.0,3.21,0.17,70.0,4.0,0.028,0.001,0.32,42.94,0.2,143.49,0.182,4.2,50.1,2.1,1.0,0.7219757025555609,True
NGC3769,12,2.0,0.5,0.7,3702.813097789641,2.379592817215531,1.74,0.01732022579118624,0.9826797742088138,0.0,1.74,0.01732022579118624,0.9826797742088138,0.0,0.0,1.74,9430.444985839407,97.1104782494629,8.070586116651878,0.7336896469683526,4659.441925287357,3702.81309778964,nan,nan,4206.642021533529,-1.5411935561819892,118.0,-0.12188943069873741,0.7932011413375084,6.291680506191259,3.0,18.0,2.5,70.0,2.0,18.679,0.189,2.18,626.37,3.38,160.26,5.529,22.57,118.6,8.4,2.0,3.3378790937516967,True
NGC3877,13,2.0,0.5,0.7,3702.813097789641,1.8041878434492515,0.87,0.0,1.0,0.0,1.74,0.0,1.0,0.0,0.0,0.87,10490.030989803952,102.4208523192614,49.557768550589124,4.129814045882427,5964.0786781609195,3702.81309778964,5825.139626072989,5447.396500722924,3442.4240606137605,-0.39305923913597646,170.0,0.1592959805270787,1.5111722550106161,20.552774258824833,5.0,18.0,2.5,76.0,1.0,72.535,0.401,4.39,598.18,2.53,3410.59,1.483,11.47,168.4,5.1,2.0,3.4053067490487092,True
NGC3893,10,2.0,0.5,0.7,3702.813097789641,5.84765323761673,3.5,0.013903516120239264,0.9860964838797608,0.0,5.24,0.032657425459855095,0.9673425745401449,0.0,0.0,1.74,22638.309523608827,150.46032541374097,27.367954112977586,3.040883790330843,11927.807413793103,3702.81309778964,7526.358071501391,nan,10541.500448365128,-1.3728551030242133,179.0,0.4218760200049287,0.4886579820961573,0.9551464938651535,5.0,18.0,2.5,49.0,2.0,58.525,0.377,2.43,1573.37,2.38,2055.09,5.799,20.84,174.0,8.9,1.0,3.1360094951566704,True
NGC3917,17,2.0,0.5,0.7,3702.813097789641,5.24,2.61,0.0,1.0,0.0,5.24,0.04063571172306251,0.9593642882769375,0.0,0.0,0.87,14197.35121263642,119.15263829490483,204.65779909199324,12.791112443249578,730.0055172413794,921.8008683206108,701.6230774442013,713.0539386522314,666.5440176363986,0.3298630123611033,137.0,0.9378061809319048,1.1409533169540433,6.508872357342168,6.0,18.0,2.5,79.0,2.0,21.966,0.202,5.56,112.94,2.63,1226.96,1.888,14.08,135.9,4.1,1.0,2.4986988414144427,True
NGC3949,7,2.0,0.5,0.7,3702.813097789641,4.8502186693913165,2.61,0.01168341061359209,0.988316589386408,0.0,5.24,0.08046671626838477,0.9195332837316152,0.0,0.0,1.74,16667.58841767126,129.10301475051332,6.997590008790427,1.166265001465071,7406.726781609195,3702.81309778964,6765.404925102392,nan,7130.620439524174,-1.1468683108247164,161.0,nan,nan,0.0,4.0,18.0,2.5,55.0,2.0,38.067,0.28,2.39,1058.84,3.59,185.71,3.371,13.72,163.0,7.1,2.0,3.293871274340197,True
NGC3953,8,2.0,0.5,0.7,3702.813097789641,7.2454417000457365,3.5,0.0,1.0,0.0,6.98,0.0,1.0,0.0,0.0,3.5,24386.81311595287,156.16277762627325,100.46604952404645,14.352292789149493,5952.1392,3702.81309778964,5819.714951621808,nan,nan,-0.6857099095908754,223.0,0.8229003737103019,0.8229003737103019,0.6771650250525545,4.0,18.0,2.5,62.0,1.0,141.301,0.521,6.17,587.26,4.89,1999.08,2.832,17.38,220.8,6.1,1.0,2.3906719282631594,True
NGC3972,10,2.0,0.5,0.7,3702.813097789641,0.87,0.87,0.0,1.0,0.0,0.87,0.0,1.0,0.0,0.0,0.87,10591.281623386887,102.91395252047649,16.14366810516484,1.793740900573871,1334.641436781609,1334.6414367816087,nan,1282.8809832657769,1089.1928459165322,-0.09511802054356874,130.0,-0.23961567581198048,1.2854966943384143,14.872515760394915,4.0,18.0,2.5,77.0,1.0,14.353,0.172,3.73,164.75,2.18,1587.93,1.214,10.05,132.7,2.9,1.0,1.840520135628371,True
NGC3992,9,2.0,0.5,0.7,3702.813097789641,9.19,9.19,0.0,1.0,0.0,9.19,0.0,1.0,0.0,0.0,9.19,43117.829992486586,207.6483325059139,182.0426095384036,22.75532619230045,2588.246577801959,2588.246577801958,nan,nan,nan,-1.4819618713491027,242.0,0.059936675350553144,0.6551223612852292,2.5751118495356056,4.0,23.7,2.3,56.0,2.0,226.932,0.836,9.99,360.44,4.96,3257.09,16.599,32.75,241.0,5.2,1.0,1.3257387294890477,True
NGC4010,12,2.0,0.5,0.7,3702.813097789641,2.61,0.87,0.0,1.0,0.0,2.61,0.0491306695416802,0.9508693304583198,0.0,0.0,0.87,9349.377692342641,96.69218009923368,17.967663158269065,1.633423923479006,616.4152298850574,1391.9374712643678,916.1866661943262,706.2962539108911,1272.15999745005,-0.15557141499445237,127.0,-0.2240989366400423,0.8742672083014866,5.350402060578925,7.0,18.0,2.5,89.0,1.0,17.193,0.19,6.63,14.75,2.81,2611.14,2.832,17.59,125.8,4.7,2.0,3.392255093109517,True
NGC4013,36,2.0,0.5,0.7,3702.813097789641,7.4992714772635205,5.49,0.0,0.6808384242071889,0.31916157579281107,7.69,0.020767044115532738,0.7627122835389538,0.21652067234551337,0.31916157579281107,5.49,19747.93367567229,140.52734138121411,179.191567545384,5.119759072725257,4669.246797814208,3702.81309778964,nan,nan,nan,-1.0401322000361375,178.0,-0.23182802677098316,2.067443324641518,94.03508181330501,3.0,18.0,2.5,89.0,1.0,79.094,0.364,4.11,746.16,3.53,10205.4,2.967,31.35,172.9,7.1,2.0,4.181520333559054,True
NGC4051,7,2.0,0.5,0.7,3702.813097789641,2.89384122232776,1.74,0.0,1.0,0.0,3.5,0.0,1.0,0.0,0.0,1.74,7884.06002698986,88.79222954172207,4.855954679712948,0.8093257799521579,8207.183908045978,3702.81309778964,nan,nan,6600.325095870883,-0.3276660562329791,154.0,0.3135601026341895,0.7759063890968828,2.408122898565453,4.0,18.0,2.5,49.0,3.0,95.268,0.439,6.87,319.76,4.65,1320.78,2.697,15.13,157.0,5.5,2.0,4.012092936288401,True
NGC4068,6,2.0,0.5,0.7,3702.813097789641,1.91,1.06,0.2046102354467131,0.7953897645532868,0.0,1.91,0.5089178200326924,0.4910821799673076,0.0,0.0,0.21,1151.553059203065,33.93454079847059,0.7843359984993709,0.15686719969987417,115.4247619047619,305.76903141361254,266.7951874082547,269.6768829504648,299.3432293988147,0.1374726108475597,30.4,nan,nan,0.0,10.0,4.37,0.22,44.0,6.0,0.236,0.005,1.11,30.26,0.59,261.11,0.154,3.18,0.0,0.0,2.0,0.8337337650969306,True
NGC4085,7,2.0,0.5,0.7,3702.813097789641,2.8309983056391377,1.74,0.015354773975096617,0.9846452260249033,0.0,2.71,0.012418883358031079,0.9875811166419689,0.0,0.0,0.87,7381.64130837625,85.91647867770332,20.24203457242026,3.3736724287367097,5164.965517241379,3702.81309778964,4964.132447063629,5106.689600532494,4514.662335610747,-0.6665233228820743,130.0,-0.4052051888939714,0.4052051888939714,0.16419124510659905,5.0,18.0,2.5,82.0,2.0,21.724,0.2,2.0,856.7,1.65,5021.46,1.349,10.16,131.5,4.8,2.0,2.7090111837971214,True
NGC4088,12,2.0,0.5,0.7,3702.813097789641,8.575898146295492,3.5,0.0,1.0,0.0,8.72,0.056745377446120224,0.9432546225538798,0.0,0.0,1.74,8780.67280167809,93.70524425920937,27.874165171182895,2.5340150155620815,5402.843218390805,3702.81309778964,5099.035390635573,nan,5241.988556270047,-0.47377591893905135,171.0,-1.6293417635296272,1.9553118417859998,11.469733195885675,4.0,18.0,2.5,69.0,2.0,107.286,0.494,6.1,457.96,2.58,3988.69,8.226,22.25,171.7,6.9,1.0,2.6710860854729006,True
NGC4100,24,2.0,0.5,0.7,3702.813097789641,6.11,3.5,0.00934289520264229,0.9906571047973578,0.0,6.11,0.018627639406415587,0.9813723605935845,0.0,0.0,2.61,21796.91890037901,147.63779631374553,196.60369293329322,8.547986649273618,3062.5671647509585,3232.1996072013108,2824.365158640236,nan,nan,0.3135906067313362,158.0,0.813454885933266,1.117667272632021,14.990161587752404,4.0,18.0,2.5,73.0,2.0,59.394,0.328,4.93,388.0,2.15,8970.78,3.102,18.06,158.2,5.0,1.0,2.8562305673150963,True
NGC4138,7,2.0,0.5,0.7,3702.813097789641,5.470074977628335,2.61,0.0024714082242095975,0.664338421723288,0.3331901700525024,5.24,0.01849809199563398,0.749510457240424,0.2319914507639421,0.3331901700525024,2.61,18659.28817220086,136.59900501907347,28.035475988482595,4.672579331413766,11253.67048659004,3702.8130977896462,10500.728355941008,nan,nan,-1.9771115829227381,150.0,1.05506708979368,1.2759721385754674,4.884314695262555,0.0,18.0,2.5,53.0,3.0,44.111,0.284,1.91,1909.11,1.51,3952.12,1.483,18.58,147.3,5.9,2.0,4.177870472985603,True
NGC4157,17,2.0,0.5,0.7,3702.813097789641,8.850531306103456,5.24,0.01539778698047232,0.9457607478827484,0.03884146513677926,8.72,0.02807661786522906,0.9508932558996561,0.02103012623511483,0.2918294965393529,1.74,17452.54151332617,132.10806755579378,32.47565555740254,2.0297284723376587,6878.931534482757,3702.81309778964,6325.3667023032185,nan,6963.458094995135,-0.845301641111724,185.0,-1.0870658178852552,1.2165947847556806,10.360720092063046,3.0,18.0,2.5,82.0,3.0,105.62,0.486,4.44,848.85,2.32,23813.87,8.226,24.09,184.7,7.2,1.0,2.6389240943365717,True
NGC4183,23,2.0,0.5,0.7,3702.813097789641,0.87,0.87,0.00808535234283757,0.9919146476571624,0.0,0.87,0.00808535234283757,0.9919146476571624,0.0,0.0,0.87,8535.275864399904,92.38655672986143,15.118456704677238,0.687202577485329,888.5089655172412,888.5089655172416,nan,847.6623263075121,691.6805311912186,-0.24703988679859593,110.0,-0.10102747349003337,0.6599045685656711,9.58042887150458,6.0,18.0,2.5,82.0,2.0,10.838,0.15,4.47,86.46,2.79,1098.58,3.506,16.07,110.6,5.4,1.0,4.143637347790385,True
NGC4214,14,2.0,0.5,0.7,3702.813097789641,0.21,0.21,0.05312652757757985,0.9468734724224201,0.0,0.21,0.05312652757757985,0.9468734724224201,0.0,0.0,0.21,7700.62667241955,87.75321459878009,58.31186591488356,4.485528147298735,2623.395714285714,2623.395714285715,nan,1885.2560047017607,816.0429451980528,-1.0305692145289669,80.4,-0.4908062144326063,1.7226651697133986,38.578478730267996,10.0,2.87,0.14,15.0,10.0,1.141,0.008,0.7,363.77,0.51,1308.67,0.486,5.84,80.1,5.8,2.0,0.743526685495501,True
NGC4217,19,2.0,0.5,0.7,3702.813097789641,8.419428300452806,4.37,0.0048341283812215275,0.05902319601015037,0.9361426756086281,8.72,0.02586645584577647,0.18948451089024018,0.7846490332639834,0.9843602996273886,0.87,13695.658347472161,117.02845101714438,531.7425292487555,29.541251624930865,19241.781011494255,3702.81309778964,11892.764111985309,19312.665651428433,19277.037169077466,-0.7656996577561327,178.0,nan,nan,0.0,3.0,18.0,2.5,86.0,2.0,85.299,0.393,5.28,483.98,2.94,4373.51,2.562,16.7,181.3,7.2,1.0,3.3161878898843775,True
NGC4389,6,2.0,0.5,0.7,3702.813097789641,2.046221581882143,0.87,0.003940960123439193,0.9960590398765607,0.0,1.74,0.009927516551506688,0.9900724834484933,0.0,0.0,0.87,4.299355507816561e-07,0.0006556947085204029,83.8421022533511,16.76842045067022,4323.148620689655,3702.81309778964,4239.959670341929,4251.586706313155,3740.48008950893,-0.5644560764708337,83.5,0.5779219103218787,1.7831960815192367,6.35957653029112,4.0,18.0,2.5,50.0,4.0,21.328,0.216,4.05,207.41,2.79,322.72,0.539,6.81,0.0,0.0,3.0,3.548792412209198,True
NGC4559,32,2.0,0.5,0.7,3702.813097789641,0.67,0.67,0.001981079760621247,0.9980189202393788,0.0,0.67,0.001981079760621247,0.9980189202393788,0.0,0.0,0.67,8389.15582148631,91.59233494941763,86.00739817058788,2.7744321990512217,2606.4483582089547,2606.448358208955,nan,2369.7767609898656,1992.2683066835407,-0.24645744324306634,121.0,0.22770343886396463,1.6921329885773322,85.8994215309496,6.0,9.0,2.7,67.0,1.0,19.377,0.107,3.82,211.27,2.1,1602.62,5.811,21.16,121.2,5.1,1.0,3.5937109796944338,True
NGC5005,18,2.0,0.5,0.7,3702.813097789641,11.216677619463578,5.74,0.07012014622007713,0.7297471260491044,0.20013272773081844,11.47,0.06614581103083503,0.7992928319041773,0.13456135706498756,0.848673966640449,0.49,39357.28272756189,198.3866999764901,18.10019401148607,1.0647172947932984,91981.70953061222,3702.8130977896462,9760.60366719595,66171.73625248378,29232.997797358552,-1.101837303318479,265.0,nan,nan,0.0,4.0,16.9,1.5,68.0,2.0,178.72,0.494,3.97,1789.91,9.45,96.57,1.28,10.41,262.2,20.7,1.0,4.821126978794236,True
NGC5033,22,2.0,0.5,0.7,3702.813097789641,7.837236698146114,3.8,0.0014904085890863495,0.584387811061579,0.4141217803493346,8.0,0.02121623296728735,0.6455055325100216,0.33327823452269106,0.9219396963585381,0.76,30570.85187169843,174.8452226161711,117.59128223271787,5.59958486822466,76821.30348684211,3702.81309778964,12086.6329126438,57838.641273981535,28241.666313951213,-1.5389692529971617,193.0,-0.2291187998524314,2.2546390875252733,66.08416639495836,5.0,15.7,4.7,66.0,1.0,110.509,0.407,2.94,2036.24,5.16,614.94,11.314,29.53,194.2,3.6,1.0,4.973444450120633,True
NGC5055,28,2.0,0.5,0.7,3702.813097789641,9.401879796346908,5.03,0.0018888101520553795,0.9981111898479447,0.0,8.62,0.022249872126915683,0.9777501278730844,0.0,0.0,0.72,19920.446850623703,141.13981313089408,1157.7467478487981,42.87950917958511,28197.132222222222,3702.81309778964,7941.467351045271,24019.39883638081,16751.000627314508,-0.7638990954317362,179.0,-2.5962214367949983,5.0852642762472025,336.17886587058774,4.0,9.9,0.3,55.0,6.0,152.922,0.282,4.18,1383.02,3.2,3348.34,11.722,35.06,179.0,4.9,1.0,2.817457892901396,True
NGC5371,19,2.0,0.5,0.7,3702.813097789641,8.634737441971406,4.33,0.0,1.0,0.0,8.66,0.0,1.0,0.0,0.0,1.45,16927.817470828173,130.1069462820036,471.4130267751962,26.189612598622013,20011.31379310345,3702.81309778964,6423.932566382638,nan,14036.925230508361,-0.8507056268273423,208.0,-0.020193989594691066,2.4236371628933275,64.61418807093378,4.0,39.7,9.92,53.0,2.0,340.393,1.881,9.8,560.83,7.44,1395.82,11.18,30.03,209.5,3.9,1.0,1.5091209374738406,True
NGC5585,24,2.0,0.5,0.7,3702.813097789641,0.43,0.26,0.0025332363578790076,0.997466763642121,0.0,0.43,0.0040828187014786506,0.9959171812985215,0.0,0.0,0.09,5753.043082219306,75.84881727633797,235.17254808419855,10.224893394965154,900.017777777778,1458.1809302325585,1292.8935875808238,1102.8127860678544,735.5796855776191,-0.16934708381709568,90.9,0.6984054965864113,2.768891572884237,145.66845030539747,7.0,7.06,2.12,51.0,2.0,2.943,0.033,2.27,90.54,1.53,297.05,1.683,10.92,90.3,2.4,1.0,0.9256980648551538,True
NGC5907,19,2.0,0.5,0.7,3702.813097789641,5.03,5.03,0.0,1.0,0.0,5.03,0.0,1.0,0.0,0.0,5.03,30410.755001713504,174.38679709689464,286.53076910543126,15.918376061412848,3179.6543240556657,3179.654324055663,nan,nan,nan,-0.8448440589427209,216.0,-0.07597424946824015,1.9817357329812242,66.76370076136871,5.0,17.3,0.9,88.0,2.0,175.425,0.646,7.88,449.6,5.34,8646.29,21.025,0.0,215.0,2.9,1.0,0.1051562609878134,True
NGC5985,33,2.0,0.5,0.7,3702.813097789641,4.113204619866816,3.54,0.005436774278320304,0.4431666580742094,0.5513965676474702,4.23,0.007813575573626273,0.5141980047921927,0.47798841963418104,0.5513965676474702,3.54,62425.15737993142,249.85026992167013,481.3924345636555,15.043513580114235,4426.483375706214,3702.81309778964,nan,nan,nan,-0.6923946000741446,291.0,0.37079980199586016,1.306313428150031,44.367824086692245,3.0,39.7,9.9,60.0,2.0,208.728,1.538,10.71,288.95,7.01,1461.61,11.586,39.5,293.6,8.6,1.0,-0.7060647065442008,True
NGC6015,44,2.0,0.5,0.7,3702.813097789641,1.0,0.34,0.005816614381403812,0.9941833856185961,0.0,1.0,0.007736638208979488,0.9922633617910205,0.0,0.0,0.34,16857.18957563162,129.83524011466076,817.9289964556255,19.021604568735476,2605.568676470588,3257.280400000002,2776.4305788542933,3257.280400000002,2450.888641446489,-0.1891048507234328,153.0,-0.1223216804587434,3.470534108017136,457.69506580659123,6.0,17.0,5.1,60.0,2.0,32.129,0.237,3.92,331.76,2.3,1926.77,5.834,21.43,154.1,7.0,2.0,-0.34025797773872296,True
NGC6195,23,2.0,0.5,0.7,3702.813097789641,13.434696292769518,6.34,0.0,0.25533838983144413,0.7446616101685558,13.32,0.0478925715607664,0.4761837254496153,0.4759237029896182,0.9652275768822269,1.33,23694.31279741945,153.92957089987436,98.11499606798465,4.459772548544756,30575.95804511278,3702.81309778964,8267.092505625995,nan,23731.695639777863,-0.9059689320025635,254.0,-1.878913553351622,2.1158109099816382,13.429967420391984,3.0,127.8,12.8,62.0,5.0,391.076,6.123,9.52,686.8,13.94,174.11,20.907,40.89,251.7,9.3,1.0,0.3361172040533127,True
NGC6503,31,2.0,0.5,0.7,3702.813097789641,2.6258281707257813,1.52,0.007596583332492203,0.9924034166675078,0.0,2.28,0.009201638028388276,0.9907983619716118,0.0,0.0,0.76,10445.66295611946,102.20402612480322,138.9400620471855,4.6313354015728505,3311.8168421052633,3702.81309778964,4603.862058258335,3907.334048832199,4666.773214473386,-1.1778321177950444,115.0,0.027240751462908396,1.8506018588427153,85.61818099880281,6.0,6.26,0.31,74.0,2.0,12.845,0.059,1.62,774.16,2.16,398.87,1.744,14.05,116.3,2.4,1.0,0.06746355562828371,True
NGC6674,15,2.0,0.5,0.7,3702.813097789641,8.344040503222162,2.5,0.0,0.26772824536503936,0.7322717546349606,7.49,0.0,0.7743389058073118,0.22566109419268815,0.7322717546349606,2.5,44811.73807106131,211.68783165562755,151.35644347857888,10.811174534184206,11259.531379999999,3702.81309778964,7028.949373966022,nan,nan,-1.291266538735767,242.0,-0.11994169200781783,2.57943056892197,79.84154471866943,3.0,51.2,10.2,54.0,6.0,214.654,1.977,7.75,560.83,6.04,1370.35,32.165,50.02,241.3,4.9,1.0,-0.31744928779493753,True
NGC6789,4,2.0,0.5,0.7,3702.813097789641,0.3,0.1,0.2126263146760974,0.7873736853239025,0.0,0.3,0.2857720992633978,0.7142279007366023,0.0,0.0,0.1,3647.4653342850415,60.39424918222795,4.413443868271599,1.471147956090533,368.722,695.1740000000002,465.9496133792566,nan,nan,-0.31737337393409093,46.7,0.31674959360547733,0.31674959360547733,0.10033030504923504,11.0,3.52,0.18,43.0,7.0,0.1,0.003,0.52,59.27,0.31,319.76,0.017,0.97,0.0,0.0,2.0,0.15062240245063974,True
NGC6946,58,2.0,0.5,0.7,3702.813097789641,6.196676874057913,2.99,0.0021747947297310537,0.7765969587067265,0.22122824656354245,6.17,0.027555697802471014,0.8850284474926234,0.08741585470490552,0.9922150726303381,0.19,14515.473237660584,120.48017777900473,613.1480774365042,10.756983814675513,201875.66226315784,3702.81309778964,6106.279624745883,17089.369248587194,8013.212207906718,-1.25445172557219,157.0,-0.11465102543562766,0.2668911318754385,1.6383101542963123,6.0,5.52,1.66,38.0,2.0,66.173,0.122,4.2,571.26,2.44,2232.7,5.67,21.25,158.9,10.9,1.0,-0.11292827702401129,True
NGC7331,36,2.0,0.5,0.7,3702.813097789641,12.135990745059608,5.88,0.0005396023481409013,0.9174869048600145,0.08197349279184456,11.74,0.024911732432621844,0.9099653291281394,0.06512293843923866,0.20550570881972807,2.67,27191.62614994803,164.8988361085306,389.2943597040012,11.12269599154289,23888.50761048689,3702.81309778964,11828.428463845124,nan,nan,-0.8910673524523071,238.0,-3.12292331758476,3.3551564678882215,135.08489908814602,3.0,14.7,1.5,75.0,2.0,250.631,0.693,3.99,2470.76,5.02,1806.47,11.067,27.01,239.0,5.4,1.0,-0.6618372839066521,True
NGC7793,46,2.0,0.5,0.7,3702.813097789641,0.11,0.11,0.0011383263154505637,0.9988616736845494,0.0,0.11,0.0011383263154505637,0.9988616736845494,0.0,0.0,0.11,7626.300641697564,87.32869311799853,64.77022594669046,1.439338354370899,3374.1722727272727,3374.1722727272736,nan,2374.5540104537395,2087.1088689657863,-0.10497415741653186,101.0,-0.6350445694101248,1.2226954614538534,62.789336041313774,7.0,3.61,0.18,47.0,9.0,7.05,0.026,2.19,233.79,1.21,1068.64,0.861,7.35,0.0,0.0,1.0,0.09981358370573967,True
NGC7814,18,2.0,0.5,0.7,3702.813097789641,7.350764892646532,3.91,0.000600569271110534,0.1659437769550617,0.8334556537738278,7.26,6.9288613812898e-05,0.24428155592675996,0.755649155459427,0.9906411803882766,0.63,31882.560113101114,178.55688200991054,168.91676482868442,9.93628028404026,133669.71115873018,3702.81309778964,11991.713604316279,75236.27371289629,30444.39652015689,-1.5720818234555005,214.0,-0.5149180627178993,0.7769465371069355,3.0182296076122936,2.0,14.4,0.66,90.0,1.0,74.529,0.343,2.08,2709.13,2.54,2635.3,1.07,12.15,218.9,7.0,1.0,-0.6048932547267283,True
PGC51017,6,2.0,0.5,0.7,3702.813097789641,0.99,0.33,0.30340557275541796,0.6965944272445821,0.0,0.99,0.3718780014426852,0.6281219985573149,0.0,0.0,0.33,38.511488745732365,6.205762543453654,8.778580393473181,1.7557160786946362,253.7018181818182,316.8194444444444,275.3813478665951,314.3971488314631,169.31879794278544,-1.0408633845567932,18.8,0.047539905675387684,0.10686658218382626,0.03426139916295748,11.0,13.6,1.4,66.0,3.0,0.155,0.014,1.28,15.03,0.53,93.94,0.201,4.29,18.6,1.3,3.0,2.4895890748077223,True
UGC00128,22,2.0,0.5,0.7,3702.813097789641,1.25,1.25,0.0067204606897521765,0.9932795393102478,0.0,1.25,0.0067204606897521765,0.9932795393102478,0.0,0.0,1.25,13284.79124345088,115.25966876340952,565.8251820628616,26.944056288707696,348.08327999999995,348.08328,nan,nan,338.88363096577655,-0.6785859918583873,132.0,0.27214178407258993,5.18849066388685,565.3291427540609,8.0,64.5,9.7,57.0,10.0,12.02,0.565,9.63,20.36,5.95,88.89,7.431,31.27,129.3,2.8,1.0,-0.5261506318471949,True
UGC00191,9,2.0,0.5,0.7,3702.813097789641,0.87,0.62,0.01359963901449629,0.9864003609855037,0.0,0.87,0.021196464617248844,0.9788035353827512,0.0,0.0,0.62,5123.061096065383,71.5755621428528,312.335923932467,39.04199049155837,388.54209677419357,471.91235632183896,nan,470.74901043619906,398.78967430691324,-0.2218665757865569,76.65,-0.2792605527887711,2.105660368916076,17.735222356895143,9.0,17.1,5.1,45.0,5.0,2.004,0.063,2.5,50.21,1.58,207.41,1.343,10.03,0.0,0.0,1.0,-0.4786621889199005,True
UGC00634,4,2.0,0.5,0.7,3702.813097789641,4.51,4.51,0.2827203350859207,0.7172796649140794,0.0,4.51,0.2827203350859207,0.7172796649140794,0.0,0.0,4.51,9400.60772846931,96.95673121794746,70.05382528101664,23.351275093672214,293.95247228381373,293.95247228381373,nan,nan,nan,-1.1519427058209926,107.5,-0.8285694594992175,0.8309323254905013,1.3808970590901049,9.0,30.9,7.7,37.0,8.0,2.989,0.146,4.26,26.11,2.45,126.13,3.663,16.78,0.0,0.0,2.0,0.16097517832136654,True
UGC00731,12,2.0,0.5,0.7,3702.813097789641,8.19,3.64,0.6775025596461501,0.3224974403538499,0.0,8.19,0.9122084498355703,0.08779155016442973,0.0,0.0,0.91,8093.54442331986,89.96412853643312,1211.4620436874663,110.13291306249694,34.30351648351649,151.29250915750913,79.79909906031331,36.43414537190229,52.410135385746145,0.482705054032086,73.8,nan,nan,0.0,10.0,12.5,3.75,57.0,3.0,0.323,0.019,1.4,25.63,2.3,82.57,1.807,11.57,73.3,2.3,1.0,-0.7803554915432293,True
UGC00891,5,2.0,0.5,0.7,3702.813097789641,1.48,1.48,0.35328776525681976,0.6467122347431802,0.0,1.48,0.35328776525681976,0.6467122347431802,0.0,0.0,1.48,3182.8682230960794,56.41691433511832,20.28717259864272,5.07179314966068,179.95054054054054,179.95054054054057,nan,nan,179.58099327169896,-0.9089008792756624,54.15,-0.40534352289903386,1.7835198574028388,12.72377232700097,9.0,10.2,3.1,60.0,5.0,0.374,0.017,1.76,19.09,1.43,113.98,0.428,6.23,0.0,0.0,2.0,-0.4422434211244362,True
UGC01230,11,2.0,0.5,0.7,3702.813097789641,2.35,0.78,0.036471153529245445,0.9635288464707545,0.0,2.35,0.07240029796599427,0.9275997020340057,0.0,0.0,0.78,9399.00928495635,96.94848779097254,2.8310458952598667,0.28310458952598666,295.6323076923076,381.82280851063814,325.1100079803936,313.1722570886682,367.80261392759763,-0.36547621551012566,105.0,0.07341628767970683,0.4580526784390667,1.6784980498016246,9.0,53.7,10.7,22.0,10.0,7.62,0.379,6.45,28.63,4.34,69.32,6.43,26.29,103.7,6.1,1.0,-0.8189525558883827,True
UGC01281,25,2.0,0.5,0.7,3702.813097789641,0.08,0.08,0.9681731381285805,0.03182686187141948,0.0,0.08,0.9681731381285805,0.03182686187141948,0.0,0.0,0.08,2876.882186955294,53.63657508599234,3.3345260529075498,0.13893858553781457,441.84374999999994,441.8437500000001,nan,123.26655,152.0872265480732,-0.1919545854746752,55.7,0.03960631343979889,0.2921845617811529,2.048923635437865,8.0,5.27,0.24,90.0,1.0,0.353,0.009,2.01,13.83,1.63,135.78,0.294,5.26,55.2,3.5,1.0,-0.2489667803307692,True
UGC02023,5,2.0,0.5,0.7,3702.813097789641,1.51,0.76,0.002179636660270517,0.9978203633397295,0.0,1.51,0.17868890563448014,0.82131109436552,0.0,0.0,0.76,2084.2471478215994,45.65355569746566,0.36775174790421233,0.09193793697605308,203.07585526315788,372.10105960264883,nan,258.6959985859795,361.0423441472996,-0.34012160437324107,37.6,-0.11482868235433283,0.24095350626381942,0.11611718436165694,10.0,10.4,3.1,19.0,10.0,1.308,0.033,2.73,27.59,1.55,121.57,0.477,6.5,0.0,0.0,2.0,-0.6067490425546382,True
UGC02259,8,2.0,0.5,0.7,3702.813097789641,2.04,1.02,0.0515007188592948,0.9484992811407053,0.0,2.04,0.08920795100093551,0.9107920489990645,0.0,0.0,1.02,7939.877107846856,89.10598805830536,407.57411085765546,58.224872979665065,312.24578431372544,349.9226470588236,312.2457843137253,nan,348.7856261427212,-0.44075612297288397,86.0,3.22540244550506,3.405384222699406,46.38656681684016,8.0,10.5,3.1,41.0,3.0,1.725,0.038,2.4,47.08,1.62,172.52,0.494,7.28,86.2,2.9,2.0,-0.6188138349252332,True
UGC02455,8,2.0,0.5,0.7,3702.813097789641,1.0,0.5,0.005181704822011084,0.9948182951779889,0.0,1.0,0.017757803412718622,0.9822421965872814,0.0,0.0,0.5,3.461409155190849e-07,0.0005883374163854318,188.10450511520688,26.87207215931527,1702.1425,2122.9877999999994,1702.1425,2122.9877999999994,1574.1381903888205,-0.6471036825763506,43.8,2.796852277954364,4.007235646147393,80.28968761877155,10.0,6.92,2.08,51.0,5.0,3.649,0.034,1.49,254.0,0.99,795.85,0.803,7.11,0.0,0.0,3.0,-0.3190870540115064,True
UGC02487,17,2.0,0.5,0.7,3702.813097789641,15.538900070042814,9.93,0.002782810807782854,0.5184547294793623,0.4787624597128548,15.07,0.0024149772877906247,0.6378243770414809,0.35976064567072846,0.4787624597128548,9.93,90732.07196842098,301.2176488329012,487.95706255236627,30.49731640952289,6362.885647532728,3702.8130977896462,nan,nan,nan,-1.3015207893370166,330.0,-0.10167343611820598,3.454723601468149,119.35115162541058,0.0,69.1,10.4,36.0,5.0,489.955,4.061,9.63,818.14,7.89,1150.35,17.963,40.2,332.0,3.5,1.0,0.10081716060768028,True
UGC02885,19,2.0,0.5,0.7,3702.813097789641,11.35949034336855,6.82,0.0,0.5311160806008218,0.46888391939917823,13.67,0.0,0.7361936946203861,0.26380630537961397,0.9207044102983483,1.7,56613.41899226826,237.93574551182564,112.70606341039726,6.261447967244292,31606.00115882352,3702.81309778964,8307.080630987144,nan,26514.903387417995,-1.1882123295800358,298.0,-0.10911345313292072,1.4254756327141282,28.447730912464422,5.0,80.6,8.06,64.0,4.0,403.525,4.088,12.2,421.53,11.4,470.79,40.075,74.24,289.5,12.0,1.0,1.4682057123358976,True
UGC02916,43,2.0,0.5,0.7,3702.813097789641,8.568995388813224,4.44,0.0005356868519856497,0.06987474106255345,0.9295895720854609,8.51,0.024441787137204494,0.1791486866087658,0.7964095262540296,0.9935340855595668,0.37,29318.25534810473,171.22574382406614,1436.783070000028,34.20912071428638,29085.746135135134,3702.8130977896462,11711.476723315114,31701.642234290382,25259.660237216274,-0.329209490098374,185.0,1.7943781174337594,1.9687325362189785,27.13135459417048,2.0,65.4,9.8,50.0,5.0,124.153,1.83,2.8,2425.66,6.15,520.99,23.273,34.24,182.7,6.9,2.0,-0.8185986202035137,True
UGC02953,115,2.0,0.5,0.7,3702.813097789641,13.555926085646986,6.79,0.0013109788372979536,0.7774322145422522,0.22125680662044994,13.22,0.010180078708157228,0.8549404165753206,0.13487950471652202,0.9839462414112006,0.17,53797.755468831034,231.94343161389813,31548.401269991213,276.7403620174668,51219.852999999996,3702.81309778964,8932.923861784102,53207.01978983536,29734.95601020141,-0.1479176321861288,266.0,0.2478073254186949,1.64864321650322,73.38666029369627,2.0,16.5,4.95,50.0,4.0,259.518,0.717,5.03,1544.65,3.55,4215.31,7.678,24.0,264.9,6.0,2.0,-0.7774401241650912,True
UGC03205,48,2.0,0.5,0.7,3702.813097789641,8.079816209936762,4.15,0.0024810902903456456,0.4815498358857598,0.5159690738238945,8.02,6.730864769585382e-05,0.7820229329194923,0.2179097584328117,0.9838251720090531,0.28,30799.787646110075,175.4986827475069,1557.0213792679583,33.12811445250975,21256.143464285706,3702.81309778964,5979.46161793639,20191.864457761752,11830.992275138427,-0.7223756138912887,212.0,-0.5845180257098226,1.783722278038838,38.17998198206474,2.0,50.0,10.0,67.0,4.0,113.642,1.361,5.35,587.26,3.19,3915.89,9.677,28.6,219.6,8.6,1.0,-0.39015421039280834,True
UGC03546,30,2.0,0.5,0.7,3702.813097789641,7.570305589508195,4.17,0.00019394491829880035,0.5305194893332802,0.469286565748421,6.96,0.0011813229833320853,0.5950576012645363,0.4037610757521316,0.9686729810220835,0.63,20914.75350960222,144.61934002616047,95.47451237863125,3.292224564780388,173804.03749206345,3702.81309778964,11754.301264014428,86254.19952591663,28925.582687098286,-1.6089612707876813,192.0,-1.6876007946018676,1.866768662498393,27.87860191428831,1.0,28.7,7.2,55.0,5.0,101.336,0.747,2.58,2403.42,3.79,922.21,2.675,18.37,196.9,7.4,1.0,-0.39874843338705085,True
UGC03580,47,2.0,0.5,0.7,3702.813097789641,2.2411314767267445,1.14,0.00017187484678293563,0.24025194953592527,0.7595761756172917,2.29,0.005844954096959602,0.47828055050475543,0.515874495398285,0.9620678777292995,0.11,8861.118749114408,94.1335155463473,2051.0277510865144,44.587559806228576,12893.21,3702.81309778964,8350.153260143306,9131.300706140863,4287.090113284825,-0.4089483327360192,127.0,-1.0629671253936988,6.67170669188844,845.7217334691909,1.0,20.7,5.2,63.0,4.0,13.266,0.195,1.84,614.94,2.43,302.57,4.37,19.97,126.2,3.2,2.0,-0.49077429247163046,True
UGC04278,25,2.0,0.5,0.7,3702.813097789641,1.25,0.69,0.08414134875156105,0.915858651248439,0.0,1.25,0.06423641867195003,0.9357635813280499,0.0,0.0,0.14,5264.850349481743,72.55928851278617,31.63512336997345,1.3181301404155603,73.37214285714285,334.1705600000001,222.97827024588997,315.3261503686602,280.62759396265517,0.602814318833144,90.2,0.10355906106863043,1.1865388559775893,22.5259913079137,7.0,9.51,2.85,90.0,3.0,1.307,0.026,2.46,34.11,2.21,377.42,1.116,8.9,91.4,4.8,1.0,0.5999961597077212,True
UGC04305,22,2.0,0.5,0.7,3702.813097789641,1.26,0.75,0.08948496431648954,0.9105150356835104,0.0,1.26,0.07786175647763866,0.9221382435223613,0.0,0.0,0.25,210.56628523796354,14.510902288898631,55.27485541671959,2.6321359722247424,87.5314,386.782380952381,222.22067161684626,330.7945500000001,260.23331362206807,0.6205208790434296,35.1,0.45272647091315704,0.7848758665670142,7.392361511031858,10.0,3.45,0.17,40.0,10.0,0.736,0.007,1.23,76.71,1.16,88.07,0.69,7.41,34.5,2.7,3.0,0.2915989862783213,True
UGC04325,8,2.0,0.5,0.7,3702.813097789641,2.79,1.4,0.08069490868922778,0.9193050913107722,0.0,2.79,0.2714857961459218,0.7285142038540783,0.0,0.0,0.7,10425.401273900678,102.1048543111476,454.46040521671296,64.92291503095899,325.8676428571428,537.6393010752688,402.8612001403662,363.65257617964227,484.9020518460615,0.15442713240247363,91.5,6.384172831998122,6.384172831998122,40.75766274882292,9.0,9.6,2.88,41.0,3.0,2.026,0.035,2.79,41.0,1.86,213.22,0.678,6.61,90.9,2.7,1.0,0.5476000409013365,True
UGC04483,8,2.0,0.5,0.7,3702.813097789641,0.4,0.24,0.3333333333333333,0.6666666666666666,0.0,0.4,0.5170593265440419,0.48294067345595804,0.0,0.0,0.08,570.5032357403461,23.88520956031883,31.10481773277956,4.443545390397079,122.56187500000001,256.2491250000001,221.10264465999165,170.4591236707189,nan,-0.2164472090349905,22.9,0.715579736373682,1.5305230490084394,7.027502410638269,10.0,3.34,0.31,58.0,3.0,0.013,0.001,0.26,29.71,0.18,82.57,0.032,1.46,0.0,0.0,2.0,0.315354867060011,True
UGC04499,9,2.0,0.5,0.7,3702.813097789641,0.91,0.91,0.022863048455223266,0.9771369515447768,0.0,0.91,0.022863048455223266,0.9771369515447768,0.0,0.0,0.91,3999.399058719258,63.24080216694961,11.570976369409669,1.4463720461762086,510.8103296703297,510.81032967032957,nan,487.68781438526963,356.248525224757,-0.2738814793374187,72.8,-0.28439628510260323,1.1400818174896061,10.398292404563227,8.0,12.5,3.75,50.0,3.0,1.552,0.043,2.69,33.79,1.73,127.3,1.1,8.67,72.8,2.4,1.0,0.6541736946839634,True
UGC05005,11,2.0,0.5,0.7,3702.813097789641,3.91,2.34,0.12797401748530052,0.8720259825146995,0.0,3.91,0.14639749156712026,0.8536025084328798,0.0,0.0,0.78,5747.24567910634,75.81059081095688,11.973456428554886,1.1973456428554887,171.86192307692303,238.73639386189254,206.6619993331854,180.64830807949724,207.6079468566492,-0.22072447566008066,99.1,-0.6112137903855741,1.0405081096252649,6.495942757175652,10.0,53.7,10.7,41.0,10.0,4.1,0.283,5.02,25.63,3.2,65.59,3.093,21.61,98.9,7.2,1.0,0.9818425515343884,True
UGC05253,73,2.0,0.5,0.7,3702.813097789641,10.027194593845524,4.99,0.0022443487257603092,0.2405237565260691,0.7572318947481707,10.0,0.015043749623600312,0.4531269668102803,0.5318292835661194,0.9974684769679931,0.13,35593.103752041105,188.66134673546964,1698.275555524168,23.587160493391224,121445.134,3702.8130977896462,10212.144331642668,56495.40203871533,27450.03971048438,-0.5660452766824104,212.0,0.025186840511237672,1.4684234221931236,23.718940815299014,2.0,22.9,5.72,37.0,4.0,171.582,0.79,4.28,1488.78,8.07,189.16,16.396,36.64,213.7,7.1,2.0,0.1491321391568137,True
UGC05414,6,2.0,0.5,0.7,3702.813097789641,1.37,0.68,0.005770524688588023,0.9942294753114119,0.0,1.37,0.22649707419834453,0.7735029258016554,0.0,0.0,0.68,2970.1347288738016,54.49894245647159,16.645969852417494,3.329193970483499,270.3648529411765,400.6513138686132,271.4793184910095,335.73552802172236,392.10962356545986,-0.3442695811863811,51.8,0.4405266650831426,0.7473820931526723,1.6757399794958094,10.0,9.4,2.82,55.0,3.0,1.123,0.028,2.33,32.87,1.47,127.3,0.574,6.65,0.0,0.0,1.0,2.1050329633928366,True
UGC05716,12,2.0,0.5,0.7,3702.813097789641,1.03,1.03,0.05374136295922192,0.9462586370407782,0.0,1.03,0.05374136295922192,0.9462586370407782,0.0,0.0,1.03,4146.09072447755,64.39014462227546,179.44199035906777,16.312908214460705,240.67990291262134,240.67990291262126,nan,nan,212.06641049656326,-0.5631784809071542,73.15,-1.3013864164931752,3.6457808131610907,146.20889511374895,9.0,21.3,5.3,54.0,10.0,0.588,0.042,1.84,27.59,1.14,90.54,1.094,10.64,73.1,1.2,2.0,4.89153469473568,True
UGC05721,23,2.0,0.5,0.7,3702.813097789641,0.27,0.09,0.010822558048119572,0.9891774419518804,0.0,0.27,0.025292136770465542,0.9747078632295345,0.0,0.0,0.09,7569.708478243185,87.00407161876497,250.22409040298314,11.373822291044688,1553.2372222222223,1972.3448148148136,1696.3950708776113,1095.9936269325501,541.5123902610745,-0.4418761342361174,78.6,-1.353836310461477,3.4132871963467477,233.01058969489284,7.0,6.18,1.85,61.0,5.0,0.531,0.011,0.6,233.79,0.38,913.76,0.562,6.74,79.7,6.6,1.0,1.6894434173423407,True
UGC05750,11,2.0,0.5,0.7,3702.813097789641,9.43,4.82,0.31919238660053023,0.6808076133994698,0.0,9.43,0.3244428991906661,0.675557100809334,0.0,0.0,0.31,9826.929442158536,99.13087027842808,107.34956664024143,10.734956664024143,29.681451612903224,142.63526511134685,109.40960522930197,79.2563729429954,112.17950781698354,-0.007689959540623504,73.4,2.5955329503848334,2.5955329503848334,6.736791296533398,8.0,58.7,11.7,64.0,10.0,3.336,0.264,8.8,6.87,3.46,124.98,1.099,16.79,0.0,0.0,1.0,1.594956255745529,True
UGC05764,10,2.0,0.5,0.7,3702.813097789641,2.17,1.09,0.5745243073978132,0.42547569260218665,0.0,2.17,0.8391445282195098,0.16085547178049026,0.0,0.0,0.36,6227.275618584192,78.9130890194028,2691.5645931805298,299.0627325756144,61.058194444444446,187.14011520737324,140.85859624878597,136.67793508348186,183.16305915147151,0.4058577859109686,54.05,nan,nan,0.0,10.0,7.47,2.24,60.0,10.0,0.085,0.006,1.2,9.31,1.17,33.79,0.163,3.51,0.0,0.0,2.0,2.127059128885705,True
UGC05829,11,2.0,0.5,0.7,3702.813097789641,6.29,3.14,0.3757717966579899,0.6242282033420102,0.0,6.29,0.8450237562250551,0.1549762437749449,0.0,0.0,0.63,5079.625553013311,71.27149186745926,88.96722376115407,8.896722376115408,52.36952380952381,213.66837042925292,105.99331731695747,68.67828966476506,80.89617931669015,0.45692836518930335,60.7,nan,nan,0.0,10.0,8.64,2.59,34.0,10.0,0.564,0.019,2.91,10.59,1.99,63.22,1.023,7.87,0.0,0.0,2.0,2.6285342901596866,True
UGC05918,8,2.0,0.5,0.7,3702.813097789641,2.79,1.67,0.1180670452682258,0.8819329547317741,0.0,2.79,0.5364601474444162,0.46353985255558383,0.0,0.0,0.56,2445.0814316982114,49.447764678478755,48.27330472534494,6.896186389334992,65.38714285714285,100.58829749103947,66.23824097538592,68.28154579423675,80.81436917290462,0.34188711131979516,41.2,nan,nan,0.0,10.0,7.66,2.3,46.0,5.0,0.233,0.011,2.63,5.36,1.66,24.94,0.297,5.9,0.0,0.0,2.0,0.6777123341922611,True
UGC05986,15,2.0,0.5,0.7,3702.813097789641,2.51,1.26,0.07175140420310563,0.9282485957968943,0.0,2.51,0.03538345731024404,0.9646165426897559,0.0,0.0,0.63,12682.53981513546,112.61678300828638,176.63224353225095,12.616588823732211,843.5391269841272,887.8752390438243,806.9117176987914,818.8041298835788,793.7813422884336,-0.033860606263494346,112.0,1.6466802599892405,1.954494657536803,30.56039493071924,9.0,8.63,2.59,90.0,3.0,4.695,0.048,3.12,76.71,1.67,1725.16,2.667,16.53,113.0,4.1,2.0,2.6009480535269454,True
UGC05999,5,2.0,0.5,0.7,3702.813097789641,3.48,3.48,0.1903768261500855,0.8096231738499146,0.0,3.48,0.1903768261500855,0.8096231738499146,0.0,0.0,3.48,7092.219893972859,84.21531864199564,10.632268732257558,2.6580671830643894,266.19679597701145,266.1967959770115,nan,nan,nan,-0.25892399939612853,91.2,-0.05301500991571304,0.4701697400290689,0.6631787533170066,10.0,47.7,9.5,22.0,10.0,3.384,0.231,4.83,22.95,3.22,51.62,2.022,15.26,0.0,0.0,2.0,-0.3332821769788623,True
UGC06399,9,2.0,0.5,0.7,3702.813097789641,1.74,0.87,0.03616263779453484,0.9638373622054652,0.0,1.74,0.058541680481322834,0.9414583195186772,0.0,0.0,0.87,6424.913580713304,80.1555586388948,8.624473142399882,1.0780591427999853,247.41672413793106,324.5796264367815,247.4167241379311,261.28536966805007,314.27456225599997,-0.14185051614195068,84.1,0.17015690116702406,0.45086675149744826,1.2196849656351705,9.0,18.0,2.5,75.0,2.0,2.296,0.072,3.45,30.82,2.05,311.05,0.674,8.8,85.0,3.8,1.0,2.6960902332119314,True
UGC06446,17,2.0,0.5,0.7,3702.813097789641,0.58,0.58,0.0,1.0,0.0,0.58,0.0,1.0,0.0,0.0,0.58,5996.251914689166,77.43546935797036,51.28196080524676,3.2051225503279226,392.95043103448285,392.95043103448296,nan,381.2122825753193,267.6464024634538,-0.4618847887855897,83.2,-0.3946657960542338,1.670835234043379,44.66704606913269,7.0,12.0,3.6,51.0,3.0,0.988,0.032,2.06,37.05,1.49,86.46,1.379,10.33,82.2,4.3,1.0,2.15600372207755,True
UGC06614,13,2.0,0.5,0.7,3702.813097789641,7.614675224534054,3.23,0.0014443081634145547,0.015690286136233144,0.9828654057003523,9.18,0.00954604549945599,0.13632029307980423,0.8541336614207399,0.9828654057003523,3.23,15720.315011900584,125.38068037740338,87.20165955436158,7.266804962863465,13616.147724458204,3702.81309778964,10607.489069537687,nan,nan,-1.3624504487906808,202.0,-1.987015322932115,2.684234478638524,50.43580315418281,1.0,88.7,8.87,36.0,10.0,124.35,2.52,3.68,1461.61,5.1,540.54,21.888,60.63,199.8,16.0,1.0,0.05197864213419234,True
UGC06628,7,2.0,0.5,0.7,3702.813097789641,1.1,1.1,0.021129016060012114,0.9788709839399878,0.0,1.1,0.021129016060012114,0.9788709839399878,0.0,0.0,1.1,343.12210837487567,18.523555500358878,3.4908743669183715,0.5818123944863952,392.41168181818176,392.41168181818165,nan,nan,327.8648580364962,-0.16237270180776103,42.3,-0.14268133024067745,0.7003057045186012,2.942568478687766,9.0,15.1,4.53,20.0,10.0,3.739,0.076,4.14,34.74,2.82,103.0,1.5,10.47,41.8,6.4,2.0,3.94418234802167,True
UGC06667,9,2.0,0.5,0.7,3702.813097789641,5.24,2.61,0.42154245467316476,0.5784575453268351,0.0,5.24,0.7147767824547475,0.2852232175452524,0.0,0.0,0.87,10223.543374724937,101.11153927581627,451.2678041180732,56.40847551475915,27.520919540229887,134.0855534351145,68.46526434230704,28.802389240428575,43.57069661109114,1.2414114781088204,84.0,nan,nan,0.0,6.0,18.0,2.5,89.0,1.0,1.397,0.066,3.5,18.06,5.15,614.94,0.809,8.59,83.8,3.1,1.0,2.5641570067500328,True
UGC06786,45,2.0,0.5,0.7,3702.813097789641,6.518359994462281,3.72,0.001048951793046287,0.34282961996628614,0.6561214282406675,6.48,0.007785880020458476,0.6290892338310123,0.36312488614852917,0.9966046098303882,0.16,41000.2876066585,202.4852775059424,2597.1062865997455,59.025142877266944,62678.45574999999,3702.81309778964,7406.064210773117,30511.71362576075,13827.278879661504,-0.8766351384070591,218.0,0.7208411012078983,1.9515859121041326,38.0868757232332,0.0,29.3,7.32,64.0,3.0,73.407,0.676,3.42,992.73,3.6,1078.52,5.03,20.31,219.4,7.8,1.0,2.021758856981043,True
UGC06787,71,2.0,0.5,0.7,3702.813097789641,7.8751614497822295,3.9,0.0007090823610248467,0.16976756651913907,0.829523351119836,7.56,0.0073740020295613206,0.35630109633192136,0.6363249016385173,0.9986640376821779,0.12,45551.73564911775,213.42852585612297,6663.994339093407,95.19991912990581,187281.35516666665,3702.81309778964,11197.334353320122,71189.96049197068,32082.414578390413,-0.7205817262538664,249.0,0.31058495994454516,8.017392544748887,1092.7359146821154,2.0,21.3,5.32,66.0,3.0,98.256,0.543,2.88,1891.6,5.37,429.37,5.03,26.44,248.1,4.8,2.0,1.417821963870932,True
UGC06818,8,2.0,0.5,0.7,3702.813097789641,0.87,0.87,0.02536258616623394,0.9746374138337661,0.0,0.87,0.02536258616623394,0.9746374138337661,0.0,0.0,0.87,3169.9373407581616,56.30219658910442,17.602615543153178,2.514659363307597,443.9927586206897,443.99275862068987,nan,443.25557699775976,402.45839827009036,-0.7099064950332302,68.1,0.21843366366988937,1.5651113208097884,17.147014125688724,9.0,18.0,2.5,75.0,3.0,1.588,0.057,2.12,56.08,1.39,286.31,1.079,6.96,71.2,4.0,2.0,3.7589114734692037,True
UGC06917,11,2.0,0.5,0.7,3702.813097789641,1.74,1.74,0.0,1.0,0.0,1.74,0.0,1.0,0.0,0.0,1.74,8552.721275148684,92.48092384458907,44.959593063015205,4.49595930630152,909.2133620689655,909.2133620689655,nan,nan,818.2375272687892,-0.5564222197891859,105.0,-0.028759557147250845,0.8308348209275261,6.21257849699107,9.0,18.0,2.5,56.0,2.0,6.832,0.12,4.52,53.07,2.76,261.11,2.023,12.67,108.7,3.5,1.0,2.748911778094266,True
UGC06923,6,2.0,0.5,0.7,3702.813097789641,0.93,0.93,0.06268317523329028,0.9373168247667097,0.0,0.93,0.06268317523329028,0.9373168247667097,0.0,0.0,0.93,4913.171963957116,70.09402231258466,2.4090723435425656,0.48181446870851313,1470.9165591397848,1470.9165591397843,nan,1404.995157716278,906.1703545308507,-0.748449159085008,78.4,-0.040678530300920716,0.6603751268499598,2.1804765408105027,10.0,18.0,2.5,65.0,2.0,2.89,0.077,1.66,166.28,1.44,347.4,0.809,6.75,79.6,2.5,2.0,2.22109649745314,True
UGC06930,10,2.0,0.5,0.7,3702.813097789641,1.74,1.74,0.0,1.0,0.0,1.74,0.0,1.0,0.0,0.0,1.74,8051.326007072872,89.72918146886704,8.511220779309012,0.9456911977010013,795.6506896551724,795.6506896551725,nan,nan,731.3514097282726,-0.4102698910733396,108.0,-0.11883557598155774,0.6724557463406202,4.0697705770786845,7.0,18.0,2.5,32.0,5.0,8.932,0.14,4.38,73.93,3.94,189.16,3.237,16.76,107.2,5.1,1.0,2.9761095672067492,True
UGC06973,9,2.0,0.5,0.7,3702.813097789641,6.098009734873059,2.61,0.004792838586405769,0.8222621242795065,0.1729450371340878,6.28,0.05013581194533326,0.7900764559639047,0.15978773209076202,0.18798508072080816,1.74,13653.209638652363,116.84694963349433,542.3948766821051,67.79935958526313,38766.00029885057,3702.81309778964,14083.682091950894,nan,30186.537740929274,-1.917703185071319,177.0,nan,nan,0.0,2.0,18.0,2.5,71.0,3.0,53.87,0.347,1.61,3317.65,1.07,12730.05,1.753,11.57,174.2,6.2,3.0,4.489331892773496,True
UGC06983,17,2.0,0.5,0.7,3702.813097789641,1.74,1.74,0.0,1.0,0.0,1.74,0.0,1.0,0.0,0.0,1.74,9454.197876157452,97.23269962393029,39.7072302041536,2.4817018877596,951.0634770114943,951.0634770114946,nan,nan,882.3263503955654,-1.0177634191229845,108.0,0.03323702282447879,0.7711181669532802,8.919348411080803,6.0,18.0,2.5,49.0,1.0,5.298,0.102,3.95,53.56,3.21,121.57,2.967,16.07,109.0,5.8,1.0,2.2946378956156654,True
UGC07089,12,2.0,0.5,0.7,3702.813097789641,2.61,0.87,0.0812502507723789,0.9187497492276211,0.0,2.61,0.13975292632621839,0.8602470736737816,0.0,0.0,0.87,3631.067667764866,60.258341063830045,7.03665291176935,0.639695719251759,232.04172413793108,399.40465517241387,298.1900371844867,252.91724423625993,370.5321260768145,-0.14466910196061716,73.7,-0.05216152362498309,0.5160114921759533,1.863875020403578,8.0,18.0,2.5,80.0,3.0,3.585,0.089,3.9,37.4,2.26,520.99,1.214,9.29,0.0,0.0,2.0,4.339120056740037,True
UGC07125,13,2.0,0.5,0.7,3702.813097789641,2.88,1.44,0.1784792646735772,0.8215207353264228,0.0,2.88,0.272594599267023,0.727405400732977,0.0,0.0,1.44,2389.4280012850313,48.88177575830313,8.105531746155197,0.6754609788462664,321.4974305555556,330.9941666666667,321.49743055555564,nan,325.9637755765498,-0.8513674265340686,65.4,0.03870615490863126,0.6367402799041709,4.054381840524419,9.0,19.8,5.9,90.0,3.0,2.712,0.08,3.92,28.11,3.38,103.0,4.629,23.04,65.2,2.1,1.0,5.2806237182554465,True
UGC07151,11,2.0,0.5,0.7,3702.813097789641,1.0,0.5,0.000845765231374996,0.999154234768625,0.0,1.0,0.03656051230348493,0.9634394876965151,0.0,0.0,0.5,5218.871308827678,72.2417559921385,129.57315598667066,12.957315598667066,615.0643,794.6305499999997,615.0642999999998,794.6305499999997,643.5396,-0.3967395503420609,72.5,0.19398543006272662,2.8755011770139305,66.148056152068,6.0,6.87,0.34,90.0,3.0,2.284,0.025,2.17,76.71,1.25,965.67,0.616,6.39,73.5,2.8,1.0,1.6465512388641308,True
UGC07232,4,2.0,0.5,0.7,3702.813097789641,0.41,0.21,0.08868049611751,0.91131950388249,0.0,0.41,0.13030550088224274,0.8696944991177573,0.0,0.0,0.21,1489.361462150704,38.592246140263775,2.2183601765500116,0.7394533921833372,631.7435714285715,883.419268292683,nan,nan,nan,-0.6531229064951436,35.2,0.04015771514597139,0.04015771514597139,0.00161264208574498,10.0,2.83,0.17,59.0,5.0,0.113,0.002,0.46,83.34,0.29,227.42,0.046,1.54,0.0,0.0,2.0,0.7307361797076211,True
UGC07261,7,2.0,0.5,0.7,3702.813097789641,1.9,0.95,0.03728130425013274,0.9627186957498672,0.0,1.9,0.01543090661712357,0.9845690933828765,0.0,0.0,0.95,5261.659557597326,72.53729769985456,37.53979946950457,6.2566332449174284,420.68778947368423,696.8380000000002,420.68778947368435,436.69553970232374,662.7565188412174,-1.0020896860338813,73.4,0.41033057446256593,0.6954907232212652,1.934829384347354,8.0,13.1,3.93,30.0,10.0,1.753,0.048,2.66,39.16,1.2,566.02,1.388,10.1,74.7,3.4,2.0,6.869916093192236,True
UGC07323,10,2.0,0.5,0.7,3702.813097789641,4.65,2.33,0.0111836893593277,0.9888163106406722,0.0,4.65,0.24720578017508613,0.7527942198249138,0.0,0.0,0.58,6441.77397993751,80.26066271803087,49.002214252791305,5.4446904725323675,419.2512068965518,532.8915483870968,514.1898389050871,500.12866071043635,522.7528146968187,-0.05476348630079656,79.5,nan,nan,0.0,8.0,8.0,2.4,47.0,3.0,4.109,0.042,3.26,61.49,2.26,283.68,0.722,7.14,0.0,0.0,1.0,2.088058220997598,True
UGC07399,10,2.0,0.5,0.7,3702.813097789641,0.61,0.61,0.017164622870307882,0.9828353771296922,0.0,0.61,0.017164622870307882,0.9828353771296922,0.0,0.0,0.61,12297.528644245102,110.89422277217646,251.39906411314251,27.933229345904724,848.1417213114754,848.1417213114756,nan,725.0949982347457,461.3674705066809,-0.7565125957963563,100.0,-0.7519639701165376,4.382059144327065,172.82198109942405,8.0,8.43,2.53,55.0,3.0,1.156,0.024,1.27,113.98,1.64,135.78,0.745,7.85,103.0,3.3,1.0,2.1870667935049117,True
UGC07524,31,2.0,0.5,0.7,3702.813097789641,0.35,0.35,0.003107998565025118,0.9968920014349748,0.0,0.35,0.003107998565025118,0.9968920014349748,0.0,0.0,0.35,4265.15825846191,65.30817910845401,26.534444239790442,0.8844814746596814,342.0667142857143,342.0667142857143,nan,204.23560935014737,158.72470668974913,-0.3912179127264377,81.2,-0.016040765140848835,0.8758826678436331,22.247942987037522,9.0,4.74,0.24,46.0,3.0,2.436,0.025,3.61,29.71,3.46,106.86,1.779,12.11,79.5,3.6,1.0,1.2792354142441964,True
UGC07559,7,2.0,0.5,0.7,3702.813097789641,0.72,0.36,0.1490250239633003,0.8509749760366997,0.0,0.72,0.23934323330347942,0.7606567666965205,0.0,0.0,0.36,873.4351170109968,29.55393572793642,3.2976375193663077,0.549606253227718,148.2301388888889,202.68486111111122,148.2301388888889,187.29725987517583,152.44516646717872,-0.28151673784017345,29.7,-0.04939243953590815,0.7465640910322694,2.2294317680753544,10.0,4.97,0.25,61.0,3.0,0.109,0.004,0.98,17.9,0.58,55.06,0.169,3.76,0.0,0.0,2.0,1.30256981148187,True
UGC07577,9,2.0,0.5,0.7,3702.813097789641,1.32,0.75,0.2889105799478677,0.7110894200521323,0.0,1.32,0.4281068038966778,0.5718931961033221,0.0,0.0,0.19,116.0839825785057,10.774227702183842,0.531494184965889,0.06643677312073612,48.202894736842104,112.97113636363633,85.37656590510991,107.93914074638758,nan,0.6190374951009501,14.1,nan,nan,0.0,10.0,2.59,0.13,63.0,3.0,0.045,0.002,0.77,11.94,0.9,54.55,0.044,2.07,0.0,0.0,2.0,0.6192398264466663,True
UGC07603,12,2.0,0.5,0.7,3702.813097789641,0.68,0.34,0.0863877792279451,0.913612220772055,0.0,0.68,0.08851814209304602,0.911481857906954,0.0,0.0,0.34,4729.930908849941,68.77449315589277,91.94868953235718,8.358971775668834,626.5898529411764,632.4542647058823,626.5898529411763,528.0233030560651,377.1365693324359,-0.4730652920970896,61.5,-0.6388599638781731,2.7509249117271497,68.10829082964925,7.0,4.7,1.41,78.0,3.0,0.376,0.008,0.85,81.81,0.53,520.99,0.258,4.37,61.6,2.8,1.0,1.386877644910153,True
UGC07608,8,2.0,0.5,0.7,3702.813097789641,4.78,2.38,0.558936536149826,0.44106346385017403,0.0,4.78,0.814846375510842,0.18515362448915798,0.0,0.0,0.6,6511.635944429696,80.69470828021932,37.63612676376922,5.376589537681317,112.74133333333334,149.36573221757325,129.8529733266647,107.82310395633897,119.38323935887988,0.17956575277814377,61.4,nan,nan,0.0,10.0,8.21,2.46,25.0,10.0,0.264,0.012,1.6,16.48,1.5,46.65,0.535,6.73,0.0,0.0,1.0,2.3344857660024574,True
UGC07690,7,2.0,0.5,0.7,3702.813097789641,0.59,0.59,0.01688090816761919,0.9831190918323809,0.0,0.59,0.01688090816761919,0.9831190918323809,0.0,0.0,0.59,3141.3714915140527,56.04793922629138,45.20498091899443,7.534163486499072,1805.0277966101692,1805.0277966101694,nan,1262.1442483319495,631.3322498523033,-1.1769336190264448,57.9,-1.0061516084748525,2.468754914022468,36.568504953060504,10.0,8.11,2.43,41.0,5.0,0.858,0.018,0.86,184.01,0.57,395.21,0.39,5.5,57.4,3.2,2.0,2.315065941538862,True
UGC07866,7,2.0,0.5,0.7,3702.813097789641,1.0,0.66,0.1192689215040043,0.8807310784959956,0.0,1.0,0.158776566922915,0.8412234330770849,0.0,0.0,0.33,958.4763952563285,30.959269940622445,6.919007464451493,1.1531679107419155,159.47181818181815,176.2483,153.92698554434975,176.2483,159.63882499999997,0.03452741141196632,28.2,0.5809048840462578,0.596996549768616,0.7128097608712634,10.0,4.57,0.23,44.0,5.0,0.124,0.004,0.95,21.92,0.61,97.46,0.118,3.3,0.0,0.0,2.0,1.1148714811342166,True
UGC08286,17,2.0,0.5,0.7,3702.813097789641,2.37,1.42,0.0008806360903928903,0.9991193639096071,0.0,2.37,0.1490614496535663,0.8509385503464336,0.0,0.0,0.47,7416.537465456208,86.11932109263408,725.0533707532472,45.31583567207795,308.6644680851064,367.8713924050633,316.12424750516175,314.93917938399835,358.20442555481,0.07855237699049705,83.5,3.1681826506543707,3.2798950572107666,75.30398110420933,6.0,6.5,0.21,90.0,3.0,1.255,0.018,2.25,39.52,1.05,1488.78,0.642,8.07,82.4,2.3,1.0,1.534933226857389,True
UGC08490,30,2.0,0.5,0.7,3702.813097789641,0.68,0.34,0.0021277167025247267,0.9978722832974752,0.0,0.68,0.06063812332406138,0.9393618766759386,0.0,0.0,0.34,6014.010659749418,77.55005260958511,236.56760001540235,8.157503448806978,1144.6957352941176,1222.5370588235292,1144.6957352941176,1080.9927782928214,624.6005350635448,-0.6231084470876743,77.6,-0.5208147899585329,2.3873856176830404,153.88947236303542,9.0,4.65,0.53,50.0,3.0,1.017,0.012,1.14,124.98,0.67,576.54,0.72,7.8,78.6,3.8,1.0,0.7076991150909644,True
UGC08550,11,2.0,0.5,0.7,3702.813097789641,0.97,0.49,0.07455767950983316,0.9254423204901667,0.0,0.97,0.045036235281509955,0.95496376471849,0.0,0.0,0.49,3554.864201187588,59.622681935548556,197.44512725842966,19.744512725842966,320.15755102040816,384.798969072165,nan,382.5486457056288,269.50278104630524,-0.9362455351473942,57.3,-0.1921111513909825,2.7404609891342315,60.081011463732565,7.0,6.7,2.0,90.0,3.0,0.289,0.009,1.01,45.38,0.45,1284.78,0.288,5.59,56.9,1.9,1.0,1.3702727382944144,True
UGC08699,41,2.0,0.5,0.7,3702.813097789641,4.808869499711949,2.39,0.002564625714653642,0.33943345127629054,0.6580019230090558,5.87,0.01849408308905621,0.49659295138790027,0.48491296552304347,0.980448697417964,0.22,22509.60649891304,150.03201824581657,474.6141207942108,11.86535301985527,81045.62309090908,3702.81309778964,11653.713035490791,42925.71721267896,15292.423903736097,-1.0084515483589394,181.0,0.1255567901112307,1.4076777751136764,21.797123904038894,2.0,39.3,9.82,73.0,9.0,50.302,0.695,1.91,2191.95,3.09,1370.35,3.738,19.05,182.4,6.9,2.0,1.2216085344751608,True
UGC08837,8,2.0,0.5,0.7,3702.813097789641,2.63,1.57,0.02635450608292656,0.9736454939170734,0.0,2.63,0.4578909142598051,0.542109085740195,0.0,0.0,0.52,1669.0424358953196,40.853915796350776,1.9744149854013744,0.28205928362876775,146.3018269230769,233.2546197718631,144.45745957079455,151.04725708236276,198.4784180887157,0.4487211431738977,43.0,nan,nan,0.0,10.0,7.21,0.36,80.0,5.0,0.501,0.015,2.25,15.73,1.72,77.42,0.32,4.75,0.0,0.0,2.0,1.1442820668383191,True
UGC09037,22,2.0,0.5,0.7,3702.813097789641,2.636786722424656,2.43,0.012564302911174987,0.9874356970888251,0.0,2.43,0.012564302911174987,0.9874356970888251,0.0,0.0,2.43,7473.869574307438,86.45154466119988,242.64499204733443,11.55452343082545,3884.285,3702.81309778964,nan,nan,nan,-0.7515206488828695,152.0,-0.6883441673898705,2.6108573323434476,129.51494418717934,6.0,83.6,8.4,65.0,5.0,68.614,1.769,5.69,334.83,4.28,841.07,19.078,39.72,152.3,9.6,2.0,-0.47991072412846547,True
UGC09133,68,2.0,0.5,0.7,3702.813097789641,12.703575209425649,6.31,0.0032319481252321334,0.4025364404985178,0.59423161137625,13.57,0.01860586756548948,0.5857840671782036,0.39561006525630693,0.9855764709828725,0.32,39652.71609055944,199.1298975306306,1532.604651029732,22.87469628402585,80023.24915624999,3702.81309778964,10165.972382624308,75304.26064512039,39505.051319096994,-0.7596218611115245,224.0,-0.5698493559379191,3.6205805003723106,353.9322853112577,2.0,57.1,11.4,53.0,6.0,282.926,2.345,5.92,1284.78,6.97,864.63,33.428,60.35,226.8,4.2,1.0,0.04072147678752418,True
UGC09992,5,2.0,0.5,0.7,3702.813097789641,0.78,0.78,0.1652585203627244,0.8347414796372756,0.0,0.78,0.1652585203627244,0.8347414796372756,0.0,0.0,0.78,857.447925855902,29.282211765095578,7.472757393007076,1.868189348251769,316.76942307692303,316.76942307692315,nan,289.5460455263468,218.32752611356415,-0.5715921366583254,33.0,0.07983691081899204,0.4974896803637059,0.7424879462051468,10.0,10.7,3.21,30.0,10.0,0.336,0.017,1.62,20.18,1.04,73.25,0.318,5.45,33.6,3.3,2.0,0.11802809386490852,True
UGC10310,7,2.0,0.5,0.7,3702.813097789641,2.21,1.1,0.04994299721762643,0.9500570027823736,0.0,2.21,0.06288540030884701,0.9371145996911531,0.0,0.0,1.1,4735.604596016735,68.81572927766395,33.488836111834374,5.581472685305729,216.65609090909092,304.94384615384615,217.1380173751233,nan,290.38577505273537,-0.16529870841769667,70.9,0.6351789949123064,1.0346482012877973,4.281987601712297,9.0,15.2,4.6,34.0,6.0,1.741,0.053,3.12,28.37,1.8,158.79,1.196,9.58,71.4,3.9,1.0,0.27883741015528984,True
UGC11455,36,2.0,0.5,0.7,3702.813097789641,14.552968102014495,7.38,0.00017532969276449087,0.9998246703072355,0.0,14.56,0.01022998331469797,0.989770016685302,0.0,0.0,0.62,41062.02894633695,202.63767898971048,510.3204696028812,14.580584845796606,4089.3425806451614,3702.81309778964,5072.291448681367,4808.818146815252,5272.941138488402,-0.13535231061457043,272.0,-0.6773951344208969,1.69132665751707,20.024101036995045,6.0,78.6,11.8,90.0,1.0,374.322,3.792,10.06,571.26,5.93,9568.2,13.335,43.44,269.4,7.4,1.0,0.42327892115258825,True
UGC11557,12,2.0,0.5,0.7,3702.813097789641,0.99,0.33,0.012003403858445132,0.9879965961415548,0.0,0.99,0.005160923771678195,0.9948390762283218,0.0,0.0,0.33,1310.8174379600632,36.2052128561629,15.876273980011447,1.4432976345464952,738.1996969696971,1136.7669696969697,865.7124075123901,1134.8611008436276,1051.8447818339082,-0.11173161930118297,81.6,0.07438715766750466,0.8809776128317753,6.985093988796962,8.0,24.2,6.05,30.0,10.0,12.101,0.212,4.18,106.86,2.75,337.93,2.605,16.66,0.0,0.0,2.0,-0.8867702915057358,True
UGC11820,10,2.0,0.5,0.7,3702.813097789641,1.01,0.44,0.017078745321331034,0.9829212546786689,0.0,1.01,0.03352543645973668,0.9664745635402633,0.0,0.0,0.26,4513.342465919723,67.18141458706955,161.30126473327877,17.922362748142085,141.29288461538462,306.2075742574256,243.69390246684753,305.8177360272661,210.12995232668575,-0.3101361588623935,76.95,0.20638122451351207,5.155959286870563,132.91958083933406,9.0,18.1,5.43,45.0,10.0,0.97,0.047,2.74,20.18,2.08,34.11,1.977,12.99,0.0,0.0,1.0,-0.5174201321905499,True
UGC11914,65,2.0,0.5,0.7,3702.813097789641,9.83,4.91,0.0018687107890425739,0.577904438678957,0.4202268505320004,9.83,0.023240290238040053,0.6677226776709646,0.30903703209099537,0.9724360634892317,0.28,133177.15138345194,364.9344480635556,7137.2470389153295,111.51948498305202,115065.74899999998,3755.2917060020336,11014.51819035379,50315.47633526418,29103.524091045372,-0.7042600204807214,288.0,nan,nan,0.0,2.0,16.9,5.1,31.0,5.0,150.028,0.553,3.12,2425.66,2.44,3168.33,0.888,9.26,288.1,10.5,1.0,-0.6344239491850219,True
UGC12506,31,2.0,0.5,0.7,3702.813097789641,4.1,2.46,0.1390967802841307,0.8609032197158694,0.0,4.1,0.1478246826316068,0.8521753173683931,0.0,0.0,0.82,43051.379418371165,207.4882633267992,40.72027440344516,1.3573424801148386,732.4139024390246,1655.9206951219514,1333.183888625935,833.8664185927581,1311.8369619326088,-0.07197739506453125,230.0,0.06350205877981256,0.5518714272564816,7.918613877774759,6.0,100.6,10.1,86.0,4.0,139.571,3.214,12.36,144.82,7.38,5608.28,35.556,59.01,234.0,16.8,2.0,-0.4950944721515106,True
UGC12632,15,2.0,0.5,0.7,3702.813097789641,2.85,1.42,0.031580412033921805,0.9684195879660782,0.0,2.85,0.2456101661027508,0.7543898338972492,0.0,0.0,0.71,4500.378351808616,67.08485933359789,86.11639955297352,6.151171396640966,143.19253521126763,163.5597192982456,145.1225937962165,144.0838064089419,157.22830360920017,-0.08904094701939239,73.0,1.082673826410401,1.1120979613403674,8.65733312932181,9.0,9.77,2.93,46.0,3.0,1.301,0.03,3.94,13.09,2.42,66.81,1.744,12.6,71.7,2.8,1.0,-0.601053965788862,True
UGC12732,16,2.0,0.5,0.7,3702.813097789641,1.92,0.96,0.015089773582003,0.984910226417997,0.0,1.92,0.10236436978780976,0.8976356302121903,0.0,0.0,0.96,5992.261979692748,77.40970210311333,66.42427549520234,4.4282850330134895,226.15343750000002,266.7025,226.1534375000001,228.36071212425202,258.2121027122967,-0.5469600578361881,90.8,0.12363051360388991,1.2322956722801532,19.74118411096513,9.0,13.2,4.0,39.0,6.0,1.667,0.048,3.12,26.84,1.98,120.46,3.66,17.41,0.0,0.0,1.0,-0.669716685950806,True
UGCA281,7,2.0,0.5,0.7,3702.813097789641,0.41,0.25,0.23042774299866917,0.7695722570013309,0.0,0.41,0.24438306333376755,0.7556169366662325,0.0,0.0,0.09,1014.3334823530448,31.848602518054772,33.89990173709963,5.6499836228499385,113.02,410.0729268292683,269.9669557942467,241.00677996941795,nan,-0.15560113488580193,27.5,1.9987017697341347,2.3269770443269153,10.829644329648854,11.0,5.68,0.28,67.0,3.0,0.194,0.007,1.57,12.5,1.72,12.05,0.062,1.83,0.0,0.0,3.0,1.233802119185476,True
UGCA442,8,2.0,0.5,0.7,3702.813097789641,2.11,1.26,0.7489082552730794,0.25109174472692064,0.0,2.11,0.8067707544360925,0.19322924556390741,0.0,0.0,0.42,3035.9018906994925,55.09901896313121,93.46341448266575,13.351916354666537,83.66928571428572,226.82582938388626,161.23706162545804,155.2042147344978,221.8214475331539,-0.3309559279455927,56.4,0.423463175642876,1.4851249458384461,6.616788314254943,9.0,4.35,0.22,64.0,7.0,0.14,0.005,1.71,7.6,1.18,116.1,0.263,4.37,56.4,2.1,1.0,0.07797459840126714,True
UGCA444,36,2.0,0.5,0.7,3702.813097789641,1.11,0.55,0.8819927681479398,0.11800723185206013,0.0,1.11,0.948415960211335,0.05158403978866493,0.0,0.0,0.12,1661.615991184231,40.762924222683424,48.97415426583857,1.3992615504525305,23.79666666666667,192.07788288288285,92.68007880273287,188.73815280687734,129.33878077917726,1.7444120243158099,37.2,0.8851727523514431,0.9415299853702671,5.318872280108012,10.0,0.98,0.05,78.0,4.0,0.012,0.0,0.41,11.94,0.83,22.74,0.067,2.08,37.0,4.8,2.0,0.2078291015499997,True
